ID,RA,Dec,z,SNR,f_X_erg_cm2_s,f_X_Error,L_X_erg_s,L_X_Error,T_X_keV,T_X_Error,log_M200_Msun,log_M200_Error,R500_kpc,R200_kpc,Aperture_kpc,L_X_300kpc_erg_s,L_X_300kpc_Error,SNR_R500,Aperture_R200_kpc,f_X_R200_erg_cm2_s,f_X_R200_Error,L_X_R200_erg_s,L_X_R200_Error,SNR_R200,Flag_Contaminated,Flag_FalsePositive,Catalog
1,149.91863,2.5172178,0.7110000252723694,28.240676051602744,4.4715809908918096e-14,1.1478076139307261e-15,1.4035452676607702e+44,3.602752467189852e+42,3.9218595039987085,0.039948409289987115,14.696828244772751,0.27664662068481827,840.9750245433203,1276.8477425755555,656.7934219178247,5.283249407382123e+43,1.8707942393901304e+42,38.957582582839386,997.2058308980727,5.389501516291414e-14,1.5113706896952767e-15,1.6916632760648526e+44,4.743908661218129e+42,35.65969323765335,False,False,CW-All
2,149.91862,2.6022178,0.2399999946355819,9.364604343589953,2.5531734729821185e-15,2.681858134708002e-16,5.2834908172487476e+41,5.549788519204475e+40,0.6778079257692394,0.02825280547338707,13.072742394622038,0.35357721016809274,291.9251027289414,443.2282737801866,300.0,5.186083028967147e+41,5.537962778445636e+40,9.5201660368963,441.1465012412735,4.564719083711426e-15,4.313743848490661e-16,9.446146772761159e+41,8.926783178913007e+40,10.58180375107015,False,False,CW-All
7,149.9937,2.5872259,1.5669999718666077,3.509905872409102,7.44120558675955e-16,2.1551754729780437e-16,1.9939926577522796e+43,5.775144926693824e+42,1.749100534506956,0.20102661701400348,13.680260815940894,0.18034894554342376,278.25344718106936,422.4706745482112,300.0,2.034161534626877e+43,5.795487424939647e+42,3.452714491260062,424.6078553915759,1.087315201142157e-15,2.9853127597185855e-16,2.913638794764242e+43,7.999633466067555e+42,3.642215367895504,False,False,CW-All
9,149.70859,1.9471751,0.11613,2.9853788398339773,1.3071150991767113e-16,1.1972042424198375e-16,5.189102069797469e+39,4.752768150428367e+39,0.14992987055730098,0.05449316602844308,11.600452584545357,0.8586886193358242,98.64714582965014,149.77541756666292,158.91297344347626,3.4164085552118017e+40,1.1443802406671425e+40,1.091806270695063,241.27669132321506,6.656916298625137e-16,2.548974950706487e-16,2.642721988707914e+40,1.0119148038993593e+40,2.6116052245943298,False,False,CW-All
10,150.16885,1.78223,0.16701,16.860143167598856,6.758759567018047e-15,4.0002310257417375e-16,6.0451206110996875e+41,3.5778575614490787e+40,0.7181810506044504,0.016867529476218977,13.148041601286288,0.33616320993586285,317.7504003520786,482.43868075909927,300.0,6.0323317543467294e+41,3.5778650835773573e+40,16.895923069255264,482.18025675783355,1.0492760063540953e-14,6.586348916027502e-16,9.384858197496185e+41,5.890914329674604e+40,15.931072278918327,False,False,CW-All
11,150.31398,2.2772178,2.615000009536743,2.362660848702942,2.2199518877768144e-16,1.1653009510128114e-16,2.457896769949533e+43,1.2902033865165744e+43,1.6016798314799727,0.3336335409529423,13.385915294592943,0.23514738713423572,161.67248257609532,245.46643882316562,198.18837090523309,5.497142572767719e+43,2.3266744254832643e+43,1.9050459761895522,300.908310722417,6.352476187011227e-16,2.235366867916767e-16,7.033364455872373e+43,2.4749640001464767e+43,2.841804751687748,True,False,CW-All
12,150.11882,2.557231,0.4659999907016754,5.387863762308682,1.1643761428693298e-15,2.1289164015543638e-16,1.2217939428990577e+42,2.233897680132634e+41,0.8564228343810959,0.06213738991398678,13.247450160515413,0.29391277852410325,305.48544474896926,463.816866296626,300.0,1.2015732939227813e+42,2.2301478785126345e+41,5.469337086318635,461.8626776768064,2.629879965420857e-15,3.812992623973554e-16,2.7595647952599618e+42,4.001019190250179e+41,6.897154609966791,False,False,CW-All
15,150.07879,2.3922305,0.2199999988079071,14.307078986592172,6.3424148634455066e-15,3.938219537240236e-16,1.0701040476543311e+42,6.6446373472685915e+40,0.8594099323346228,0.021176057323071172,13.313971357413191,0.28736624426419316,353.9462793386633,537.3946842381039,330.73215362082726,8.184264058406808e+41,5.72042977191687e+40,16.104777307285527,502.14880516484584,1.3074347700893273e-14,6.688539573588233e-16,2.2059282933071094e+42,1.128502853360286e+41,19.54738782218076,False,False,CW-All
17,150.12383,2.352231,0.209999993443489,10.956616622017222,3.78363868656373e-15,3.40634624715359e-16,5.7280701149979706e+41,5.156885145758043e+40,0.7000380904188365,0.025009226752975296,13.112228145687464,0.3440615667398086,304.3022981967203,462.0205014102901,299.99999999999994,5.6430680340722945e+41,5.150374635480628e+40,11.107616231689343,460.2761886217578,7.675831613479752e-15,5.286554579962908e-16,1.1620481054141333e+42,8.003342234639435e+40,14.519535355924782,False,False,CW-All
21,150.05377,2.2072297,0.1829999983310699,8.467301131940832,2.441576884360561e-15,2.8911556638841887e-16,2.6904319444090083e+41,3.1858335505212657e+40,0.5477397078874116,0.025737997584523945,12.874527641374666,0.41484118756886745,256.0882662162135,388.81740250945643,266.9577365945034,3.1708600667904077e+41,3.7448296893907667e+40,8.44498590947666,405.3204594498785,4.030093232258653e-15,4.570269127673873e-16,4.4408560879109446e+41,5.036088822105782e+40,8.818065456705055,False,False,CW-All
22,150.2089,2.3922281,2.753999948501587,4.400276727674309,8.452023974478997e-16,2.0209045989297328e-16,1.0804023158962264e+44,2.583274746358735e+43,2.5686252595120953,0.24371670627233957,13.83253762557095,0.19725809476166734,219.68865705910193,333.55207663592165,236.968455264838,1.4573284954629025e+44,3.3119019226619157e+43,4.182297362752884,359.7878989698092,1.68371033849341e-15,3.2925697475659036e-16,2.152247265861349e+44,4.2088143517592613e+43,5.113666429505786,False,False,CW-All
23,150.03875,2.4472289,3.619999885559082,2.704634978647413,2.7754716216844665e-16,1.3885386995616923e-16,7.571324105952083e+43,3.7878522864010715e+43,2.065997623139051,0.410157326816221,13.484537855108526,0.2260180880114544,137.50986144413554,208.78046439270616,176.6864778781341,2.0393226562922573e+44,7.540103091146598e+43,1.998843548660599,268.26210510214764,4.672267236354915e-16,2.270320453259362e-16,1.2745671503063117e+44,6.19330129038259e+43,2.0579769827855023,True,False,CW-All
26,150.25394,2.3422246,0.5979999899864197,2.140018243521345,1.2590187803808105e-16,8.067742921292649e-17,2.508863566054328e+41,1.6076699244630539e+41,0.4937816086720382,0.1255608398704743,12.664141005755862,0.49125629414969224,185.03450650192124,280.9368709300948,225.89219251614068,5.520281350679775e+41,2.579548733938032e+41,1.5605588733596942,342.97087031366334,4.499199817535334e-16,1.6105244872909033e-16,8.965615663968475e+41,3.2093136904441834e+41,2.793623973456953,False,False,CW-All
32,150.38908,2.497206,0.5411,4.401920176908058,1.0060704666284723e-15,2.213963593258389e-16,1.547217062011401e+42,3.404813439798976e+41,0.912267044081896,0.07966425882795228,13.290392028024513,0.28063335007763285,306.25187420937056,464.9805319202136,300.0,1.490366308631417e+42,3.3857186153663098e+41,4.544205106588015,460.5973552208823,2.8219543150297227e-15,3.6746596380058454e-16,4.339831064778737e+42,5.651190724304262e+41,7.679498492440334,False,False,CW-All
34,149.81866,1.9072012,1.3299999833106997,2.554817761327978,2.877305591731124e-16,1.2775127398220079e-16,4.908218358993803e+42,2.1792302845629738e+42,1.146496752078027,0.20200007840909018,13.3147845631449,0.2606567233788685,228.67983579338735,347.2033337302687,251.04661256794265,7.097536692473101e+42,2.7780990096075765e+42,2.2522715445734107,381.1626875752783,3.702237517652222e-16,1.9820845483487357e-16,6.315418913346464e+42,3.381115929166938e+42,1.8678504510498992,False,False,CW-All
35,150.08379,2.5322306,0.8859999775886536,8.964898745086005,2.727604267604168e-15,3.1055941323786757e-16,1.540176868342139e+43,1.7536137122083603e+42,1.8219151079432714,0.08231726502139798,13.887339540134198,0.1563137760895524,420.9326414995529,639.0997085400171,395.05670800673784,1.198573879658044e+43,1.3369630976758401e+42,8.782874230622681,599.812421399382,4.712128043850782e-15,5.994888492791253e-16,2.660763769877809e+43,3.385090973258253e+42,7.860243021228888,False,False,CW-All
36,150.02375,2.2022281,0.9399999976158142,5.269975217523563,1.7285158810708336e-15,3.1222479638160103e-16,1.1447877350530585e+43,2.067849774429976e+42,1.6339437401116625,0.11711986821844549,13.764866903327356,0.16826993413312574,375.00326240714224,569.3653855214617,355.4554098179846,9.264629584050398e+42,1.758002495579852e+42,5.536126217721164,539.6859887234181,2.7569599591954547e-15,4.411994663044054e-16,1.8259212899820622e+43,2.922042795605305e+42,6.248783531604028,False,False,CW-All
37,149.8686,2.4472103,0.3580000102519989,7.190160220243512,1.9252289030942013e-15,2.6167337858568535e-16,1.0445732376103094e+42,1.419763685379822e+41,0.8305849664561993,0.04479821339145096,13.24521268644389,0.2991858322850113,318.4012729583363,483.4268970482282,300.0,1.0174623868110709e+42,1.4150760979518367e+41,7.357373965589634,480.2212962356172,4.3813920455135354e-15,4.4338765983525766e-16,2.3772159595498205e+42,2.4056925522269275e+41,9.881628295973458,False,False,CW-All
41,150.44411,2.4171948,0.1550000011920929,39.27592348778603,3.378714112432883e-14,7.992276073613909e-16,2.5521725540643165e+42,6.037109669777522e+40,1.159522129509561,0.010884225529324162,13.627760467768754,0.21305589505312625,461.18210736797437,700.2102506299843,334.2492675123111,2.060916280525026e+42,5.247276441929943e+40,42.27474228008133,663.3419975226093,6.840241788666214e-14,1.4972004585221214e-15,5.1668998249831963e+42,1.130937330303223e+41,45.68688013506342,False,False,CW-All
43,149.85364,2.1322078,1.462000012397766,2.619975263438628,6.866947044749849e-16,2.3844492646143783e-16,1.519745423614097e+43,5.277098882695268e+42,1.6280443992214142,0.22433141288152877,13.632827249827741,0.19487413210181104,278.3444545997893,422.60885061023305,299.99999999999994,1.3627012777455222e+43,5.201199021845052e+42,2.879888092674681,411.1061108162351,1.0936955207604678e-15,3.1283465513856095e-16,2.4204915978983005e+43,6.923441121600222e+42,3.4960817249484317,False,False,CW-All
44,149.95369,2.3472221,0.9300000071525574,6.449694062531226,1.7189111368421341e-15,2.2978275756407075e-16,1.1060232543766629e+43,1.4785236297180272e+42,1.6185915620505351,0.0858619490860846,13.75806649282642,0.16423013469873016,374.5368160893287,568.6571826491393,342.48443782377393,7.76591141730046e+42,1.2040743858558584e+42,7.480592343239012,519.992233467354,2.2626753964426936e-15,3.464841835606839e-16,1.4559051669006617e+43,2.2294320868491976e+42,6.530385812102746,False,False,CW-All
48,149.94867,2.4822215,0.7110000252723694,7.956022246266446,2.5720916202887444e-15,3.3021703086953333e-16,8.073312389956744e+42,1.0364892236593234e+42,1.5234849500955816,0.07761589347347853,13.755535672703175,0.16999507529218771,408.33716339174237,619.9760635811776,389.56586270081584,6.702998026481565e+42,8.425061945530768e+41,7.789094382914979,591.4757012482629,3.896212642730335e-15,5.335299208651669e-16,1.2229479523334293e+43,1.6746501899686786e+42,7.3027069155039595,False,False,CW-All
50,150.05877,2.4422299,3.6700000762939458,2.8270414671067114,2.499878498069416e-16,1.6632084701964147e-16,7.083582003304508e+43,4.712818481508376e+43,2.0103944559937554,0.5307726352686412,13.45051559716218,0.26746061358474466,132.56151540995805,201.26741789450216,187.9729613346261,2.8168933779451753e+44,9.964103500852e+43,1.503045795440301,285.398310699768,1.061953990728569e-15,3.479736658843849e-16,3.0091215164543617e+44,9.860079196593338e+43,3.051822867197674,True,False,CW-All
55,150.36405,2.4672103,2.509999990463257,2.261706406952545,5.600791815061568e-16,2.376748017225515e-16,5.534605549585672e+43,2.3486612608468254e+43,2.125046558899806,0.35785049247622536,13.6857053287944,0.20993715608755026,209.30495824936853,317.78656398946424,221.93075088811034,6.976409978283812e+43,3.084578067621042e+43,2.3564937361763847,336.95623533346026,1.2477821319722143e-15,3.9385902953635975e-16,1.233036709865879e+44,3.8920467723230337e+43,3.1680932475791397,False,False,CW-All
58,150.18385,1.7772294,0.4730000048875808,16.146761801334332,9.072811927303943e-15,4.9031698517934e-16,9.887695466552345e+42,5.3435528812642616e+41,1.7091385606638707,0.03665318859234095,13.933456978626324,0.15516467035767104,515.741301114081,783.0471736519117,446.5486655704452,5.595128173700547e+42,3.4651704425578244e+41,18.503972331257174,677.9923766385036,1.2929895151353748e-14,7.124034459189917e-16,1.409120641929016e+43,7.763886630748965e+41,18.14968080997186,False,False,CW-All
62,150.32399,2.2772165,0.9869999885559082,4.1455886231202195,7.326295910758753e-16,1.7697274987476963e-16,5.536696740030928e+42,1.3374349865762759e+42,1.272856998558269,0.12201157049312807,13.504114698476268,0.2094642183563366,301.3298274428352,457.5074154550549,300.0,5.554119287802267e+42,1.3397661448669992e+42,4.139787575173593,457.87122139935235,1.1262816768217006e-15,2.7126242186197354e-16,8.511641031667602e+42,2.0500096980938597e+42,4.152000373257695,False,False,CW-All
64,149.95869,2.3322226,1.4609999656677246,3.3229159760340026,2.608272296268903e-16,1.2756489321260377e-16,5.761575694963004e+42,2.817860655559852e+42,1.1810344975183753,0.22921354810269715,13.313520307539475,0.2641073255335364,217.92191975877444,330.8696491347337,264.6050832857007,1.2408864736263811e+43,3.734329975768498e+42,2.0446630970182933,401.7484389038,1.3670607741104546e-15,2.6630460302358145e-16,3.0197859866545453e+43,5.882568819337927e+42,5.133447783436926,False,False,CW-All
66,150.37898,1.9972078,0.5540000200271606,2.9764375748993177,2.519375488458894e-16,1.2169767868327118e-16,4.117459035302597e+41,1.9889262595640387e+41,0.5869817299948004,0.11251578066824293,12.848006510840285,0.42413643472509416,216.9378897880148,329.37560185613177,254.98259875069488,7.798325333026205e+41,2.620019784318841e+41,2.0701919015364196,387.1386736932785,1.2693751267329056e-15,2.488865737349734e-16,2.0745617748118602e+42,4.067596420164554e+41,5.100215361896534,False,False,CW-All
67,149.91365,2.3572172,2.802500009536743,2.7068299134740887,2.890970819150177e-16,1.338838970991819e-16,3.8788439157776327e+43,1.796333384770784e+43,1.8185601398897855,0.3342040929324426,13.48073189023991,0.21527237400732957,165.64570639459464,251.49896263819,200.06531080209393,8.180499327391985e+43,3.022169692551055e+43,2.1593118229958086,303.75805821825764,6.751827307683327e-16,2.3169813477790005e-16,9.058992951193913e+43,3.1087166097528074e+43,2.9140620031988855,False,False,CW-All
69,149.96371,2.2022231,0.4250000119209289,2.325444788633388,3.65158071953818e-16,1.2960694497722303e-16,3.0364996731929447e+41,1.0777563918035108e+41,0.5445179816662633,0.0766935875883178,12.807434981391491,0.4310183639802193,221.55423620885213,336.38457517206797,225.1974028797337,3.2386987095742464e+41,1.3927222548584169e+41,2.817426736028617,341.9159750398199,5.361850237975056e-16,2.020460797096154e-16,4.458687277048577e+41,1.680129516856893e+41,2.653775933530219,False,False,CW-All
70,150.21891,2.3972274,0.9049999713897704,4.855614067942998,9.24288114976559e-16,1.8880252012512618e-16,5.5259328963020415e+42,1.1287714728330379e+42,1.2926781068545612,0.10478286552272373,13.540753230078284,0.2022876175678648,320.1726283686869,486.11633620039976,300.0,5.47509958785195e+42,1.1275812927552923e+42,4.895528483221518,484.9810610451151,1.7654570065227503e-15,3.3846044802437487e-16,1.0554930644757246e+43,2.023513765383052e+42,5.216139778895546,False,False,CW-All
71,149.97871,2.3172246,0.8420000076293945,6.797185116529916,1.8224513311186628e-15,2.6324284685751174e-16,8.975013736731347e+42,1.2963902663958715e+42,1.53696074497949,0.08809735597100789,13.729576046172378,0.1703870886423843,379.57638341898087,576.3087299372627,362.95496621921694,7.519201462242453e+42,1.1062228456830876e+42,6.923080162953565,551.0725238543889,3.5333436173906667e-15,4.235301660771806e-16,1.740063340029378e+43,2.085756142595889e+42,8.342602016090584,False,False,CW-All
72,150.1939,2.5622289,1.3109999895095823,2.9593863721606826,2.728509440099929e-16,1.2369333161125354e-16,4.474055824675402e+42,2.0282534582272392e+42,1.1157191117360692,0.20071284093557631,13.292247273309792,0.26746567299540935,226.33112001829628,343.63729151991276,260.37545741572785,7.784631372861418e+42,2.630488349237672e+42,2.2058662375391065,395.3266212678402,9.473661904939602e-16,2.380192979985215e-16,1.5534376243627053e+43,3.902906147014957e+42,3.980207480907052,False,False,CW-All
73,150.304,2.5172191,0.5550000071525574,2.047814195433572,2.3647570244915395e-16,1.0291149495244531e-16,3.882820167990035e+41,1.6897584994182516e+41,0.5755718010725899,0.09939769892424835,12.828198802640395,0.42380373887983935,213.57769718630996,324.2738399572743,230.97979328954258,5.29183294303218e+41,2.5841372497722e+41,2.2978550895449312,350.6953465145726,5.266945752885323e-16,1.949285904179936e-16,8.648077997531183e+41,3.200636066851707e+41,2.7019872978054114,False,False,CW-All
75,150.22892,2.4722267,0.3700000047683716,9.017480545563588,2.0790583694493382e-15,2.286109133770845e-16,1.2237254400582302e+42,1.3455946917381808e+41,0.8732400517050714,0.03810336951421886,13.291961298368088,0.28479207025252057,328.4733123698247,498.71921894883974,300.0,1.2141057728795336e+42,1.3463913415115137e+41,9.09430936055102,497.7244280875742,3.0524519269020034e-15,3.8746394862123484e-16,1.796660994416477e+42,2.2805973030896865e+41,7.878028234017524,False,False,CW-All
78,150.36405,2.4672103,0.1180000007152557,11.278970984663967,4.606090758080706e-15,3.9849512349700043e-16,1.8940654701973972e+41,1.638647376050012e+40,0.4932503834442509,0.016933916380927456,12.78549109525271,0.44453643181323654,244.801106354636,371.6801699297244,265.3614458891084,1.8397260180563332e+41,1.6311115797334802e+40,11.558712984138628,368.952966367676,1.1385951482668533e-14,6.685490718926461e-16,4.682004476536078e+41,2.749133221013686e+40,17.0308388140233,False,False,CW-All
80,150.364,2.1872103,3.6500000953674316,2.2772259682722518,2.390820299552414e-16,1.573290661279359e-16,6.672810549064901e+43,4.3910746965364086e+43,1.9751353212147733,0.5157726927003397,13.435638508258561,0.2650989315335393,131.60825901180903,199.82009396150755,173.07508643236648,1.9700283813154014e+44,8.651000861412433e+43,1.5196303889633855,262.77894938347555,4.481454736695102e-16,2.5521406784896605e-16,1.250779845217738e+44,7.123057824677012e+43,1.7559591344107237,False,False,CW-All
81,149.92866,2.4022191,0.8799999952316284,2.3911464221030987,1.3308952088787128e-16,9.903550120048562e-17,7.378967140317239e+41,5.490888420125264e+41,0.666958873415697,0.19694527063432965,12.88853628280356,0.4328760049401788,196.0297697505281,297.6309184918895,248.59248138286262,1.8869750920656728e+42,7.891507916968175e+41,1.34385669052603,377.43659372920325,8.841675019540994e-16,2.1673447590435638e-16,4.90214623956186e+42,1.2016547698143151e+42,4.079496343462575,False,False,CW-All
82,150.44912,2.4571937,2.8949999809265137,2.044169734972386,1.1492116943590055e-18,4.565136631594908e-17,1.6872564667181535e+41,6.70246947618009e+42,0.29701238173062405,4.681960626296837,11.661808342010387,13.107769289938178,40.06985531692447,60.83784038001311,180.8995697233657,6.525457734484076e+43,3.192228914675829e+43,0.025173653870629253,274.65881921951234,3.413027024784383e-16,1.8866283836133282e-16,5.010958335107498e+43,2.7699212914128144e+43,1.809061633138186,True,True,CW-All
83,150.0938,2.4822308,0.248999997973442,2.132704362722025,1.201515045024168e-16,9.255005877036443e-17,2.712287302444152e+40,2.0892151977861442e+40,0.2531427601771715,0.07737710126997042,12.09005341473715,0.6920302087313115,136.84618660319418,207.77281054124924,184.3871884654135,8.814256026132603e+40,4.132901015348767e+40,1.2982326116133238,279.95405152461694,3.333476446646162e-16,1.663188907914322e-16,7.524954328851683e+40,3.7544649775161444e+40,2.00426808451147,False,False,CW-All
86,150.0888,2.1922307,0.6809999942779541,5.833299444299449,1.1062439159173063e-15,1.8986582364072e-16,3.098709763308892e+42,5.318348629708194e+41,1.116240089565262,0.07602439586894512,13.453909117991644,0.2287232162950592,327.9367815905048,497.90460722506236,299.99999999999994,3.108130148277394e+42,5.328254066083977e+41,5.826450988939609,498.28713403348684,1.989207556217331e-15,3.358287079935261e-16,5.571987142263509e+42,9.406928085982256e+41,5.923280258266896,False,False,CW-All
88,149.89363,2.3872143,0.7239999771118164,2.3724244381710236,1.1950637062664601e-16,9.624044299861378e-17,3.935394239523603e+41,3.1692376146974776e+41,0.5587835379124534,0.17857046045885158,12.753610950889595,0.4862738686969941,188.25391340131992,285.8248786734421,246.25574419292343,1.137693373246304e+42,4.7954883407093364e+41,1.241747927411009,373.8887385386327,3.995745941395703e-16,1.8398328936995492e-16,1.3158156739187541e+42,6.058645855936369e+41,2.17179829487722,False,False,CW-All
97,150.05377,2.2972297,0.7289999723434448,3.5499687678279668,5.408914676674705e-16,1.5272794869093056e-16,1.8139631940234656e+42,5.1219679766583574e+41,0.9258809206816492,0.10374399838971703,13.254981090106686,0.28306300800110756,276.0471433160293,419.12085555561754,300.0,1.822975759458992e+42,5.135188162723955e+41,3.541535601725726,419.64672193696185,5.977836003278081e-16,2.1013521724058131e-16,2.0047597601449305e+42,7.047209516658158e+41,2.8447568578826687,False,False,CW-All
99,149.95365,2.6522221,3.2020000219345093,2.5831007193227697,4.23792494326306e-16,1.8843037274684668e-16,8.228583530094427e+43,3.658665697274977e+43,2.2235551122362556,0.39232411510834103,13.61794453948997,0.21749762462539984,167.09533890943317,253.69993169210554,196.65842341673212,1.5666150921502888e+44,6.064862591037562e+43,2.249066794001754,298.58539988685175,7.522116992772135e-16,3.0762191605109154e-16,1.4605347859348845e+44,5.972952956465274e+43,2.4452474288349535,False,False,CW-All
100,150.2239,2.1472271,0.9100000262260436,2.230257083780047,8.49863316013175e-17,9.206548621713055e-17,5.1569778600885206e+41,5.586541566793157e+41,0.5888417356479372,0.2531312775135432,12.75668830223673,0.5304867032231985,175.05012073965293,265.7776330817666,245.09720700969797,1.9505891806218336e+42,8.746028405459849e+41,0.923107399887974,372.1297379215876,1.4655777576502965e-16,1.5135506061007474e-16,8.893138350642247e+41,9.184238004766536e+41,0.9683044304847925,False,False,CW-All
105,150.08879,2.5372307,0.2430000007152557,7.253129485966135,2.70942920165633e-15,3.6937061859997627e-16,5.77358192796935e+41,7.870999275301179e+40,0.697623920780793,0.03774030124532482,13.100686323143252,0.3466902022688463,297.9167137838454,452.32530380673165,300.0,5.701920207067581e+41,7.861324160970871e+40,7.335259127880467,450.89826231455424,3.87827627269855e-15,5.080468214875309e-16,8.264303708705975e+41,1.0826080804434832e+41,7.633698526728672,False,False,CW-All
110,150.44411,2.4121948,2.5999999046325684,8.895516134713152,6.3688086008626775e-15,5.554031443040709e-16,6.939789285563592e+44,6.051965181506052e+43,4.850920275954543,0.16787024838751113,14.491613034375272,0.33518786027416314,379.2520107255669,575.8162366654635,341.2132284682959,4.569990815895251e+44,5.137409394449507e+43,11.46700134159827,518.0621633124591,1.993579393264e-14,9.656542195934661e-16,2.172309105257123e+45,1.052227696995993e+44,20.644857681078467,False,False,CW-All
111,150.17386,2.0622299,0.1650000065565109,4.9091626462811595,3.320791239270129e-16,1.4315785270002363e-16,2.889610045676677e+40,1.2456982070646818e+40,0.2624917757700427,0.04490438585539295,12.14656505626747,0.6484636033529586,147.4267333050983,223.83719625695795,212.82228802130783,1.2332192280128478e+41,2.512076532944063e+40,2.319671032107889,323.12690638742464,1.791899039098647e-15,3.2341990837580383e-16,1.559233655818688e+41,2.8142612675043013e+40,5.54047228600571,False,False,CW-All
114,149.95368,2.4272221,3.6700000762939458,3.3402553330497864,3.1027642201535e-16,1.5701073451876894e-16,8.791901209338765e+43,4.449009878766877e+43,2.159487887802239,0.43364146437334933,13.521732471207411,0.22967688129672123,140.0091497430555,212.5751200357253,188.88154331318142,2.871095503846405e+44,8.595437227324117e+43,1.976147828149035,286.77780570783096,9.570808120980135e-16,2.918463317155542e-16,2.71195596966861e+44,8.269671604709056e+43,3.2793998350845297,True,False,CW-All
118,150.10881,2.377231,2.48799991607666,5.798722871623147,1.5055505196932006e-15,2.58854913453999e-16,1.4518581762378377e+44,2.496233886818428e+43,2.9332321010239126,0.2001275912875183,14.01045974623272,0.21408978105796186,270.16539193294875,410.1906248630291,300.0,1.4483651556125468e+44,2.4977312895919237e+43,5.816194483635913,409.9407205010547,3.1513288325361047e-15,4.0572566872044945e-16,3.038943211592746e+44,3.91256302419786e+43,7.767141878093528,True,False,CW-All
121,150.09881,2.1722309,1.77400004863739,6.320449243822179,1.901447343386015e-15,2.9856672214510685e-16,7.179603549455382e+43,1.1273468631768968e+43,2.5826235816996217,0.16092283262679813,14.02282489866362,0.18900687957169782,337.6075680305496,512.5877089516647,330.1056403742342,6.569411069434388e+43,1.0393898939787473e+43,6.368584314168442,501.19757355717655,2.807595634466569e-15,4.448816355912657e-16,1.0601094820094334e+44,1.6798118449552744e+43,6.310882288353307,True,False,CW-All
122,150.25394,2.3522246,0.7554999887943268,2.8943254270291328,4.681571073356536e-16,1.221470414627296e-16,1.726147158822567e+42,4.503696841844692e+41,0.905953521484085,0.09379867595361367,13.226273698479353,0.2861930508554085,267.1365223006896,405.59190880174543,255.16992206657847,1.440146666402262e+42,4.9757593011249395e+41,3.8327339060316175,387.4230856508721,3.125449087104277e-16,1.6309818315765072e-16,1.1523877299339177e+42,6.0136108382276974e+41,1.916299143616589,False,False,CW-All
123,150.21889,2.0572274,0.8009999990463257,3.267941182270938,2.777207283387855e-16,1.113043370855312e-16,1.196673922206577e+42,4.796004908076717e+41,0.795174231963866,0.1264636024910338,13.084373060165687,0.3349060362840445,235.19066647089642,357.0886920468056,266.0562506023905,1.9482706155154294e+42,5.961767690572536e+41,2.4951474094434665,403.95173823890326,8.294341583965825e-16,2.0787095757649028e-16,3.573958031428408e+42,8.956974713549154e+41,3.9901396908289875,False,False,CW-All
124,150.38906,2.417206,0.3260000050067901,12.380817617250196,7.293401419444899e-15,3.753192669360139e-16,3.145403660865223e+42,1.6186283029292527e+41,1.2039022758173403,0.02458450321488567,13.622956355023193,0.20559258834263794,430.86393383583527,654.1783349324312,352.39256163501693,1.420901906425562e+42,1.1476640318534531e+41,19.43252601707844,535.0356832159536,2.505569659168369e-14,7.775101074026798e-16,1.0805696170088007e+43,3.3531448463318436e+41,32.22555739549647,False,False,CW-All
128,150.14384,2.0672307,0.7250000238418579,6.382924518392933,1.4542766180133004e-15,2.1529713611591957e-16,4.8065395265817676e+42,7.115800267178318e+41,1.2794944932269803,0.07516732784843247,13.578059114548054,0.19876935946771102,354.30983671841653,537.9466714031053,337.66801488981866,3.9742058956752715e+42,6.22630877777618e+41,6.754742047429249,512.679485084785,2.194070385518839e-15,3.3503776669059777e-16,7.251636931703971e+42,1.1073355980212222e+42,6.548725557692215,False,False,CW-All
132,150.29397,2.3822204,0.7379999756813049,3.7040780162255906,7.333004693748515e-16,1.9073814280796916e-16,2.540584792407001e+42,6.608292851128237e+41,1.0332716133977735,0.10665213267535771,13.361829643593536,0.254698236368202,298.54425828880454,453.2781011682916,300.0,2.433741413774887e+42,6.570437779965659e+41,3.8445402612162463,448.3776377993605,1.0153301401607563e-15,3.0547995697479726e-16,3.517701707683308e+42,1.0583625205326114e+42,3.323720974088402,False,False,CW-All
135,150.18886,1.9972292,1.187999963760376,3.004571133333322,6.783813579008523e-16,2.2399102923898764e-16,8.491756362190699e+42,2.8038465760608514e+42,1.411178837814659,0.18490056353281717,13.55607716726236,0.20648361847675425,290.1511710705904,440.5349231248818,300.0,8.41191647614458e+42,2.7997062152468524e+42,3.0286094947894187,439.48331472462695,1.3181984395877207e-15,3.634800698364377e-16,1.6500777705089724e+43,4.5499248462753365e+42,3.626604452290593,False,False,CW-All
138,149.81859,2.2772012,0.3580000102519989,4.723476112754582,7.587694496776752e-16,1.8054388943347953e-16,4.116862464384166e+41,9.795786610786182e+40,0.6102192099059117,0.05761801496867406,12.938293931272524,0.38982654008095247,251.5756153502518,381.9658695827041,269.62609078274727,5.413928183692897e+41,1.1461745660307073e+41,4.202686959157595,409.37180690041833,1.5874266287474601e-15,3.0756736478780087e-16,8.612915432521004e+41,1.6687711134157235e+41,5.161232336345792,False,False,CW-All
141,149.93865,2.4972204,0.5600000023841858,8.868098293835896,4.321470786073417e-15,3.7773905167236784e-16,7.26215179150108e+42,6.347834953929968e+41,1.516448646274966,0.052600209173176864,13.791249820667348,0.16768744557141857,446.3628245020523,677.710215169102,382.2854031448104,3.9360102937562456e+42,4.43839272337804e+41,11.440360129409248,580.4218196492867,1.3136200992603615e-14,7.379903750643326e-16,2.2075142999782834e+43,1.2401791865990292e+42,17.799962487936916,False,False,CW-All
142,149.82864,2.0172031,3.6130000352859497,2.9691379856194873,1.0812288713581558e-15,2.4774303340403726e-16,2.9337597136867344e+44,6.722152450797382e+43,3.2376916764223864,0.2943870929599048,13.932721555070723,0.24071366442669276,194.25521111034513,294.9366158935263,193.1428596409696,2.8679181379475127e+44,9.659093487193199e+43,4.3643159466559425,293.24773879114866,1.0479002187977483e-15,3.494055466582109e-16,2.8433271875275277e+44,9.480619170268123e+43,2.999094401391418,False,False,CW-All
144,150.35395,1.937212,1.1619999408721924,2.6485306205267,5.897608601935906e-16,2.009638142168449e-16,6.949120207083292e+42,2.367945715842176e+42,1.3270100178484783,0.17943847868986784,13.50130075380457,0.2172123630737769,280.9643905918878,426.58668498054635,300.0,6.323885756253946e+42,2.387695919859272e+42,2.934661956391931,416.5316494626592,3.5299392205201943e-16,2.3984472335026027e-16,4.159308225208553e+42,2.8260773579455466e+42,1.4717602168654773,False,False,CW-All
149,150.21387,1.8122278,0.5289999842643738,6.38944273970266,1.3245207052475619e-15,2.040766212899898e-16,1.9217057078476285e+42,2.96088393648729e+41,0.9825342042849199,0.060073320945669924,13.36748201449388,0.2572412041248859,326.5227080772771,495.757627207218,300.0,1.8899032640057056e+42,2.9578530413337026e+41,6.4903108297027226,493.66897710373945,3.1438513880257183e-15,4.2034538183726786e-16,4.5613157522248803e+42,6.0986598121400364e+41,7.47921001126361,False,False,CW-All
150,150.03374,2.5622287,0.7459999918937683,2.6268773517182544,3.52193032681636e-16,1.5247901640626111e-16,1.2556348852504708e+42,5.436165809715158e+41,0.8168989736142828,0.14034506022051055,13.125793704892459,0.33259722436657607,248.2658237159114,376.9406311946819,266.2782771739745,1.6561351819118387e+42,6.304577489423144e+41,2.309780329007777,404.28883995827096,7.771910565720236e-16,2.519063826170339e-16,2.770833357224981e+42,8.980939782449398e+41,3.085237652567005,False,False,CW-All
153,149.90362,2.4822158,1.2754999995231628,2.1902488240998417,2.34315705871776e-16,1.16709092376661e-16,3.563358651579467e+42,1.774854794692854e+42,1.0414724508564888,0.20584984178756466,13.232254944019038,0.28914845960496566,218.99930373000046,332.505435277484,240.04022662118447,5.1207668969527054e+42,2.3379840868341802e+42,2.0076902416099456,364.4517524822117,4.746400503652901e-16,1.9516813551826832e-16,7.218093740505825e+42,2.9680215486375754e+42,2.4319546277617756,False,False,CW-All
156,150.38407,2.5022069,3.131999969482422,4.074976345582328,7.444070176177165e-16,1.903033977910583e-16,1.3594605930667918e+44,3.4753832769012915e+43,2.6470645207268113,0.26853448798439616,13.802126105917644,0.2043173789366473,195.63250553692677,297.02775442691814,217.85660616946282,2.0800274220272834e+44,5.104391401639021e+43,3.9116853732429453,330.77048387222504,1.1751394745236595e-15,3.249251867417412e-16,2.1460783807287295e+44,5.933890689046518e+43,3.6166463003611056,True,False,CW-All
163,150.24388,1.7622255,0.5789999961853027,2.8057850002486218,8.884508829392278e-16,3.068075306572599e-16,1.627872283851423e+42,5.621509137134959e+41,0.9207016313884846,0.12616850698274187,13.289443025477349,0.2918411739194462,301.33826092052846,457.5202199577338,300.00000000000006,1.568467253139656e+42,5.590119175206487e+41,2.895792293741746,453.2372955162089,1.718961188978485e-15,4.2709212047427986e-16,3.1495824139394445e+42,7.825434572942734e+41,4.024801925799058,False,False,CW-All
169,150.10882,1.972231,2.2239999771118164,2.5352290598164564,2.461880038462835e-15,9.56656391493946e-16,1.7391831461611767e+44,6.758252419937139e+43,3.2311198839409716,0.49824347691092014,14.155242231792476,0.2615997257444748,325.24054619886925,493.8109278971517,300.0,1.7084824100338399e+44,6.738966656360154e+43,2.5734214085145894,491.59084972864,3.1110588597709404e-15,1.4185206657393738e-15,2.1977923583179123e+44,1.0021070059431711e+44,2.1931713332842895,True,False,CW-All
170,150.26392,2.0822236,0.8875000178813934,2.5989287884372185,2.3351978857098506e-16,1.0587053230439113e-16,1.3246145934081049e+42,6.0053862227462326e+41,0.8083339658494417,0.1454258782213521,13.07795121051443,0.33812866972204314,226.02457599303258,343.1718674166577,250.91457937728907,2.0017900283905206e+42,7.702365825861017e+41,2.2057109139641065,380.96222230994834,4.657375668839358e-16,1.7933451547286691e-16,2.6418436808635312e+42,1.0172547592253459e+42,2.5970325101996403,False,False,CW-All
178,150.29396,2.2772204,2.513000011444092,6.528006879882983,2.065914418832885e-15,3.102976156280189e-16,2.0482783235234956e+44,3.076486974184332e+43,3.2762168108966256,0.19527120456990435,14.116114608182821,0.236586374193277,291.0020066762613,441.8267421334115,300.0,2.0027408304450687e+44,3.067920832952567e+43,6.657848190846168,439.32068456903187,3.1357030473830047e-15,4.497957296629168e-16,3.108934485577414e+44,4.4595595765407775e+43,6.971393547317455,True,False,CW-All
181,150.30899,2.4072185,0.6949999928474426,2.6972941857924124,7.528533180635273e-16,2.6864721377148423e-16,2.2251157154588812e+42,7.94007442000448e+41,0.997486381703382,0.14124673130054552,13.338198744739119,0.2749022740238157,298.3592766865755,452.9972446216273,300.00000000000006,2.1273402488269787e+42,7.886941884324003e+41,2.8023864736744186,447.87632133175634,1.5117155095730382e-15,3.798748719897306e-16,4.4679911171887245e+42,1.1227493155591764e+42,3.979509099022231,False,False,CW-All
187,149.93367,2.3572198,1.0959999561309814,2.3615426277803806,2.2710986275210775e-16,1.1122713118416224e-16,2.2814015918782407e+42,1.1173171920788484e+42,0.9292652574652717,0.18059840095594498,13.163140460061697,0.31154862564804253,222.28913171965795,337.50036297386487,246.79018442937675,3.4489471144872895e+42,1.4604636282720687e+42,2.0418566975001347,374.7001762027032,5.555936204413087e-16,2.0150288860510998e-16,5.581141015860321e+42,2.0241701758832812e+42,2.757248912347449,False,False,CW-All
190,150.00872,2.4522271,0.7089999914169312,5.6852555757254,1.3780862184450543e-15,2.240496114714569e-16,4.293444429524559e+42,6.980292984822575e+41,1.23652576603794,0.07977566537598052,13.548317054836529,0.20653598401151319,348.5780490175922,529.2441297423773,330.66563963533946,3.4853682214518164e+42,6.1305392080058015e+41,6.1508083383604415,502.0478173474419,2.1729941314120826e-15,3.4792263085497017e-16,6.769989732157491e+42,1.0839572019196995e+42,6.24562456909532,False,False,CW-All
192,150.12883,2.5222309,1.3195000290870669,2.403485233974793,2.243137978298974e-16,1.1433253856107236e-16,3.744028321029711e+42,1.908327827040261e+42,1.0501854661931724,0.2124121333868816,13.229949622663725,0.28970825201395795,215.09072173456588,326.5710567859798,243.21893896929296,6.085696946760173e+42,2.5320300956024084e+42,1.961941899069065,369.2779739127274,4.852340511050313e-16,1.919115527809521e-16,8.099056086790016e+42,3.2032014780006795e+42,2.528425433870975,False,False,CW-All
193,150.17887,2.3372297,1.1540000438690186,2.2515128918939302,1.0066791184120745e-16,8.28944534580915e-17,1.1639895597849356e+42,9.584809759588179e+41,0.7354995133369947,0.24033457917590786,12.915823607319618,0.4267334333635556,179.8108111822444,273.0057631300102,235.66467046389354,3.390718174667682e+42,1.505973244423875e+42,1.2144107071301407,357.80836969568554,3.560770725447038e-16,1.5862542432478088e-16,4.1172006783512024e+42,1.834132986901993e+42,2.244766714165861,False,False,CW-All
194,150.03376,2.2172287,2.0999999046325684,2.4146762148085696,3.2369327851704143e-16,1.6908076231852976e-16,1.9503635483574785e+43,1.0187698585072531e+43,1.594468410316276,0.33050337175380196,13.476065005729117,0.23481981746400013,200.33105537838105,304.16153674310226,241.42157103099726,4.077401957807442e+43,1.68859159368938e+43,1.914429968722512,366.5490400828116,9.289808613305425e-16,3.4088265838218566e-16,5.597429818010372e+43,2.0539354855365273e+43,2.725221827767495,False,False,CW-All
196,150.11882,1.922231,2.5799999237060547,2.409075059209156,1.0493024575432532e-16,1.4227269247093585e-16,1.1191381032936143e+43,1.5174155941194441e+43,1.2400543174200591,0.6672076673460751,13.13723112213533,0.48924757348996123,134.82738579897878,204.70767641200214,222.4491007794998,8.098039487276949e+43,3.3614724689961927e+43,0.7375290643055832,337.7432431153434,1.1522536849866748e-15,3.783963007633484e-16,1.228941183029593e+44,4.0358022158940536e+43,3.045097646732287,False,False,CW-All
197,150.24888,1.7772251,3.4700000286102295,4.545655483705819,1.0746250960726978e-15,2.9151577433215684e-16,2.607228294184318e+44,7.072682164389291e+43,3.1615876982029856,0.3403374759980403,13.929090892920602,0.24029786610927353,199.76889898119293,303.30801778501683,232.74496131752164,4.769156317610051e+44,1.0491680099174658e+44,3.6863360088646737,353.375391398207,2.0427045501964076e-15,6.00398061248727e-16,4.9559582401292045e+44,1.4566706275350128e+44,3.40225041024937,True,False,CW-All
200,149.90371,1.8772158,1.9529999494552612,2.2111331471685594,2.240951353699665e-16,1.1971467256010481e-16,1.1042185738717531e+43,5.898885970353788e+42,1.3505596669440778,0.2863045091657455,13.34015846165632,0.25383928037977116,188.80233492120502,286.65754404305324,219.79703266594092,2.0136397861995572e+43,9.106822846819967e+42,1.8719103563304298,333.71662272219544,5.864060677289502e-16,2.227630089524909e-16,2.889489192830491e+43,1.097654581616886e+43,2.6324212017355824,False,False,CW-All
201,149.92863,2.6122191,0.3289999961853027,9.626802035296759,2.4170651400377246e-15,2.485476494888844e-16,1.0659644859095027e+42,1.0961349904177543e+41,0.8408791196350909,0.03431265575319742,13.264934662686386,0.2944544052857213,326.95722352743616,496.4173496192492,300.0,1.057869535173425e+42,1.0988794942440245e+41,9.724755575070612,495.4608727289931,4.557997035030302e-15,4.3449265490650825e-16,2.0101497827846216e+42,1.916182281755312e+41,10.490389155165506,False,False,CW-All
202,150.23392,2.3372263,2.371999979019165,3.2237122826361544,3.2691614686562227e-16,1.258318332500157e-16,2.761427077563059e+43,1.0628885568592655e+43,1.720253160718903,0.26275196708767057,13.500153054806923,0.19940216679002407,188.56657657851494,286.29959345133307,221.9243226633964,5.257013101088353e+43,1.6307327205979717e+43,2.5980400858983868,336.9464753953228,7.421436546708714e-16,2.2119752924685867e-16,6.268811140405802e+43,1.8684327850083156e+43,3.3551172890481595,True,False,CW-All
209,150.37904,2.3472078,2.877000093460083,3.409529899727757,2.7642747478332027e-16,1.5239403610885204e-16,3.9888578031678986e+43,2.1990510913053588e+43,1.8185294493488793,0.3978382744953621,13.46854000951437,0.23677519348084944,161.06509335559795,244.54424311886638,217.88298080073756,1.316776629045663e+44,3.8620474604161835e+43,1.8138995582863464,330.8105283294582,8.612066909514341e-16,2.849867605435641e-16,1.2427241655464112e+44,4.112368585954793e+43,3.0219182438820242,False,False,CW-All
210,150.43412,2.497197,3.423500061035156,2.258449860392005,5.472453221618858e-17,9.057838775381356e-17,1.2789966860836917e+43,2.1169565654808953e+43,1.171008857153888,0.7691342788518157,12.94701837030684,0.5850048611038675,94.97345576680894,144.19767420120652,169.61962663295853,1.2659550373630712e+44,5.605415730342298e+43,0.6041676560298961,257.5325438236546,1.6379567909455069e-16,1.6819690437319944e-16,3.828157542382531e+43,3.931020962463705e+43,0.9738328996300478,True,False,CW-All
212,150.21889,2.1122274,0.9990000128746032,4.24778464379686,9.26385003520189e-16,2.1763114222862452e-16,7.234024508993396e+42,1.6994543422223986e+42,1.387451518215753,0.12934415297555651,13.586844169186207,0.1942852834372671,319.5708898919924,485.2027199892579,300.0,7.221976053336268e+42,1.7001747166920735e+42,4.2566748215979535,484.99813889499313,1.4291660935326846e-15,3.4361973179993826e-16,1.1160179092657857e+43,2.6832834644006817e+42,4.1591502503260545,False,False,CW-All
217,149.8936,2.5622143,0.6779999732971191,2.0720250976978067,7.901172780479157e-17,8.857187380181486e-17,2.1876065804197793e+41,2.4522994162040086e+41,0.4643274350237674,0.20655136901961313,12.581542337115158,0.5913475125302949,168.08652574707133,255.20484520222573,235.9935860523817,8.36466714536599e+41,4.03695261928045e+41,0.8920634103506185,358.30776042002617,2.95999626679134e-16,1.740262883367846e-16,8.195374903392542e+41,4.818285387609163e+41,1.7008903051836648,False,False,CW-All
218,150.27396,2.3722226,1.090499997138977,2.5304052710990748,1.8335087119778394e-16,1.0729646040996873e-16,1.816757224686162e+42,1.0631616766237621e+42,0.8626734376295471,0.20033106630314593,13.090505442954719,0.3448888558273822,210.6827409700437,319.87844389708573,251.88854498639458,3.6807393941090366e+42,1.4546046975749135e+42,1.7088249742556199,382.4409889237462,5.315378346272764e-16,1.9823353765809011e-16,5.266815450314666e+42,1.964224164099769e+42,2.6813718854377906,False,False,CW-All
220,150.07879,2.3072305,0.1270000040531158,6.339987216503998,1.5092796126104936e-15,2.2680882217821525e-16,7.301457483325364e+40,1.0972353685431526e+40,0.359179784849484,0.0214191179726139,12.467655515838082,0.5402257936805968,191.20354872218834,290.303293716644,205.47691871938855,9.704986162434175e+40,1.5307580017149798e+40,6.654413166629716,311.97447267914356,2.0937792281620093e-15,3.4779344113799506e-16,1.012909727671519e+41,1.682523902284929e+40,6.02018031539374,False,False,CW-All
223,150.30399,2.4172191,1.7610000371932983,2.1973240776723784,3.848004997657011e-16,1.6858856765468084e-16,1.4236827348541037e+43,6.23743038821141e+42,1.5146103455962763,0.2633254721937787,13.494367108106992,0.21960544995617617,226.0007109787526,343.1356332970696,238.5580495942806,1.762935486905469e+43,8.023101848376156e+42,2.2824827633264326,362.20137127507985,1.2633336227503112e-15,3.2221784459385647e-16,4.674074665093825e+43,1.1921397775977247e+43,3.9207438195817366,True,False,CW-All
224,149.97869,2.4772246,1.309999942779541,2.2996388424908702,2.4046976998026263e-16,1.2120014049803432e-16,3.934834711416536e+42,1.9832119434362577e+42,1.0694624426798482,0.213898447379747,13.250335755113694,0.2850915947192663,219.24695345911792,332.88144049564704,243.3106410579154,5.938700955554448e+42,2.582449402847059e+42,1.984071709753197,369.41720468823183,4.218775398620735e-16,1.959731015524932e-16,6.903231071217608e+42,3.206730569734402e+42,2.1527318622809557,False,False,CW-All
225,150.03876,2.2122289,3.2300000190734863,2.7182404053294764,3.784074609149333e-16,1.6583808959759473e-16,7.526865055093035e+43,3.298668896161459e+43,2.151977217851287,0.3742499268053225,13.581167270432255,0.2137784117171404,161.39953094429075,245.05201786566903,201.00292978585716,1.791820264034652e+44,6.5918388252987e+43,2.2817885917109697,305.1816399512161,9.407298548991106e-16,3.57186751450851e-16,1.8711963696494402e+44,7.104766040123059e+43,2.633719898842764,True,False,CW-All
227,149.92867,2.3422191,1.6859999895095823,4.358908196708911,8.791606695180074e-16,2.0237754770880664e-16,2.8838150121973597e+43,6.638370328080172e+42,1.9371533563300491,0.17695284136558237,13.75553093737046,0.16976527936870153,283.1143718978914,429.85098974232096,300.00000000000006,2.9014065166575367e+43,6.656268922681544e+42,4.34416109628425,430.51288143156734,1.6774710775380478e-15,3.317943426274448e-16,5.502425715407892e+43,1.088348852952846e+43,5.055755514859986,False,False,CW-All
234,149.93864,2.5872204,0.0790000036358833,10.64949004487511,3.067449592751394e-15,2.863169036185146e-16,5.275055681917344e+40,4.9237568983394647e+39,0.3251659951248634,0.012044093970643873,12.379523801528123,0.5686842678617606,181.68938490003688,275.85799124716226,185.87765659655585,5.236199821278032e+40,4.9168549848054624e+39,10.713477108702005,275.34248504245556,5.1212238772908435e-15,4.652845166083503e-16,8.806906289874045e+40,8.001441128300763e+39,11.006650112970755,False,False,CW-All
236,150.0938,2.3472308,2.3600000143051147,2.9388006742484967,3.435711382167453e-16,1.4415373844553896e-16,2.8615598385334506e+43,1.200637954198519e+43,1.7435792372513759,0.2903022380898076,13.515758988565734,0.20636057559173376,191.4835432032386,290.7284077933157,223.39954689387673,5.262966793790366e+43,1.7908553104358462e+43,2.3833661334183565,339.18630020998296,7.826893303929888e-16,2.52394616374272e-16,6.518918805363303e+43,2.1021623103365572e+43,3.1010539829912664,True,False,CW-All
237,149.92364,2.5072185,2.5840001106262207,17.461423601948617,2.5882159146856935e-14,1.0009606714227632e-15,2.7723647228383417e+45,1.0721779580503205e+44,7.689799362971592,0.11801330648714056,14.953029981423269,0.4671625564374517,542.7268585372797,824.0191966875129,431.5295615634801,1.1201857352589567e+45,6.41520279671784e+43,25.85731875965526,655.1889538410016,5.684424026582075e-14,1.655953357886196e-15,6.08886474715329e+45,1.7737726771635641e+44,34.32719888824751,True,False,CW-All
239,150.13884,2.4522308,1.0920000076293943,3.658888592675621,6.471610897252732e-16,1.6920001006689794e-16,6.436538716547292e+42,1.682830492942798e+42,1.3110752486843105,0.13602385056987956,13.506802228167713,0.20692489141077675,289.82969832482064,440.0468328276003,300.0,6.074078804099805e+42,1.6600884804907487e+42,3.8248289079261877,433.6410553750666,1.065256811714344e-15,2.633921353053555e-16,1.0594837700418281e+43,2.619647107100754e+42,4.0443759282310054,False,False,CW-All
240,150.38407,2.4772069,0.465499997138977,6.273728942074038,1.5513015496427372e-15,2.3303927458140996e-16,1.623370319999743e+42,2.4386557329028365e+41,0.941020058839514,0.05609591464464948,13.341356877413181,0.2676956641389032,328.3827932587046,498.581784281554,300.0,1.518364051269362e+42,2.4201938994951295e+41,6.656824487757343,490.21755578625886,5.367088778044239e-15,5.233154204964857e-16,5.61642746317584e+42,5.476270695583505e+41,10.255934696042997,False,False,CW-All
247,150.0888,2.3022307,0.5379999876022339,5.54558660512797,1.1436146266454946e-15,2.1482333231874062e-16,1.7328893316353874e+42,3.25516176593032e+41,0.9477422633905953,0.07064663081023312,13.329195449404269,0.2685209106079037,315.90840160209206,479.6419842138903,300.0,1.8225895773554566e+42,3.2865586765340913e+41,5.323512182320471,485.8055350803495,2.1099801449178094e-15,3.5783594547094173e-16,3.197197725439712e+42,5.4221944869762224e+41,5.896501376184835,False,False,CW-All
248,150.324,2.3972165,3.629999995231629,2.066409452729476,2.693466881749459e-16,1.3399647025852227e-16,7.403973161562235e+43,3.683380242246672e+43,2.0486095557575466,0.4044272140716253,13.474745910447275,0.22500119053165762,136.19182321754965,206.77929422102554,166.47253480586292,1.6371764991084514e+44,7.922807829522557e+43,2.010102860584981,252.75433165583536,3.40707745434291e-16,2.1689134736146901e-16,9.365591313650743e+43,5.962047373667179e+43,1.5708683153066072,True,False,CW-All
256,150.11882,2.162231,2.193000078201294,3.9386305297459248,7.090091784561937e-16,1.8870927874035104e-16,4.817503363971854e+43,1.282222590014768e+43,2.1217614004918355,0.2240977008928212,13.74246953410668,0.17935121025567946,239.08408694091452,363.00005087787156,253.31589395013236,6.054496457616874e+43,1.5372085327352194e+43,3.7571505926411493,384.6081249848984,1.8504952650265764e-15,3.3058266547313146e-16,1.2573556782001971e+44,2.2462094305398207e+43,5.597677852763814,False,False,CW-All
265,149.87361,2.4172112,0.4269999861717224,2.6412874146152903,3.0517755947229826e-16,1.2856863896969883e-16,2.567849585047059e+41,1.0818125906743625e+41,0.5149125409751064,0.0860826007456015,12.751258619110805,0.45297525247198484,212.03450124938172,321.9308140755145,234.3368556921695,3.8128149528146805e+41,1.4435441337117893e+41,2.3736547412952143,355.7923558494302,7.513137454888192e-16,2.2565646957046514e-16,6.321764591504115e+41,1.898736829639997e+41,3.3294580337933035,False,False,CW-All
268,149.91367,2.2172172,3.444999933242798,2.192432773999717,2.57742349230568e-16,1.4542556649424348e-16,6.129244445905443e+43,3.458294100245523e+43,1.9628329219699034,0.43947864260685715,13.458125607719564,0.24032426682372726,139.9319354544537,212.4578860071056,174.1800478444521,1.456207965758121e+44,6.641973168014268e+43,1.7723317532393486,264.4566062026193,5.953123886187153e-16,2.474131240409238e-16,1.4156832055006416e+44,5.883610205691787e+43,2.4061471715633265,False,False,CW-All
271,150.10881,2.567231,0.7149999737739563,2.50873199609311,3.81351953860136e-16,1.3968025321016272e-16,1.2148927229774797e+42,4.449866362318838e+41,0.8130791862493889,0.11817928030602463,13.129379979325545,0.3249451849130777,252.11139714731,382.77934413084347,256.9120916809617,1.3089336646874695e+42,5.217510944676009e+41,2.7301779965014408,390.06821216995866,9.061652937821878e-16,2.4738691833125594e-16,2.8868178334664884e+42,7.881133525034873e+41,3.662947498981392,False,False,CW-All
273,150.27397,2.5422226,0.699999988079071,2.124866874257564,1.8876938979138188e-16,9.390917408102361e-17,5.6858550265471006e+41,2.8286045215147058e+41,0.6342472873329386,0.12520870584345312,12.886111655181718,0.4055581059467118,210.45455103043943,319.53198437003806,230.9301446109145,8.206774210588307e+41,3.8622533533804485e+41,2.010127249426282,350.61996519957745,4.65400796069302e-16,1.6692505931194434e-16,1.4018170311479564e+42,5.027889789729153e+41,2.7880822567184214,False,False,CW-All
275,150.20889,2.2772281,0.8830000162124634,2.851804740963456,5.687803644233946e-16,1.987124856152168e-16,3.182521829580828e+42,1.1118647246583503e+42,1.0815124499154136,0.14993794114292167,13.368953732700678,0.2563056529425491,283.0995266168295,429.82845023394253,300.0,3.176795546771969e+42,1.1139596975698688e+42,2.862328266200497,429.6326518287503,8.724651557829199e-16,2.776053003806238e-16,4.881742720922899e+42,1.5532971665861175e+42,3.142826000032007,False,False,CW-All
279,149.84864,2.1372069,0.9874999821186066,4.189502496821118,9.903504106588942e-16,2.306509990611656e-16,7.494643685024046e+42,1.7454903183290032e+42,1.406955638545793,0.13003082488136475,13.603697638967331,0.19194580175190354,325.20025366126345,493.7497519594803,300.0,7.299329315163839e+42,1.7422902410733434e+42,4.293718278654697,490.46212813968356,1.4589035556350207e-15,3.459647650230638e-16,1.1040498597889826e+43,2.6181466817344497e+42,4.216913695063028,False,False,CW-All
283,149.98369,2.5822251,0.6959999799728394,2.952788654767543,3.109813546856944e-16,1.310866578329165e-16,9.226251150465845e+41,3.889102704771594e+41,0.7451110747425614,0.12463631997187957,13.047544973172323,0.35398928532712015,238.60406364672485,362.27123415718165,266.4743856619316,1.4277763658460307e+42,4.835348996416515e+41,2.3723341477061095,404.5865903941817,1.0443726559870612e-15,2.4493978173998166e-16,3.0984637096826406e+42,7.266917803986648e+41,4.263793527405547,False,False,CW-All
284,149.87865,2.182212,0.449999988079071,2.4685111242611333,2.080764191783771e-16,1.1276058359208644e-16,1.998423315389382e+41,1.0829837431706255e+41,0.4717388044147409,0.10144613622611774,12.658030327833897,0.4905980467506084,195.57710404735056,296.94363865078185,231.78457938522962,3.910702614355669e+41,1.584235361923357e+41,1.8452939187606325,351.9172488060137,4.755441868723285e-16,2.094943367446769e-16,4.567257521520746e+41,2.012041386745005e+41,2.2699620154978333,False,False,CW-All
287,150.36403,2.3822103,2.4739999771118164,2.9707477846220915,2.6479988497780235e-16,1.303284537573962e-16,2.5138942386996955e+43,1.2372813117604742e+43,1.644345607221553,0.32115450043232796,13.43680525937187,0.22569171572829888,174.61139148537617,265.1115128741786,218.8017787544036,6.132152006921267e+43,2.0641779280839682e+43,2.031788741012166,332.20553419620035,7.401667060580487e-16,2.3800223828741434e-16,7.026818830350468e+43,2.2594891069477554e+43,3.109914895691924,True,False,CW-All
291,150.00874,2.2722271,2.427999973297119,3.2957665168261756,1.5576619485948768e-15,4.987235187534519e-16,1.4037406172611633e+44,4.494418449966959e+43,2.924512094084541,0.37156903895329746,14.018239240400527,0.231302731976577,276.3006824906865,419.5058026864688,300.0,1.5044688674554199e+44,4.564852697466641e+43,3.1232975587119243,426.9257461802605,1.3060171296568013e-15,5.481668126472938e-16,1.1769622371477124e+44,4.939993691453571e+43,2.3825176926519447,False,False,CW-All
292,150.41908,2.3522002,0.3079999983310699,3.9151032472062646,6.079669423716619e-16,1.4933410475619714e-16,2.283788589089393e+41,5.609639285216171e+40,0.5069084393179728,0.04940922229089137,12.766462992252274,0.4431587251617529,224.84496615999612,341.38087231160034,237.8567135791123,2.8525025221599074e+41,7.285893479808979e+40,4.071186172537269,361.13653667046026,1.0992881286525661e-15,2.4756555704890183e-16,4.129404922156805e+41,9.299640405352976e+40,4.440392039008168,False,False,CW-All
300,150.45912,2.3971915,2.861999988555908,3.859232883826524,6.128483332080407e-16,1.9992651615188255e-16,8.716110070684454e+43,2.8434139841851144e+43,2.3601233767080836,0.30552837815353917,13.730482225595178,0.19933544196006261,197.66880669775904,300.1194592511186,228.95688942902905,1.5579667443099574e+44,4.036985564771606e+43,3.06536794120128,347.6239827375725,1.5243491559697208e-15,3.431785200936311e-16,2.167974408943487e+44,4.880786310330525e+43,4.441854797770632,True,False,CW-All
302,150.11382,2.127231,0.9350000023841858,2.481741447847538,5.510053909228126e-16,2.2373870265997685e-16,3.597102069411771e+42,1.4606226429070438e+42,1.1147644146448394,0.17962543115700294,13.385539278061975,0.25920438021978826,280.83762866271553,426.3942230424572,300.0,3.6308838624006176e+42,1.4630387325600547e+42,2.4627182707865876,427.4038106917193,5.12169545848557e-16,2.7000763411344075e-16,3.343571884434816e+42,1.762677889230471e+42,1.896870610826413,False,False,CW-All
304,149.78358,2.1721937,0.340499997138977,3.2742505971005698,2.702283892750457e-16,1.3170696244253671e-16,1.2962444852885562e+41,6.317782679986199e+40,0.41761140183862355,0.08076990421555563,12.565250475904964,0.5185169733023682,190.2428842528212,288.8447221499675,236.69282276722123,3.073926735829995e+41,9.388184088756166e+40,2.0517395911620495,359.36940766853235,4.766316564089534e-16,2.1894891748488462e-16,2.2863295665993506e+41,1.0502646580215895e+41,2.176908028978304,False,False,CW-All
307,150.24395,2.5522255,1.2239999771118164,4.813320815308459,9.085114616888498e-16,1.851538135685373e-16,1.234053614426814e+43,2.5149900963760866e+42,1.5864150400527457,0.12829759890723824,13.663740671397864,0.17366885239531685,310.89855220261705,472.0355574952884,300.0,1.2064187986707588e+43,2.506416764978185e+42,4.9067931368994,469.33854589927034,3.2273303993835177e-15,3.8699328361173433e-16,4.3837627946985356e+43,5.256625596249461e+42,8.33949976925558,False,False,CW-All
315,149.66856,1.9721635,0.4600000083446502,2.277776673947807,7.108901316767652e-17,1.076645312776388e-16,7.218253243443043e+40,1.0932066960411172e+41,0.3360444259540354,0.20196044722858483,12.31774209454999,0.7488241291705231,150.01647888424102,227.76919268975226,245.77050674247843,5.079565562315638e+41,2.2300542544023038e+41,0.6602825677507151,373.1520051932516,3.7132203187278563e-16,2.476459669541891e-16,3.770338539663821e+41,2.5145535498943396e+41,1.499406739547165,False,False,CW-All
321,150.18889,2.5522292,0.5170000195503235,2.994936743607087,3.335527553329018e-16,1.2915335325822537e-16,4.562355723928623e+41,1.7665677500224707e+41,0.6117942084521306,0.09400392223038698,12.899076691925082,0.4019828653015587,229.03208475590813,347.7381513877413,251.76128917505287,6.631482021458875e+41,2.214231080377328e+41,2.5826101058793753,382.24777712708254,6.799490796477211e-16,2.1544598732269317e-16,9.30038659825989e+41,2.9468838669256974e+41,3.156007164938742,False,False,CW-All
324,150.43905,2.1471959,0.944000005722046,3.4252011787693304,6.708702449423885e-16,1.9020623514326449e-16,4.494397518599711e+42,1.2742589758523172e+42,1.1979565080486,0.1347803965446945,13.454852433261086,0.22629257070809358,295.1257821270361,448.08784766156856,300.00000000000006,4.347756156211958e+42,1.2693432967269094e+42,3.527067577133236,444.34302885626664,1.4992803304945368e-15,3.3796850506476663e-16,1.0044210259524424e+43,2.2641707870921944e+42,4.436153984843121,False,False,CW-All
327,150.41402,2.0722012,0.306299997138977,2.7331660091959145,6.369817895121611e-16,2.1200212897310298e-16,2.360910470776315e+41,7.857650789401631e+40,0.5126801035057749,0.06771098447056167,12.77816560232171,0.4460810495734197,227.0231879069885,344.6880543792088,238.85588172693718,2.8859965774994023e+41,1.0559170455761849e+41,3.0046009094228294,362.65356815982744,1.5571883759121096e-15,3.7277526059690504e-16,5.7715658472397746e+41,1.3816549083194789e+41,4.1772846551529925,False,False,CW-All
328,150.09381,2.1622308,1.128000020980835,4.108597350200862,8.470715935525664e-16,2.004563831476018e-16,9.203691654693403e+42,2.1780198447784626e+42,1.4658028708282158,0.13764955105145416,13.608806796779085,0.18684386419482654,309.12031818203883,469.3356745871374,300.00000000000006,8.90998369207457e+42,2.1686193444190822e+42,4.22571524164857,465.5003622570626,2.0138412804657563e-15,3.7634592076911644e-16,2.1881000765432406e+43,4.089113407443843e+42,5.351037886501294,False,False,CW-All
330,150.16885,1.78223,0.277999997138977,12.815865345636682,5.1244135591858586e-15,3.536681561631637e-16,1.5037696406154334e+42,1.037846438325128e+41,0.951562365825859,0.026060845599499498,13.400976826218642,0.26115236791397717,370.17810424249706,562.039374486303,342.52866211304206,1.1064330796433218e+42,8.633307621478878e+40,14.489326986005848,520.0593789618943,1.0370471712186681e-14,5.946992162434057e-16,3.043236136102393e+42,1.745157014272491e+41,17.438179551832683,False,False,CW-All
332,150.37907,2.4972078,0.3899999856948852,4.867594168595771,1.1738529192508044e-15,2.344955967237751e-16,7.873447851766784e+41,1.572845134168892e+41,0.751656951980489,0.059585439293586874,13.137511015797267,0.3296921363530652,289.4493194168802,439.46930562910717,300.0,7.618475431665304e+41,1.5651418684033641e+41,5.0058633750532575,435.82429456735633,2.482788279751203e-15,3.469234634164716e-16,1.665294154575615e+42,2.3269387100960173e+41,7.1565879554554295,False,False,CW-All
333,150.32402,2.5022165,0.2189999967813491,4.350343124291847,4.3930102522720675e-16,1.3591193643614772e-16,7.333536970331089e+40,2.268866115320984e+40,0.3538443863107915,0.043441734058953706,12.430837247955612,0.5519963054861118,179.77167326600954,272.9463402475997,218.1687273025656,1.5761983438482955e+41,3.6231586769488903e+40,3.232247562255822,331.2443756675598,1.1700855589302644e-15,2.528519955306471e-16,1.953299722081819e+41,4.22102237591398e+40,4.627551214198123,False,False,CW-All
334,149.94866,2.5072215,0.6790000200271606,4.156380267152685,1.9134499434801955e-15,3.3633606737491144e-16,5.3184025947220754e+42,9.348405582912296e+41,1.3354109448379763,0.09314739784474627,13.632905974335289,0.1935836031674556,376.53920467593383,571.6973981988867,333.78703194183055,3.3029409519456427e+42,7.946676530172999e+41,5.689101256414723,506.787010074836,4.5778783118341376e-15,5.211417673052133e-16,1.2724137349367031e+43,1.4485049566611678e+42,8.784324341351526,False,False,CW-All
335,150.22393,2.5622271,1.9160000085830688,2.390682231830145,1.2957281253498728e-16,1.2320808067416936e-16,6.05511864629822e+42,5.75768582983666e+42,1.113303990270119,0.4200863125077254,13.155414045682457,0.38430356495792795,165.75547052648807,251.66561691439753,231.82978892348714,2.2804334211734783e+43,9.538839544675633e+42,1.0516583963161457,351.9858901986618,1.2066609134374983e-15,2.8833253789760693e-16,5.638895115240122e+43,1.347418252642207e+43,4.184962690079776,True,False,CW-All
339,149.9687,2.3072236,3.103000044822693,4.12791075093188,7.273359009458572e-16,2.004296414408758e-16,1.294460892172548e+44,3.5671047192910846e+43,2.613316747616594,0.285771185045967,13.793803126896574,0.20504546492998155,195.71903610031114,297.15913330416976,221.06901324954316,2.0948807587331235e+44,5.07491776138862e+43,3.628883910169604,335.6478638284987,1.4476291672510349e-15,3.2696802581387956e-16,2.576387802304111e+44,5.819145210026388e+43,4.4274334276192215,True,False,CW-All
340,150.22887,1.7922267,0.7929999828338623,3.638985257105561,6.525174795852865e-16,1.7553144543182655e-16,2.73729053125923e+42,7.363489539378454e+41,1.047480610838816,0.11181710168497548,13.360826715211063,0.25262320373023606,291.72771256747967,442.9285773864609,300.0,2.673816993985392e+42,7.347699441113259e+41,3.717382250114913,440.30724327992675,1.0327213905077354e-15,2.662359244533741e-16,4.332234111892797e+42,1.1168514222031906e+42,3.878970851240611,False,False,CW-All
344,150.05877,2.3272299,0.597000002861023,2.6710879437523523,2.6755616198718963e-16,1.4183506514451585e-16,5.30844395783796e+41,2.814076450281896e+41,0.6329955312194442,0.13315845828327247,12.911655837576845,0.410505302054383,223.83858858961645,339.8528947957214,261.2221794616934,9.774311354864398e+41,3.6592997163296e+41,1.8863893897787292,396.6121946813516,5.842751354337692e-16,2.3500681303666013e-16,1.1592301927835432e+42,4.662649095612844e+41,2.486205092882242,False,False,CW-All
345,150.0938,2.2022308,0.4239999949932098,5.473665133651691,1.1093392065041285e-15,2.0185580245970243e-16,9.170357013742732e+41,1.668641803154471e+41,0.7853128389785142,0.056704696815713884,13.172223920254574,0.31675880597979145,293.2583316865496,445.2525079550158,300.0,9.1317498195004e+41,1.6683062621714051e+41,5.495701352085688,444.77750869579216,2.257248364770269e-15,3.3079131372097693e-16,1.8659552688903643e+42,2.7344877257387757e+41,6.823783670070195,False,False,CW-All
346,150.46414,2.4871903,3.0674999952316284,4.015139256119864,3.3901911064710304e-16,1.594319120352641e-16,5.844140970480483e+43,2.748348219511469e+43,2.0167307054207546,0.376355653389127,13.541318421313022,0.21797667035382456,162.6030935267227,246.87938029805647,218.5084387909512,1.8792782162850744e+44,4.68048079134661e+43,2.126419399474534,331.7601577471853,1.2050516477465339e-15,3.0356053014270435e-16,2.0773140760997728e+44,5.232892410818769e+43,3.9697244143698027,True,False,CW-All
358,150.05877,2.4772299,1.2330000400543213,3.665816346764103,9.436137932221123e-16,2.5327950297175705e-16,1.3077108352924717e+43,3.510083815780925e+42,1.6144614427997308,0.17196216389289734,13.67898273365268,0.18148590967980385,313.4970623482537,475.98086112106205,300.0,1.2840157727194705e+43,3.502673487319951e+42,3.725582931704243,473.78392926980007,1.5831379541780542e-15,3.7699024813149833e-16,2.193997874249051e+43,5.224533975894464e+42,4.199413544580173,False,False,CW-All
361,150.06379,1.94223,2.1570000648498535,2.366469837072049,3.085804736446456e-16,1.5314632698629341e-16,2.0026374855597475e+43,9.938949525099456e+42,1.5949724163559185,0.3141165218208293,13.465289970550865,0.22857548148579904,195.3297993001168,296.5681572167106,221.86406238162724,3.313235976321412e+43,1.4000753039053158e+43,2.0149387825165634,336.8549825417916,5.085923319049939e-16,2.368298044769603e-16,3.3006821744466484e+43,1.5369872193842102e+43,2.1475013798547122,False,False,CW-All
362,150.06879,2.1122302,0.2610000073909759,2.6559534486150893,5.974695662025356e-16,1.4157356338739688e-16,1.5080929809178144e+41,3.573505820306172e+40,0.44577101137701497,0.04191579012436023,12.650361500105921,0.4799752417693505,209.42319269142584,317.9660786908878,201.1067756739003,1.2849035153235432e+41,4.837823930963621e+40,4.220205749626016,305.3393085904192,5.554809694119214e-16,1.9750593404633902e-16,1.4021081547768157e+41,4.985313556940744e+40,2.8124773672956778,False,False,CW-All
369,150.0938,2.1972308,0.925000011920929,6.086749817237016,1.401444898813826e-15,2.4118323193793504e-16,8.887284161576218e+42,1.529467137133959e+42,1.5069867193338253,0.10291530552868845,13.688245221695627,0.17545513567921076,355.70085953822246,540.0586536802301,349.58552416992114,8.298515228482415e+42,1.3633738000832428e+42,5.810706190281367,530.7737737108778,2.2032921427819953e-15,3.7174585864608693e-16,1.3972210666609316e+43,2.3574320221032194e+42,5.926877439351905,False,False,CW-All
371,149.87863,2.302212,1.3234999775886536,2.2551452846988447,3.8547044829049463e-16,1.310200008211146e-16,6.48760696708275e+42,2.205113968979736e+42,1.2589396336267304,0.1698051564385564,13.409475372764783,0.22571086417204997,246.50521134170313,374.2675031350476,241.61698198494148,5.993803714455286e+42,2.6578348433350305e+42,2.942073316094606,366.845731456677,7.639027315329771e-16,2.3812718345886004e-16,1.285675907257115e+43,4.007766565013715e+42,3.2079610586119935,False,False,CW-All
372,150.11882,2.542231,1.465000033378601,2.090379142389139,3.9750555604878716e-16,1.3728861458539594e-16,8.847150160796443e+42,3.0555874505956166e+42,1.360296525433637,0.1864336778465563,13.453268709945933,0.21429893934152427,242.2523544295537,367.81041393584854,234.7465346634507,7.812255798433626e+42,3.737243469385574e+42,2.8954007384314573,356.41436917253117,6.621663948370641e-16,2.264206813163829e-16,1.4737619229246007e+43,5.0393704858556006e+42,2.924496079542325,False,False,CW-All
373,150.17386,2.2172299,0.6769999861717224,2.955258057741541,3.968864690227809e-16,1.354602248744405e-16,1.0945997498696387e+42,3.7359481826108e+41,0.791523100072139,0.1072033983183883,13.11276815423628,0.32881429729998546,252.80485706500158,383.83222050009346,262.1612600533393,1.2636859222620438e+42,4.276059476267107e+41,2.929911487971167,398.03799556549876,7.216100360152269e-16,2.2160941312074695e-16,1.99017660357766e+42,6.1119142904517494e+41,3.2562246605564886,False,False,CW-All
375,150.04376,2.2622292,0.6029999852180481,2.3498116281874513,1.6427413548373459e-16,8.99427104879294e-17,3.345293570211801e+41,1.8316016103002623e+41,0.5425925068019488,0.11788811729513443,12.756644424976002,0.4534052290416822,198.24428533519153,300.99320529310734,231.9007760559862,6.217420257191815e+41,2.645922840201314e+41,1.8264307868037923,352.0936695705077,2.6676264295794074e-16,1.4663710233406854e-16,5.432378941651867e+41,2.9861314086247008e+41,1.819202907802981,False,False,CW-All
376,150.4191,2.4572002,0.2160000056028366,28.677698915573224,3.1060558843107307e-14,7.770246847265943e-16,5.020953072362571e+42,1.256063838962549e+41,1.4349060067938533,0.014244541123337303,13.825241543663012,0.17293155601716453,524.8171508692319,796.8269862903576,424.16891193443536,2.1641896525779837e+42,7.546594512165463e+40,39.973709270299885,644.0133200963027,6.438190048691891e-14,1.2723656475877196e-15,1.0407362684205909e+43,2.0567846958883134e+41,50.600156180717924,False,False,CW-All
379,150.01373,2.3672274,0.2630000114440918,6.633528986495877,1.680639926102642e-15,2.523405095835598e-16,4.3199385014180454e+41,6.4861929428593955e+40,0.6313788089417547,0.0376185247159235,12.996389770761963,0.3753231965555659,272.9209939548129,414.3744402182646,300.0,4.301351898477496e+41,6.484258842064184e+40,6.660206594954649,413.92265186096563,3.910517546113296e-15,4.061288474881398e-16,1.0051644641752918e+42,1.0439188177976216e+41,9.628760848433686,False,False,CW-All
381,150.34901,2.2822128,0.5990000069141388,4.15557640815687,7.035397798170409e-16,1.687411050143117e-16,1.4080667739433604e+42,3.3771898929571328e+41,0.8739951802425339,0.08318417757125325,13.232275173520051,0.29319330040321656,286.05759525815125,434.3196695410869,300.0,1.403663628412007e+42,3.3777832255876536e+41,4.1693443915599016,433.9756543040394,8.818778326510127e-16,2.406359298925924e-16,1.7649931254150205e+42,4.816095226155344e+41,3.664780371927991,False,False,CW-All
383,150.00372,2.3872267,2.6700000762939453,2.4832833359898996,5.171614322612144e-16,2.0802020674267035e-16,6.066346056373492e+43,2.440094102342127e+43,2.1447756643339684,0.3423424281020381,13.667161702547773,0.20572443388726214,197.74684182927354,300.23793956100644,210.48102376763848,7.763458035746288e+43,3.1262876544256993e+43,2.4861115194494765,319.5721777809551,5.628679093675004e-16,2.6905540681654656e-16,6.602486785066492e+43,3.1560420098440733e+43,2.0920148605349813,True,False,CW-All
384,150.27393,2.1722226,2.188999891281128,2.0736320310612233,2.171670841087102e-16,1.075838891065539e-16,1.4681318313818254e+43,7.273078827273768e+42,1.432418729416796,0.28159354149086213,13.352128649914539,0.23804375949638307,177.39742713895396,269.341535444632,201.28072531087966,2.4187040430840885e+43,1.16640947229498e+43,2.0185836923372626,305.6034153650758,3.9408481646407107e-16,1.7995649526915915e-16,2.664162783645175e+43,1.2165741417622543e+43,2.1898893722876873,False,False,CW-All
392,150.0938,2.5222308,3.4709999561309814,3.571075595127514,5.51762224277717e-16,2.0753931967498252e-16,1.339740665470248e+44,5.039287831213578e+43,2.5357728299300653,0.37849332816863074,13.70936951446909,0.2174667596457773,168.73010819405184,256.18199288272257,215.14051024481574,3.500530129801519e+44,9.802453172869681e+43,2.658591273893572,326.6466504065553,2.0989160430740574e-15,5.503633793628219e-16,5.09640394464348e+44,1.3363441128707576e+44,3.8136913206399337,True,False,CW-All
397,150.20387,1.9872284,3.61299991607666,4.268206181107474,1.2272209112476136e-15,2.785597282195526e-16,3.329887904004246e+44,7.558318645320445e+43,3.3763627065219133,0.3041194084606125,13.974470434660356,0.2499976952317373,200.58062593028413,304.54045833590914,216.68554185051454,4.518585945838534e+44,1.05866159086675e+44,4.405593439839782,328.99246337408744,3.012331113816389e-15,5.102881424677595e-16,8.173528373596102e+44,1.3845936763192457e+44,5.903196376950324,True,False,CW-All
399,150.20389,2.2722284,0.1609999984502792,3.672049922530771,3.6007744241356554e-16,1.4303544592049145e-16,2.963700478420433e+40,1.1772862433819318e+40,0.26488945664439645,0.04175532715478002,12.156564573710464,0.6434036679143664,148.77720105796277,225.8876039995689,189.41835002130034,7.698429851465968e+40,2.0964937879058637e+40,2.5174000758785366,287.59283637278236,1.0816041693802978e-15,2.5230925206261596e-16,8.902392698546778e+40,2.0766895199978377e+40,4.286819292349511,False,False,CW-All
402,149.86861,2.3472103,2.353000044822693,4.188394302080203,1.8261504631010822e-15,4.2792590806398973e-16,1.5084940992710242e+44,3.5348878434886766e+43,3.026356212234419,0.2814177762798786,14.065971831816038,0.22677720885990885,292.67943178305393,444.37356742362834,300.00000000000006,1.4764119027367982e+44,3.5250069507627903e+43,4.267445435502844,441.9632823216582,3.2806257480627787e-15,5.98538551888515e-16,2.7099654069388487e+44,4.944235932108247e+43,5.481060054881536,True,False,CW-All
410,150.34902,2.3422128,1.6794999837875366,2.2093024859341623,7.450226232529648e-16,3.318953803792069e-16,2.417858281609936e+43,1.0771162767838161e+43,1.8293204063073552,0.3233858291613351,13.69993500794002,0.21111714014879115,271.87900566866125,412.7923951489887,300.0,2.394606038812366e+43,1.0838742336361656e+43,2.2447514105250264,411.7844146557899,7.632307523461602e-16,3.7975408079263374e-16,2.476950011641411e+43,1.2324344530781794e+43,2.0098026353084153,True,False,CW-All
413,150.37905,2.3872078,0.3740000128746032,2.819892218808863,2.094388394559386e-16,1.071770509187e-16,1.2660053021584306e+41,6.47858415780249e+40,0.4116743014862733,0.08359836749411635,12.542344055198058,0.5251105941840644,184.47617832486551,280.0891643375274,226.46806851653523,2.8475919084101225e+41,1.0098229604012879e+41,1.9541388539866626,343.8452196696463,1.0574404077532845e-15,2.243814056394856e-16,6.391962285552435e+41,1.3563293703463827e+41,4.712691788072127,False,False,CW-All
414,150.22389,2.0622271,3.3499999046325684,3.878444734179189,5.04943736735772e-16,1.5698582507027434e-16,1.1112452601325936e+44,3.4548354861292857e+43,2.4154104773177094,0.29799423016497206,13.678391753462865,0.19942925101477954,169.23390557869772,256.94690567386033,202.26010217412025,2.2481696060368425e+44,5.796575070993328e+43,3.2164925496281915,307.0903978561891,1.0907601457957177e-15,2.7011647203760335e-16,2.4004695053605534e+44,5.94453653739637e+43,4.0381104401654975,True,False,CW-All
417,150.16887,2.52223,0.695499986410141,3.3257905788244364,5.106441074910036e-16,1.5296165563035101e-16,1.5121162210013302e+42,4.529491230327144e+41,0.8776292602567591,0.10432173573112172,13.210629599115595,0.2980955416325762,270.4755025982529,410.661464176191,300.00000000000006,1.5063968055380073e+42,4.529439752248235e+41,3.3383798402720766,410.26792732777034,6.121946408622419e-16,2.0996820042152927e-16,1.812827041922125e+42,6.217565562674124e+41,2.9156540830145152,False,False,CW-All
418,150.12383,1.997231,1.0145000219345093,4.669196404060334,9.181672452231885e-16,1.8949072769394388e-16,7.475568522737606e+42,1.5428027155936653e+42,1.398404919619549,0.11452454375827294,13.590696670140172,0.18953421184971883,318.57242816571306,483.686761055828,300.0,7.385672137997308e+42,1.5817865642950308e+42,4.8454468268556505,482.20852875794805,1.1783855022796467e-15,3.151500349820561e-16,9.594223290279486e+42,2.5659003778541837e+42,3.7391254052906615,False,False,CW-All
421,150.36396,1.9322103,0.3930000066757202,3.24865440372714,4.2154601472115596e-16,1.61551375293128e-16,2.8819243061398954e+41,1.1044555490711128e+41,0.5385595758334237,0.08190282526435619,12.804853790052126,0.4366979482491319,223.95907101399615,340.0358225963095,251.76429293814138,4.576924906391076e+41,1.4088678996263895e+41,2.609361968948137,382.2523377240169,7.281991381764473e-16,2.56944775587881e-16,4.9783765537648796e+41,1.756618182221928e+41,2.8340686690762715,False,False,CW-All
424,150.44912,2.4221937,2.311000108718872,8.791463606928843,4.330470827893402e-15,4.170538458178064e-16,3.402843903636345e+44,3.277170527481841e+43,3.9854061991280636,0.15231022659340482,14.3477673995926,0.28235278311412354,367.7006933964544,558.2779352593539,336.308551961986,2.39141049681518e+44,2.720150595778422e+43,10.383481344960924,510.6154200176199,1.5352483763153673e-14,8.643336995308626e-16,1.2063839673649782e+45,6.791854227977363e+43,17.762218193605776,True,False,CW-All
429,150.12383,1.912231,0.7224999964237213,3.889157957551718,8.456525193231228e-16,2.214241785760897e-16,2.7695106692871013e+42,7.251638362000739e+41,1.06653624128341,0.11081745496873728,13.39749875262518,0.24775004657368002,308.77246969087895,468.8075381410676,300.0,2.832957974309363e+42,7.284245086545036e+41,3.8191516606779454,471.5018161230698,1.0698144115514846e-15,3.2400637416287257e-16,3.503640513387783e+42,1.0611203652291515e+42,3.301831373890523,False,False,CW-All
432,150.26889,1.7672231,0.5180000066757202,2.5208388930002568,1.432554584776545e-16,1.0364613718920818e-16,1.9691991219744333e+41,1.424726740034598e+41,0.46311694874283826,0.13296338913618874,12.621652507958473,0.5202766367866384,185.03129531462724,280.931995402133,239.92042070294917,5.4982754336159e+41,2.1811292458567047e+41,1.3821591654316907,364.26985181717237,4.84555334505086e-16,2.0651533959039285e-16,6.6607300649858345e+41,2.838773682463816e+41,2.346340642134206,False,False,CW-All
433,150.46412,2.3921903,1.4330000281333923,2.3542034271977608,1.9917037732821858e-16,1.212031677696507e-16,4.17122864768393e+42,2.538360033117132e+42,1.0664929339198501,0.2575411710734575,13.21846721155661,0.3069594404620015,204.61796706775505,310.6703311227812,244.41185178699388,8.420101761602084e+42,3.576624544984476e+42,1.6432769950926223,371.08916686604726,6.549883995046943e-16,2.2603802411037087e-16,1.3717433348094283e+43,4.733918237656848e+42,2.8976912273170177,False,False,CW-All
436,150.26895,2.3722231,0.3910000026226043,3.516823144638841,2.0462201864690672e-16,1.0584723628056513e-16,1.381249191327911e+41,7.144950014842161e+40,0.4223173455149166,0.08668930807171288,12.563332699073579,0.5185262586725784,186.21175354830896,282.7242786292119,240.21055422365808,3.778912884487814e+41,1.0745245720554674e+41,1.9331824413867842,364.71035994185047,7.084985524091588e-16,2.0189752209085797e-16,4.782540310389709e+41,1.3628581663067389e+41,3.509198850347059,False,False,CW-All
437,150.24893,2.2822251,2.9709999561309814,2.136681690604184,2.1005346096979897e-16,1.3207293190024913e-16,3.3138040608689893e+43,2.0835829890222348e+43,1.6907167394152052,0.4218463434515031,13.380926927618779,0.25872436389632625,147.1480752203449,223.4141112234149,184.47440645120165,8.098342459993619e+43,3.790149227938427e+43,1.590435359824118,280.0864741115138,3.677066092961783e-16,2.1273381009153692e-16,5.800940624678576e+43,3.356089257043114e+43,1.7284822245131526,False,False,CW-All
445,149.92363,2.5822185,3.6480000019073486,2.6631114658106227,-7.289842176220593e-19,1.9095095011456068e-18,-2.0315183032946246e+41,5.321382010911318e+41,0.0004567656516744076,0.0,,,,,175.82923557568583,2.090329622743147e+44,7.849200642102575e+43,-0.3817651691100288,266.9605588412278,5.403965512566436e-16,2.321256772342567e-16,1.5059660530049076e+44,6.468830882296773e+43,2.328034354903728,False,False,CW-All
449,150.09881,2.0072309,0.221000000834465,5.737728187874062,1.4159577009871863e-15,2.2013490091329168e-16,2.4144764970257433e+41,3.7537176715072193e+40,0.5248240168426093,0.03237813151380004,12.822772145367502,0.4285607227420402,242.68461809285526,368.4667174723106,248.78073313952683,2.663237577163383e+41,4.641623809911015e+40,6.432227216641645,377.7224153333147,2.6606826019413303e-15,6.295432329630773e-16,4.536968585963981e+41,1.0734906408512185e+41,4.22636994987345,False,False,CW-All
457,150.08379,2.3072306,1.1570000052452087,3.318649989273021,6.19397700745082e-16,1.8679777633816837e-16,7.212858159185819e+42,2.1752516413247653e+42,1.344746862016046,0.16093189006603625,13.515761466945833,0.20873186088696777,284.6416712560251,432.16987993615174,300.0,7.21327282435166e+42,2.1735563701105427e+42,3.3158729878227167,432.1761656680506,1.1559412688782828e-15,2.9213538596185395e-16,1.346088369837161e+43,3.4019033323616793e+42,3.9568683713968897,False,False,CW-All
460,150.02374,2.3622281,2.1419999599456787,4.2277449509643255,1.222833658623528e-15,2.7978269082287993e-16,7.783889939249927e+43,1.7809435133834204e+43,2.5057789571050644,0.22750747766740212,13.917894426831783,0.19214530664140791,277.6965359354118,421.62511927477254,300.0,7.485866782505916e+43,1.770652409104866e+43,4.370655150349021,417.48124043277886,3.0517478616403683e-15,4.674157816903616e-16,1.942575697833584e+44,2.9753130974834966e+43,6.52897908282864,True,False,CW-All
465,149.99873,2.2522263,0.4869999885559082,3.5319802907202265,1.0511975445578382e-15,2.9884174016872006e-16,1.2339359421447398e+42,3.507918812370988e+41,0.8556423108114487,0.096526960271453,13.240983392523543,0.3027837283429253,301.40371044909364,457.6195916160616,300.0,1.2409123559623268e+42,3.513361496446191e+41,3.5175726923700585,458.27279691384666,1.7377543339968694e-15,4.598182790688485e-16,2.0398425989840688e+42,5.397523085319328e+41,3.7792197768124742,False,False,CW-All
467,150.37401,2.1872086,0.5690000057220459,2.29625094549598,3.5816774405394266e-16,1.6560105533300447e-16,6.272625209904924e+41,2.9001867748096834e+41,0.6727450790354399,0.12343167357950945,12.9797609713371,0.38554009819185714,238.56036126877825,362.204881077723,257.3440369785675,8.463527643473515e+41,3.68580257313533e+41,2.162834912698527,390.7240323335404,3.7749718232833384e-16,2.410405907786225e-16,6.6111434707648034e+41,4.221366416794506e+41,1.5661145747648637,False,False,CW-All
470,150.25891,2.0472241,1.11899995803833,2.1090542508189722,4.409196377906389e-16,1.5153584775661537e-16,4.687176140143225e+42,1.6108949321019867e+42,1.1743069183006636,0.16015371590846736,13.390339045868414,0.2389576998275649,262.3040435194161,398.2547829147263,249.6128345094077,3.8528362295210186e+42,1.8268075503628762e+42,2.909672162185731,378.9857902549461,5.786704105102311e-16,2.4438513937381587e-16,6.151529459520993e+42,2.5979251004066888e+42,2.3678625140339924,False,False,CW-All
471,150.13884,2.0522308,1.3170000314712524,2.9023051453715887,5.730676249593148e-16,1.9363952786143325e-16,9.515402862569237e+42,3.215254251799779e+42,1.4308651052210903,0.19186081848991648,13.538463544880148,0.20603484531606597,272.808812936522,414.20411639676655,300.0,9.309791814522326e+42,3.207723291732087e+42,2.959455805786704,411.9212021989354,2.024461486182535e-15,4.159785041563483e-16,3.3614822722100374e+43,6.90704356139051e+42,4.8667454350516826,False,False,CW-All
473,150.45914,2.4821915,3.5179998874664307,3.3759986094896752,1.7610765968783955e-16,1.321493693703162e-16,4.4384380709867955e+43,3.3305580978690886e+43,1.7499932059030188,0.5211019172859349,13.333505906184298,0.29084229015440455,125.16111026581218,190.0314235704395,191.87786357650782,2.4024313356932883e+44,7.116209494104163e+43,1.332640939014556,291.32710224174326,9.960651513382206e-16,2.788124210489964e-16,2.5103811479405266e+44,7.026904260958254e+43,3.572527893809937,True,False,CW-All
480,150.37398,2.0022086,2.3589999675750732,2.6212979607212064,4.471810398180158e-16,1.556547196672837e-16,3.720136387285062e+43,1.294904602222335e+43,1.9021123368368396,0.2627329448991524,13.602574217565758,0.19010421590392113,204.73501843024204,310.8480495610167,217.0849472951048,4.689242051187623e+43,1.7889008122897465e+43,2.872903826969576,329.5988784582624,8.118851886973739e-16,2.544750472293861e-16,6.754140636195234e+43,2.116999153719452e+43,3.1904314294734495,True,False,CW-All
485,150.47914,2.4071867,1.9045000076293943,2.5898919364983026,1.1464963608110954e-15,4.1951015024112314e-16,5.269130600991563e+43,1.928007663712314e+43,2.283112728411878,0.3315099799633939,13.872743754430726,0.2032995364400537,288.50595406275795,438.0369992137187,300.00000000000006,4.944534486932225e+43,1.9091663313248306e+43,2.7329406932159337,431.04693990376046,1.496048328222457e-15,5.149746047367381e-16,6.875620626673802e+43,2.3667484183135327e+43,2.9050914636601486,True,False,CW-All
486,150.29895,2.1572198,1.6740000247955322,2.462811162243457,4.747506952848807e-16,2.1157173431776618e-16,1.5268240506512678e+43,6.804262017995052e+42,1.572463843593431,0.2780815427580049,13.5505215385368,0.2180079863711495,242.86932125991837,368.74715127239773,257.323645260706,1.9187848838051607e+43,7.791035355131636e+42,2.24392306853163,390.69307170075245,8.912671857749883e-16,3.075395644618426e-16,2.8663637321920134e+43,9.890639618029247e+42,2.8980569941776406,False,False,CW-All
488,149.92367,2.2472185,1.6390000581741333,2.3365880704398143,1.1418488271103454e-16,1.0236958228648576e-16,3.463943228308952e+42,3.105511105559164e+42,0.9678452296921201,0.34432431654307233,13.075088004553816,0.3910840904701334,170.61688473249615,259.04667529723946,232.39968013901802,1.1750571219491284e+43,5.0289442833967226e+42,1.115418077915793,352.85115288878677,4.1166498502925304e-16,1.9459361746242455e-16,1.2488379401612186e+43,5.903244172759206e+42,2.115511240283841,False,False,CW-All
489,149.7386,1.962183,3.683500051498413,2.3842738093896347,3.157992992422736e-16,1.6994282744062117e-16,9.039844950238508e+43,4.864661872760441e+43,2.176408614316048,0.46476302852974466,13.527660934326375,0.23794208190996677,140.2506968309891,212.94185964742923,181.0943674762974,2.482537536374611e+44,1.0412132728204282e+44,1.8582678892559639,274.95457957366165,9.521674347695415e-16,3.471530907861124e-16,2.7256064207981567e+44,9.93735616966955e+43,2.7427882972708137,False,False,CW-All
491,150.2739,1.8722226,1.9925000071525576,2.3285960657148146,5.025698539199333e-16,1.5769988226910135e-16,2.6176821147922256e+43,8.213945944048459e+42,1.786471060888967,0.2224489598603267,13.610616697828778,0.1840408247957897,229.5253169017887,348.487023035119,224.572315184874,2.4014235527320596e+43,1.0312752770175659e+43,3.1868752638783895,340.96690783948685,3.9156167565230207e-16,2.1378505049761466e-16,2.0394856301038713e+43,1.1135194415913269e+43,1.8315671499989703,False,False,CW-All
496,149.80858,2.2771991,1.00600004196167,2.518311977578847,1.6547149147394867e-16,1.182632755819962e-16,1.3168424178762061e+42,9.411536475325376e+41,0.7882145093497088,0.22354790617811868,13.022148911825367,0.389512718761888,206.60500377142245,313.68723799331553,259.37266092007405,3.235801549915715e+42,1.2849089305554097e+42,1.3991789983799436,393.8040808779712,7.516493284080023e-16,2.3966329547475344e-16,5.981717516407664e+42,1.9072698908913915e+42,3.136272189360687,False,False,CW-All
499,150.14384,2.0522307,1.2325000166893003,2.594863207449413,7.200278072937358e-16,2.665437364920411e-16,9.967452910034609e+42,3.6898049145277876e+42,1.475771537539353,0.21678927934852077,13.589690417374143,0.20832134440326944,292.78628829983825,444.5358070838485,299.99999999999994,9.509767876088421e+42,3.664843622117531e+42,2.7013495675042267,439.28051209980646,1.9030854952562334e-15,4.46485610270836e-16,2.6344697893032924e+43,6.180767256905551e+42,4.262366919511316,False,False,CW-All
501,150.11882,2.002231,1.093500018119812,3.4921827768479186,5.83978466564278e-16,1.7233105613372211e-16,5.829895538217661e+42,1.7203922965877725e+42,1.2684326823282541,0.14853664112495749,13.473507764209186,0.21740947182166534,282.3534746308218,428.695723617364,299.99999999999994,6.118448337768765e+42,1.7520412672361158e+42,3.3887012571380857,433.9675177000796,1.0045755094419778e-15,2.722778652954119e-16,1.0028743550690312e+43,2.718167882764617e+42,3.689523231541605,False,False,CW-All
502,150.34401,2.3372135,1.7484999895095823,2.749312449760961,4.598613692294533e-16,1.5820540713960064e-16,1.6681886167181607e+43,5.739043915251327e+42,1.5994780138507507,0.2183595187973882,13.551320239310936,0.19558605502589024,237.07140366781738,359.9442049623888,249.5977729203094,2.0447050358406233e+43,7.437150462903553e+42,2.9067361068365454,378.9629223272687,1.1689669247449004e-15,3.721269871481247e-16,4.2405330120401427e+43,1.3499242281957856e+43,3.141311877710161,True,False,CW-All
503,150.38898,1.952206,1.5410000085830688,2.021041387463374,2.4560951430091847e-16,1.382938366708873e-16,6.284516374045263e+42,3.538583932554449e+42,1.1986987003801473,0.2678348790597931,13.30997734069258,0.27729929662775654,211.31163959201754,320.8332972070425,235.68231879047076,9.674706555488904e+42,4.786990813499228e+42,1.775997544166931,357.83516505261383,6.009653546309442e-16,2.413389533681416e-16,1.5377159236530288e+43,6.175243693038646e+42,2.4901299448092975,False,True,CW-All
509,150.23387,1.7622263,0.9124999940395356,2.5058781082675377,7.446631075394412e-16,2.8891281071116963e-16,4.552159988110173e+42,1.7661373628640198e+42,1.2105158755850856,0.1863703881474103,13.473424519106088,0.24067938408094247,303.1386660054638,460.25376507064556,300.0,4.4039775969894066e+42,1.757458825494963e+42,2.5774665571472077,456.4162817550559,1.3144822732964182e-15,4.196190812605836e-16,8.035490880368512e+42,2.5651508348166792e+42,3.132560772373753,False,False,CW-All
510,149.82865,1.9922031,2.5299999713897705,2.093743160167142,9.646429870754697e-17,1.1244446794724478e-16,9.744677258892613e+42,1.1358969736728827e+43,1.192414023561072,0.5515666723937654,13.106975532372516,0.4365317766070816,133.51165857280347,202.71001501950187,200.89728477225222,4.899707246572254e+43,2.3401663297522666e+43,0.857883900102625,305.0212397095928,5.331059204851337e-16,2.3793747471910107e-16,5.385355213831111e+43,2.4036083089796627e+43,2.240529454700215,False,False,CW-All
513,150.16887,2.56223,0.4054999947547912,2.1526591352695665,7.633338316595257e-17,1.1376144485187234e-16,5.642666881702739e+40,8.409399801981147e+40,0.31308705973567896,0.18515914445832365,12.261624679964173,0.7596615977696597,146.86875942121537,222.99002758576123,222.25095732142162,2.9014012052052973e+41,1.3478219369096585e+41,0.6709951975851355,337.44240299551865,4.725931781635653e-16,2.04370467677069e-16,3.4934726646985945e+41,1.5107341267088806e+41,2.3124338048211635,False,False,CW-All
522,150.53918,2.3671709,0.1110000014305114,2.572847104586853,2.0849351585516217e-16,1.3206583117958527e-16,7.494547288365505e+39,4.7472633040553676e+39,0.1694865470132068,0.04260225691418622,11.723679545305368,0.7941679916249995,108.62685504383712,164.92755503782598,144.98360775863404,2.345985005784479e+40,9.118244926416631e+39,1.5787089968157566,220.12781221130737,4.469140724033412e-16,2.1151566362320335e-16,1.606485763226155e+40,7.603181982672964e+39,2.1129124186257884,False,False,CW-All
524,150.40408,2.4622031,0.515999972820282,10.659511363547093,5.7591887040156616e-15,3.7428233396759305e-16,7.838414253079408e+42,5.0940855249313086e+41,1.5690823046169577,0.04046534096452207,13.836936781252568,0.16264691502112869,470.6442509991758,714.5765711303892,384.66319897912933,3.531305176841806e+42,3.3128208755590816e+41,15.387284360886554,584.0320139532188,1.5020383297504037e-14,6.608251521261861e-16,2.044315485682536e+43,8.99401210383604e+41,22.729739098423206,False,False,CW-All
532,150.05377,2.3322297,0.4620000123977661,2.3993361794619803,1.0821502116521946e-16,1.0784435278406042e-16,1.1109484448374028e+41,1.1071431185789499e+41,0.38746384787651644,0.15322883724565514,12.45894960765741,0.6111955017817579,167.0543809066706,253.63774538235606,237.45974625857468,4.460445262867001e+41,1.859033052995182e+41,1.0034370680669875,360.5338233765904,3.7006890121300377e-16,2.0382191506379703e-16,3.799171925102485e+41,2.0924603361504807e+41,1.8156482392836453,False,False,CW-All
536,150.14884,2.0722306,1.7080000042915344,3.4194261341880687,4.1884844749455467e-16,1.5353033687753265e-16,1.4240459049060713e+43,5.219889170345853e+42,1.5279568491681415,0.22225310734702525,13.514525889601979,0.20398917593304597,233.58114211145949,354.6449600868899,260.7348322050432,2.1993975444286935e+43,6.432066253570157e+42,2.728115211709981,395.8722580288427,1.4258963027059195e-15,2.850474474337286e-16,4.847915284956311e+43,9.691349046416296e+42,5.0023121257292775,True,False,CW-All
537,149.7936,2.107196,3.187000036239624,2.275859610661161,6.284201841537964e-16,1.8124349421352784e-16,1.2043930431227364e+44,3.47360586191175e+43,2.526850913271584,0.28919539876006795,13.747496415551213,0.20186575415358887,185.20679839399503,281.19846075980223,184.15769285204607,1.1776521177675637e+44,5.174537621964492e+43,3.467270297787559,279.6056096002943,5.373465592103403e-16,2.471014921640975e-16,1.029846707629758e+44,4.7358013891363405e+43,2.1745986011832503,True,False,CW-All
539,150.02875,2.3572284,0.7239999771118164,4.069366357241475,9.046012392336835e-16,2.183106602454927e-16,2.978889315505993e+42,7.189060384410558e+41,1.092257662607259,0.1046025625734349,13.42082213684817,0.24018891874192358,314.1577238364101,476.98393981560145,300.0,2.917205780996118e+42,7.168697838681748e+41,4.143642084250258,474.46553318870957,2.2183616826249166e-15,3.71653285087352e-16,7.305156822355586e+42,1.2238696477547245e+42,5.968901047392926,False,False,CW-All
546,150.04375,2.4872292,1.093999981880188,2.797281591831536,5.537576720375187e-16,1.610711203872103e-16,5.535087619216537e+42,1.609987200697744e+42,1.246704630284355,0.1439000533843351,13.456181518953908,0.21987323397695596,278.56970262695773,422.95084344785135,268.5180315039791,4.786739715729302e+42,1.711211245127151e+42,3.4379699520702496,407.68944660737236,1.0714810856928337e-15,2.709392023742723e-16,1.0709994626027089e+43,2.708174171392123e+42,3.954691961529812,False,False,CW-All
548,150.00874,2.1822271,0.6970000267028809,2.4353894646613106,1.3454271245022376e-16,9.509064778312656e-17,4.006800556747807e+41,2.8318832996614487e+41,0.5651849862807113,0.1585140282820634,12.77214692860607,0.46645688487952935,193.06402923835356,293.12805102553244,243.9610143984234,1.0103087358648218e+42,4.1484483304411654e+41,1.4148890094541748,370.40466294492603,5.098043302606837e-16,1.840229383683614e-16,1.518242227409139e+42,5.4803652942667544e+41,2.7703303445802003,False,False,CW-All
556,150.29393,2.0372204,0.9539999961853028,2.24626881969692,3.3148035564840437e-16,1.2797402840096213e-16,2.284851955035788e+42,8.821087102244133e+41,0.955651743402342,0.1464074446018358,13.227303553164747,0.28882543872706584,246.8511446228855,374.7927317283692,248.50572741079515,2.345986374338376e+42,1.0443925294101311e+42,2.590215841372328,377.30487565178015,4.3059447915412712e-16,1.979868415088972e-16,2.968033009372271e+42,1.364698131230396e+42,2.1748641266888282,False,False,CW-All
557,150.10882,2.017231,0.4774999916553497,4.399045306953623,8.192962135536109e-16,1.7921840388034e-16,9.146474906978192e+41,2.000761881774461e+41,0.7763475542781807,0.06739028698608732,13.146687514308681,0.32235901268813066,281.4398702995875,427.3086031989221,300.0,8.780329008458333e+41,1.995962395426836e+41,4.571495983753075,422.9145904847038,1.5105461457989194e-15,2.7648766681771673e-16,1.686346426337826e+42,3.086658359701689e+41,5.463340058472825,False,False,CW-All
568,149.98371,2.3222251,0.9169999957084656,6.158704007470538,1.6472256050596207e-15,2.524140384414432e-16,1.0204009802650564e+43,1.5636202561882094e+42,1.5800188312446026,0.09607759936652387,13.737438404343157,0.16830209151174672,370.56695785316015,562.6297687792097,351.3761908529411,8.269681912458134e+42,1.342763331770283e+42,6.525887447586462,533.4925330618595,2.601670935177552e-15,3.7901090296144444e-16,1.61164783040523e+43,2.347845345076481e+42,6.864369639102999,False,False,CW-All
569,150.4241,2.4721991,1.415499985218048,4.353885831696407,8.476601821575068e-16,1.8829866934452193e-16,1.71620375574867e+43,3.812363613789496e+42,1.7089063282716017,0.1506409982898747,13.691901083941271,0.17069434243562934,296.124928712163,449.60484641241044,300.00000000000006,1.6499411480612324e+43,3.789582942321583e+42,4.501679088377304,445.1481616267901,3.0944988596597622e-15,3.6618300830348483e-16,6.265235381931912e+43,7.413874891967186e+42,8.45068938069105,False,False,CW-All
574,150.03876,2.2172289,3.109499931335449,2.419343195762918,2.995868963697848e-16,1.4524898927741074e-16,5.362862563078035e+43,2.600081566849567e+43,1.9504811700656193,0.37525935380953246,13.50158107927455,0.22057170791428699,156.15618758049354,237.09107854853696,191.08596686313902,1.1910138502453856e+44,4.922880938641738e+43,2.0625747405209442,290.12476982840315,6.766584330281388e-16,2.6209728077241745e-16,1.2112766687894569e+44,4.691766268722268e+43,2.5817071853396687,True,False,CW-All
576,149.90869,2.0672165,1.1579999923706057,2.1749231724316527,2.6771771937504487e-16,1.3413475517749432e-16,3.1249265926105763e+42,1.565683677665951e+42,1.019227947602764,0.20264457751344037,13.239604803120814,0.2940145459857502,230.18700138054933,349.491654930652,247.32388591113946,4.150512639299604e+42,1.9083490818938496e+42,1.9958862937557562,375.5104922196003,4.530111236858144e-16,2.1245143115621452e-16,5.287757980528191e+42,2.4798325953471215e+42,2.1323044105676905,False,False,CW-All
583,150.28397,2.3872215,1.9139999747276304,2.950015852152255,7.430969357487343e-16,2.442239594712091e-16,3.4625635045547883e+43,1.1379955000767433e+43,1.983823383252774,0.2587290904005411,13.730908598087261,0.18711104345225776,257.9724427865137,391.67813740667634,268.0727674480165,4.030177342914577e+43,1.366154469974887e+43,3.0426864643324887,407.01340464641805,1.3355221683332853e-15,3.8456062452621445e-16,6.223051256341541e+43,1.7919137056211919e+43,3.472852089260757,True,False,CW-All
589,150.01375,2.1572274,0.4400000125169754,3.1363511199899956,3.9561404241993165e-16,1.2933831513449458e-16,3.5899476846232415e+41,1.1736635588311384e+41,0.5738539670420171,0.07444856790425296,12.855728870167951,0.413882651417151,228.54101271100848,346.99255940977196,243.2923121539705,4.596811028023282e+41,1.4656557420260858e+41,3.058753641630061,369.3893760144391,5.869215390830127e-16,1.9916388234997858e-16,5.325942444808465e+41,1.807286500573568e+41,2.9469275862560824,False,False,CW-All
594,149.71358,1.9971764,1.375,2.1474488309048616,2.9894371155492043e-16,1.5359523109218684e-16,5.587895039864578e+42,2.871022191778758e+42,1.1871233903133798,0.24203804190104083,13.338752768566259,0.2682934473432977,229.1389084245071,347.9003411747428,249.04297251522192,7.766658580744362e+42,3.616690870101784e+42,1.9463085502667485,378.12057193142834,6.551948223064602e-16,2.6377755595514836e-16,1.2246987496971025e+43,4.930564650056491e+42,2.483891474139926,False,False,CW-All
596,149.80361,2.1171981,1.152999997138977,2.5322535888642395,2.7925342210816813e-16,1.378209136945064e-16,3.221277785337241e+42,1.5898084409759816e+42,1.0305005072983007,0.20182004098346917,13.251798618017707,0.29040719955856226,232.79469921439716,353.45090817277514,261.2168742795913,5.078879002098239e+42,2.0056755075530194e+42,2.026204983136019,396.60413985261914,1.1339885548191927e-15,2.7659090123712565e-16,1.3080921669245679e+43,3.190564753174062e+42,4.0998765676930455,False,False,CW-All
600,150.10381,2.3672309,0.3289999961853027,10.616032472194089,3.392772220570399e-15,2.9670221647590434e-16,1.496266954498347e+42,1.3085043527168284e+41,0.9407998944731335,0.03264846793666858,13.376709821359572,0.26465674387516197,356.24544735568435,540.8854983605914,336.5130460022234,1.1945193958419301e+42,1.1252032234930144e+41,11.434940597573634,510.92590219131944,7.824199503578098e-15,5.48748810490599e-16,3.450597447015781e+42,2.4200702495710684e+41,14.25825323718335,False,False,CW-All
603,150.44911,2.4121937,1.509499967098236,7.138638895465152,3.2961973628999322e-15,3.7640991965229284e-16,7.967047895460024e+43,9.097986340107141e+42,2.7945794394968053,0.12663792070501728,14.159766964908433,0.20008350636887096,410.1658500631688,622.7525484709124,358.95431010013067,4.702873880665319e+43,6.587913956052375e+42,8.756935433435924,544.9983497286468,9.374433469773967e-15,6.667777955314165e-16,2.2658400642850122e+44,1.611630023256383e+43,14.059306612486424,False,False,CW-All
604,149.96369,2.3572231,0.7910000085830688,3.9876320371362795,6.849090401689915e-16,1.7018017547510662e-16,2.8538757054476304e+42,7.091059394067694e+41,1.0624731253067874,0.10475951555441376,13.375503501193185,0.24711979575429796,295.2716265400093,448.3092824295907,300.0,2.843635845167012e+42,7.131139028587931e+41,4.024611199611659,447.90177073983756,1.0378497053608527e-15,2.599846218004826e-16,4.3245071773392186e+42,1.0833026758754984e+42,3.991965748486921,False,False,CW-All
605,150.39399,1.992205,0.4379999935626983,2.5087309097136408,3.3756324282131553e-16,1.2045645911171946e-16,3.0281827727313352e+41,1.0805802530443407e+41,0.542626789029602,0.07683792571276717,12.800554896206775,0.43216986005510183,219.24099969743068,332.8724009321067,230.77915609673414,3.7087264418167025e+41,1.4783277183920997e+41,2.802367306083907,350.39072017105747,5.293626076317456e-16,2.0575313454491637e-16,4.7487597155449735e+41,1.8457521981864462e+41,2.572804583524751,False,False,CW-All
607,150.07878,2.5922305,1.6330000162124634,2.1071734934201563,2.6790741353397677e-16,1.3688756119454023e-16,8.04536990961607e+42,4.110789810956878e+42,1.2806425849991112,0.25966095677873724,13.355194673977484,0.255865722032134,211.97006171366283,321.83297588375603,233.77665086539054,1.1847736039241126e+43,5.622572643513586e+42,1.9571348280011747,354.941799949936,6.522820600916261e-16,2.4779912633335983e-16,1.9588298769410513e+43,7.441509767622485e+42,2.632301694292991,True,False,CW-All
609,150.04875,2.6372294,3.058000087738037,2.1013576699777494,3.828727420444117e-16,1.9352949017000732e-16,6.543578451205591e+43,3.3075621805491963e+43,2.096007655809444,0.4204216068284456,13.58117650683006,0.22791788412301536,168.03449481433998,255.12584692396146,202.0328760010053,1.3555456071493661e+44,6.450808572553572e+43,1.9783689902147445,306.74540161048793,8.316286361716719e-16,3.8509636983684626e-16,1.421314871881691e+44,6.581581895452842e+43,2.159533824024381,True,False,CW-All
611,150.45912,2.4121915,0.2619999945163727,8.708292936413104,3.4025323328550352e-15,3.739504305900716e-16,8.666954385835671e+41,9.525291775165158e+40,0.7952435586905932,0.03468257995422563,13.226339213636253,0.3096563850321285,325.72574947760955,494.54760935982193,300.0,8.227976887289058e+41,9.44843834189863e+40,9.098885987338056,488.0867572232485,1.562934693434668e-14,7.221885259628375e-16,3.9811182880581457e+42,1.8395637131952817e+41,21.641643937099797,False,False,CW-All
612,150.04376,2.3122292,0.7860000133514404,3.822017686522112,6.771420908690901e-16,1.7605183100204989e-16,2.7741850181709792e+42,7.212671588035677e+41,1.0536105475083526,0.1087026933649168,13.368489250782545,0.2502793807973255,294.28177309834246,446.8063934072214,300.0,2.7576759250519754e+42,7.215235907401972e+41,3.846265540181776,446.13218327278946,1.263784596523387e-15,2.919043579803758e-16,5.177602073695689e+42,1.1959036479457787e+42,4.32944751242237,False,False,CW-All
620,149.82862,2.1522031,1.0269999504089355,2.389350187015089,6.223827454649612e-16,2.6511186143517316e-16,5.2385937398341075e+42,2.2314457587228415e+42,1.240066683535326,0.20961198650153115,13.467874871697763,0.24349693478682594,288.49710070353734,438.02355720723193,300.0,5.366992812307987e+42,2.2462144065256242e+42,2.3476231583744136,440.71526175872026,1.1738148542403863e-15,6.445687481641364e-16,9.879996179126331e+42,5.425333259364032e+42,1.821085582544377,False,False,CW-All
623,149.82858,2.3422031,2.527999997138977,2.9208298081279493,3.157636542047559e-16,1.4570119316597231e-16,3.1828051066978965e+43,1.468625332540406e+43,1.7650470057907546,0.3231890990895983,13.497752640943453,0.21548477860927281,180.3070670306436,273.7592256482491,218.60355207489323,6.81428952422539e+43,2.3329978026322867e+43,2.1672001947510524,331.904567721734,9.358538613857619e-16,2.7186782746856396e-16,9.433132691104653e+43,2.740348035916463e+43,3.442311913475583,True,False,CW-All
624,150.42911,2.4671981,2.747999906539917,6.4311209746813125,1.995436213137514e-15,3.0203878458023197e-16,2.5353313115471724e+44,3.8375989310320345e+43,3.409552019801507,0.20479608236364585,14.115468984904902,0.2460262799490801,273.39167561978286,415.0890735948205,300.0,2.4550760700020016e+44,3.817493217228215e+43,6.606556227243249,411.7247272966787,4.074781716583129e-15,4.638880121896916e-16,5.1772748263044554e+44,5.893998488213519e+43,8.783977187401174,True,False,CW-All
628,150.46914,2.4271891,0.781000018119812,2.880334592448749,5.1982328387201315e-16,1.7673496011552437e-16,2.093734263347827e+42,7.118496862414352e+41,0.9608310310263493,0.12963229731582884,13.278051213098168,0.2811708988218897,275.10437966488706,417.68946270254565,300.0,2.0445579559190942e+42,7.098334899282969e+41,2.941258953702347,415.1853484233283,1.0490171591418899e-15,2.778712419857542e-16,4.2252112151943287e+42,1.1192044646615568e+42,3.7751915298801255,False,False,CW-All
629,149.93867,2.3472204,0.6840000152587891,3.187028187917385,2.7550094487972185e-16,1.1348353090042347e-16,7.807018092305432e+41,3.215843703567348e+41,0.7067264968551156,0.11552090452789732,12.998096331671096,0.36639473943817114,230.84522313077244,350.49102938454007,261.8475328268923,1.2846942699188754e+42,4.0310100638249455e+41,2.4276733610047887,397.56166524749574,1.0232025543603033e-15,2.250786901336428e-16,2.899503977190165e+42,6.378175606014391e+41,4.545977025869336,False,False,CW-All
634,149.95867,2.4872226,1.6959999799728394,2.9010065260813604,3.6865770733811837e-16,1.5741581863065872e-16,1.2292022430849782e+43,5.2486594883637394e+42,1.4581879585231605,0.2470802437617951,13.470609071566077,0.22113343483132464,226.7441559590372,344.2644017112338,254.59140127644517,1.942977302592962e+43,6.697597144731381e+42,2.3419355852863295,386.5447207252124,1.3705979297350421e-15,3.2021795191335297e-16,4.569935786132261e+43,1.0676912944802889e+43,4.280203285123468,False,False,CW-All
636,149.84358,2.412206,2.462999939918518,2.1899467219226576,2.876838633561985e-16,1.4321801931398888e-16,2.69758455668117e+43,1.342941910723467e+43,1.6857171092837229,0.33301693153394996,13.463506030904723,0.22576808768232276,178.76476999463625,271.41756456280086,204.53487630063978,4.593490323133281e+43,2.0975351944180807e+43,2.0087127634790494,310.54417486923774,4.852271940005446e-16,2.307136812268577e-16,4.549929807487774e+43,2.1633805116209831e+43,2.103157434878893,True,False,CW-All
639,150.02875,2.3522284,0.9300000071525574,3.3402899797438237,7.70217397178253e-16,2.274724483628577e-16,4.9559185111199327e+42,1.463658081135706e+42,1.2407764153616907,0.14541475207489937,13.493448655842517,0.22136230244273303,305.695164154699,464.1352821139397,299.99999999999994,4.878121502336889e+42,1.4603886285079374e+42,3.3859810395570356,462.28104133396096,1.4817935397132778e-15,3.4286217197781315e-16,9.534513320559816e+42,2.206126466492137e+42,4.321834430335364,False,False,CW-All
643,149.86366,2.0522095,1.315999984741211,2.1053363184066063,2.456107853549191e-16,1.3526404946841377e-16,4.06970383387788e+42,2.2412884674912574e+42,1.0802822394846898,0.23608676783930044,13.258916515882948,0.2924668012228806,220.2092841635004,334.34254189775965,243.74118759155508,6.0791745632267e+42,2.887507573054947e+42,1.815787611861147,370.0709011161965,2.448783570022196e-16,1.9216021017205491e-16,4.0575676955128056e+42,3.184042357610288e+42,1.2743447604629612,False,False,CW-All
656,150.07378,2.3822304,2.423500061035156,4.006389298007426,5.709474984445378e-16,1.6740818928093267e-16,5.118875330709111e+43,1.50091147190146e+43,2.0953267808854723,0.2437989032680199,13.687139941955934,0.18308574236005326,214.56393319100144,325.7712366450307,241.85256015992468,8.216451667607561e+43,2.050837064609274e+43,3.4105111637424965,367.20340850076116,2.3435778590743965e-15,3.447853671060698e-16,2.101153419726796e+44,3.091200705628786e+43,6.797208010145679,True,False,CW-All
659,150.03376,2.2172287,1.7610000371932983,2.1647953437579965,2.9947645373876015e-16,1.5955946010012834e-16,1.1080013070222363e+43,5.903371972372965e+42,1.3939598810745626,0.2947200011950221,13.411732542366025,0.24968067075770983,212.1118589570489,322.0482658565103,249.48818149479038,2.104443249608127e+43,9.721211086655884e+42,1.8768956322040056,378.79653027019714,8.572293079318176e-16,3.2244433133906943e-16,3.171572194569801e+43,1.192977731989752e+43,2.658534278992766,False,False,CW-All
662,150.2139,2.2772278,2.440000057220459,4.725266764139958,1.236595030270932e-15,2.5344919756072454e-16,1.1297488020083676e+44,2.315502814623768e+43,2.71713774292527,0.2209909750733754,13.942861545676461,0.20259678993398716,259.90567649535257,394.6133554868356,266.21725743761925,1.2421367185485656e+44,2.628712368104038e+43,4.879064688988227,404.1961940290294,2.5559653800373905e-15,4.646110036861873e-16,2.3351208401989493e+44,4.244669531781748e+43,5.501301862759515,False,False,CW-All
663,150.19386,1.7872289,1.22599995136261,5.316979790565439,1.7908725901501602e-15,2.713195873226568e-16,2.443486645026981e+43,3.701914875482882e+42,1.9883480171956005,0.11953864208352982,13.888057530600184,0.16061331310663052,369.0328055444223,560.3004737882642,335.5375341505878,1.6775463549743315e+43,3.155073784465017e+42,6.6006019241818725,509.4447879260142,3.267658325167199e-15,5.403734124914215e-16,4.458429662708615e+43,7.372915438053204e+42,6.047037566303419,False,False,CW-All
667,149.93365,2.5372198,2.316999912261963,7.027741525966666,2.421374561958412e-15,3.2027281981276343e-16,1.9164291198518867e+44,2.534841853173801e+43,3.2925953215726222,0.1728207652763763,14.15655370889087,0.23658519269501796,316.96741361997624,481.2498763211858,300.0,1.7570106673199748e+44,2.5001071266324045e+43,7.560349839783426,470.79071068020744,9.818352845800192e-15,6.97593891756989e-16,7.770866018949821e+44,5.521199689620182e+43,14.074596927836167,True,False,CW-All
672,149.87864,2.222212,0.578000009059906,3.2948735234900415,4.734430915743708e-16,1.499884464756156e-16,8.635870395135786e+41,2.7358742953116003e+41,0.7465221858344602,0.09384955147001083,13.080947001458457,0.34138198394692343,256.8814672165746,390.021715214545,268.2703445289611,1.0251138466397712e+42,3.1112388361236267e+41,3.156530404169103,407.31338483896394,4.888961973234767e-16,2.1362424268587326e-16,8.917743804689261e+41,3.896627294654356e+41,2.288580131059287,False,False,CW-All
673,150.41408,2.3722012,0.8840000033378601,5.054709264362331,1.015890759958139e-15,1.9663347246465986e-16,5.701590358291548e+42,1.1035866797017512e+42,1.3115797223837196,0.10074061351581674,13.560692225259952,0.19855506693386654,327.85213318486814,497.77608601754076,300.0,5.566565604117919e+42,1.1012632602560098e+42,5.166418246215537,494.766894378084,2.7040086355675292e-15,3.898390944907498e-16,1.5175991526809624e+43,2.1879348745382388e+42,6.936217208024759,False,False,CW-All
678,150.08379,2.3622306,3.4110000133514404,3.029532867251133,2.9266394767663477e-16,1.4884254078489447e-16,6.771025788861654e+43,3.443596965512652e+43,2.0361955037406547,0.4109384531974498,13.499534081397249,0.2274539079776537,145.5368190017761,220.96774979132883,190.7581638132192,1.972976349166633e+44,6.512477123104549e+43,1.9662654650567226,289.62706826523623,8.649881046541277e-16,2.7498055283627107e-16,2.0012224977375486e+44,6.361905624081328e+43,3.1456337393035896,True,False,CW-All
682,149.85361,2.2822078,0.2660000026226043,4.1702869858573814,4.673237526751494e-16,1.5617832540008714e-16,1.2341188663594252e+41,4.1243916404704994e+40,0.41674779067624146,0.05526824469934693,12.582092432602293,0.5057227749355001,198.35420158394308,301.16009052750184,236.61945536576903,2.4783323485351332e+41,5.942834047008891e+40,2.9922446119075152,359.25801434745983,1.6992366024117058e-15,3.0592249079317996e-16,4.48738147256663e+41,8.078868565321427e+40,5.554467728103329,False,False,CW-All
692,150.38899,2.007206,2.736999988555908,2.914004688404281,4.3134974263309074e-16,1.6460701737263167e-16,5.419929835492953e+43,2.0682949273214472e+43,2.048509356370331,0.3102102998922469,13.61014164555736,0.19888806503642395,186.0237818352136,282.43888221370696,211.74927488733954,9.043558788339484e+43,3.10348120726318e+43,2.6204821004478567,321.49775646278175,8.210421666430308e-16,2.722366082930227e-16,1.0316433500162153e+44,3.4206658072723978e+43,3.0159138838495214,False,False,CW-All
700,149.9687,2.3472236,2.50600004196167,2.5609823042944737,5.325417070797121e-18,6.419925273189215e-17,5.239248938660819e+41,6.316047405617323e+42,0.4544270727971761,2.173902204596767,12.150871660177444,4.001262582739292,64.51188670935623,97.94804186826161,206.74749045947473,5.2297449536134e+43,2.0420855485192993e+43,0.08295138719195129,313.90357474610477,4.635237165530565e-16,2.1083284604139391e-16,4.560236518022078e+43,2.074214564178488e+43,2.1985365433147477,False,True,CW-All
714,150.314,2.4122178,1.6169999837875366,2.1981322435589905,5.112943633566219e-16,1.7465485126559403e-16,1.4942348850067888e+43,5.1042098309754965e+42,1.5762693358497506,0.21366802441093294,13.565504051709647,0.19632655498738635,250.46133562866746,380.2740648256303,241.14821410426913,1.2863905904305263e+43,5.852198357036675e+42,2.927455834473828,366.13400376826735,8.987383916635146e-16,2.773898093863293e-16,2.6265227109140705e+43,8.106592985092973e+42,3.2399834501916183,True,False,CW-All
728,150.07879,2.2922305,1.7699999809265137,3.7707042701475912,9.26508832468065e-16,2.421395905829023e-16,3.4765855816984003e+43,9.085925356333693e+42,2.0326185911151513,0.21080047863387957,13.785280081540146,0.17614311799648502,281.70801982861013,427.7157331502439,300.0,3.4362833200274856e+43,9.113107456430106e+42,3.826341781770101,426.4558179163184,1.7034592554134164e-15,3.717540210184224e-16,6.391975638920963e+43,1.394951266647098e+43,4.582221466621341,False,False,CW-All
734,149.86362,2.3172095,0.4280000030994415,3.4890048410980756,4.690482207522359e-16,1.6516887226350636e-16,3.9699851062255124e+41,1.3979755894747388e+41,0.5947069907901464,0.08310233247743484,12.89441672119398,0.40622896359899774,236.56571722153478,359.1764240193845,266.56085046836546,6.3636762729106045e+41,1.82392302754954e+41,2.8398100339628636,404.717869433018,1.6631895394959944e-15,3.348100161184143e-16,1.4077097851559628e+42,2.833804113516387e+41,4.96756207827356,False,False,CW-All
739,149.94372,2.012221,1.9429999589920044,2.2750962270399744,6.984029391208784e-17,9.635428997680914e-17,3.392747165920072e+42,4.680761290245368e+42,0.9151332253488198,0.5010127518417317,12.954751148507473,0.5291333628333029,140.89519438864218,213.9203967354143,221.75096624266143,2.0374475535701375e+43,8.95543462889466e+42,0.7248280686713299,336.683269297619,3.673662071614697e-16,1.999589925463141e-16,1.7846154252597737e+43,9.713737833287122e+42,1.8372077318622269,False,False,CW-All
747,150.26897,2.5472231,0.9100000262260436,3.2717894126212768,4.837656167789977e-16,1.4807511923427256e-16,2.9354938943648716e+42,8.985210881949319e+41,1.0473534263646833,0.12721543580419375,13.329950311350357,0.25721794604703335,271.80018689395234,412.6727250379598,300.0,2.942555477001022e+42,8.993719050650998e+41,3.2670283791135932,412.9236577696454,4.903299959021715e-16,1.9510783390999623e-16,2.975326602949401e+42,1.1839160025446733e+42,2.5131230564958353,False,False,CW-All
748,149.77359,2.1271915,1.878000020980835,2.3164482327781646,2.6654459158481835e-16,1.541586406913725e-16,1.1783686573739487e+43,6.81520901902375e+42,1.3962259440752827,0.3204447497033849,13.388682053866866,0.26028712709388463,200.65632889481,304.6553977295179,236.23568990961192,2.246411312364552e+43,9.697653850310239e+42,1.729027905211255,358.67534537148316,8.274895840521228e-16,2.8702773344458236e-16,3.6582538942274515e+43,1.268922707743452e+43,2.882960381986536,True,False,CW-All
754,150.04375,2.6372292,0.5180000066757202,2.114690407520562,4.941542307612123e-16,2.3701317534371163e-16,6.792677135487417e+41,3.2579989743009405e+41,0.6978370643892428,0.13281999588889834,13.029805774304254,0.3784106714447643,253.10240851064927,384.2839912193032,260.91286171038706,7.659700066918944e+41,3.622137803093272e+41,2.084923042968392,396.1425592451406,9.616287047476829e-16,3.386010738272517e-16,1.3218612548365306e+42,4.6544330273057614e+41,2.840004887988892,False,False,CW-All
755,150.15385,2.0522305,0.3269999921321869,4.170412147524206,1.0118788039326442e-15,2.51689126222073e-16,4.3966262319518214e+41,1.0935924444155656e+41,0.6273962586426631,0.061926614512113086,12.97390051703245,0.38276961631450096,261.70902997444773,397.3513771303426,269.8935321940688,4.965697906996301e+41,1.1906971616568452e+41,4.020351689885214,409.7778617205392,1.6338651547958905e-15,3.48689414838282e-16,7.099164812158478e+41,1.5150599282480566e+41,4.685732016137219,False,False,CW-All
758,149.7636,2.0321891,0.6949999928474426,2.3490211529475262,2.507419051446738e-16,1.320932770448777e-16,7.410869292528435e+41,3.9041181011866034e+41,0.6931063429853535,0.14489490876877742,12.975788808091925,0.3869279530019244,225.91040461083594,342.9985216366166,255.09421744644982,1.1979095234382799e+42,5.099611478317919e+41,1.898218522199931,387.3081437435708,5.42442880806646e-16,2.3394643396654955e-16,1.6032315324401717e+42,6.914466261947284e+41,2.3186627451829693,False,False,CW-All
760,150.21891,2.3472274,0.6610000133514404,2.3314185117478967,1.6631906025245835e-16,8.722196575981657e-17,4.307242623213123e+41,2.2588281104454147e+41,0.5830961815200931,0.12134545221950513,12.812814922219768,0.43123367740591645,202.13316148586298,306.89766450916693,231.79583095058763,7.400327235267756e+41,3.1741736620764962e+41,1.9068483357787616,351.93433199565493,2.707449235953535e-16,1.4023221289360586e-16,7.011608129328942e+41,3.631659315570888e+41,1.9306899464017417,False,False,CW-All
767,149.99875,1.9722263,2.3499999046325684,3.249878330994407,1.063337379184794e-15,2.537876214763696e-16,8.752677134927032e+43,2.0890087709760657e+43,2.5282698811913704,0.2394540820394348,13.887511915820582,0.194772664154653,255.43070297322893,387.81902786347746,244.98052434396814,7.420535069526498e+43,2.283327039894426e+43,4.189870936174885,371.95257927360547,7.846310510462134e-16,3.120111889247688e-16,6.458554353756481e+43,2.568265963937888e+43,2.5147529284130936,False,False,CW-All
768,149.85859,2.4572086,3.6480000019073486,2.6689215549873526,6.830586642008402e-17,1.0897545722954004e-16,1.9035339106167132e+43,3.0369057466548354e+43,1.3040898185479026,0.8256151599104619,13.022657182094829,0.5588889728850949,95.89712478738706,145.6000757819819,178.72620832932412,2.229804393986044e+44,8.35470188256099e+43,0.6268004572461506,271.3590165989889,5.195224009254632e-16,2.4672622094939633e-16,1.4477943979286903e+44,6.875715847407736e+43,2.105663512075668,True,False,CW-All
780,150.21391,2.4572278,0.5680000185966492,2.0509904708442175,1.2313198955822032e-16,8.581554608783996e-17,2.1466158283537316e+41,1.4960613420761405e+41,0.4717743098161603,0.1304754552358232,12.62676569915986,0.511445693357506,182.01629889291334,276.35434295992246,223.78852266194806,4.8574528814512205e+41,2.3683449291950258e+41,1.4348447941143856,339.7768799738091,1.9885136511566978e-16,1.3969058051655766e-16,3.4666660498100166e+41,2.4352892557378906e+41,1.423513055643002,False,False,CW-All
782,150.22891,2.2722267,0.6269999742507935,3.5479743430573065,6.654655803791506e-16,1.8625512526953477e-16,1.5005370093303822e+42,4.1998071257895485e+41,0.8875731126221732,0.09857941385743865,13.240139566719064,0.2931790169612801,284.51771901557106,431.9816839329508,300.0,1.4894380509994654e+42,4.197995551782963e+41,3.572871240005544,431.1710501593744,1.5326722086422725e-15,2.9446885958820853e-16,3.455973441826297e+42,6.639883938935912e+41,5.204870256181226,False,False,CW-All
786,150.12883,2.0072309,1.8860000371932983,2.5857788448768133,1.4986335354274565e-16,1.1028771883691304e-16,6.703778783683311e+42,4.933457394097644e+42,1.1568961515851368,0.33785125994036425,13.199840349584774,0.3233023572162752,173.14122447453587,262.8793664082121,229.9395130201389,2.0574441961380896e+43,7.956767842750708e+42,1.358839906412016,349.11589471770696,5.934575680213397e-16,2.1538909620369041e-16,2.6546905293848157e+43,9.634916203547873e+42,2.7552813883397107,False,False,CW-All
793,150.19386,1.8222289,1.4210000038146973,2.095584205060116,6.12717960709504e-16,2.8402136012955663e-16,1.253845759345121e+43,5.812119128179397e+42,1.5386977270538877,0.28303696799574646,13.586171777046612,0.2237893928611176,272.50580689093425,413.7440639885449,300.0,1.2114514114579896e+43,5.780972239305635e+42,2.1572953542297384,410.1591768408537,1.2729718197261405e-15,3.864291004193036e-16,2.6049674079754874e+43,7.907757237722152e+42,3.294192436193014,False,False,CW-All
795,149.99371,2.4772259,0.3420000076293945,2.736550320123789,1.3091142252568374e-16,1.0901677761047618e-16,6.347660605842255e+40,5.28602845544758e+40,0.3295894228877128,0.10891520765605586,12.329230861587577,0.6271808174082094,158.62796560281316,240.84396549028722,222.19130504147807,2.404703553789524e+41,8.787353684330373e+40,1.2008373884746302,337.3518332678068,6.616019113048754e-16,2.1247260229547011e-16,3.2079892710019e+41,1.0302416255137245e+41,3.1138222253466545,False,False,CW-All
797,150.02878,1.8772284,2.1325000524520874,2.3661174686363755,1.4900440988921186e-16,1.2833820794039066e-16,9.368613261249594e+42,8.069231224292805e+42,1.2447300007277122,0.42543328501285776,13.2232192715167,0.346279904037743,163.3957070609481,248.0828010565506,221.8580819565208,3.138436194547592e+43,1.326407600699687e+43,1.1610292233348,336.84590249532897,4.202224541914408e-16,2.2745787722936336e-16,2.6421376789720237e+43,1.430135448052253e+43,1.8474737358411994,False,False,CW-All
809,150.05878,2.1322299,0.6050000190734863,2.5418616799883327,2.17746850165266e-16,1.131558765808412e-16,4.47265415536225e+41,2.3242912639555103e+41,0.5971232202362129,0.12313702335030303,12.851442186726711,0.42430771801578193,213.03221669079923,323.4456399287536,249.14733297547815,8.305835519981148e+41,3.2676189996378058e+41,1.9243088096242407,378.27902184278526,7.336073229333558e-16,2.2448381817365635e-16,1.5068745374877746e+42,4.611035619591927e+41,3.267974185853571,False,False,CW-All
811,150.21389,2.1922278,0.1019999980926513,2.113894659075919,9.173742937608563e-17,1.206202815138928e-16,2.74081444224195e+39,3.6037396278595554e+39,0.1216588844081152,0.06347709749451513,11.39567601913934,0.9703074920634089,84.7146687000258,128.62181436529934,130.7782968218467,1.5249075295587964e+40,7.213734719521945e+39,0.760547299547792,198.55996694495082,1.7369503785387358e-16,1.7716286463754268e-16,5.189439812445421e+39,5.293047138228538e+39,0.9804257693012364,False,False,CW-All
814,149.88861,2.5122135,0.5450000166893005,5.708535637212207,2.22614766996559e-15,3.185736868076461e-16,3.487558370508879e+42,4.990883322969558e+41,1.1930517542969674,0.06775083855899224,13.556477095017414,0.21218771078086243,375.04574282065084,569.4298832990521,343.6130847591284,2.4675522616313697e+42,4.322566098293487e+41,6.987857949830399,521.7058518858734,6.374354157785911e-15,5.173884909978005e-16,9.986279212069502e+42,8.105583411778915e+41,12.320247297137907,False,False,CW-All
819,149.8736,2.4672112,2.489000082015991,3.6744343284256846,4.570625535265332e-16,1.6174844412011966e-16,4.412541583554051e+43,1.5615406036840514e+43,1.9770499229477723,0.2776396992827788,13.617565568624322,0.19194705914718863,199.7774855929808,303.32105479034726,234.85826247534695,8.363605843388511e+43,2.2761614702668827e+43,2.825761669689408,356.58400489325913,1.4420531530500209e-15,3.0726698769557455e-16,1.3921769469918e+44,2.966395627904804e+43,4.693160055575961,False,False,CW-All
823,149.83358,2.3972041,2.277000069618225,3.0780495793467444,3.501498158816798e-16,1.69733895638933e-16,2.640609480512443e+43,1.280026187818785e+43,1.7178078716527505,0.3304370409625104,13.516322086488309,0.2218540758998736,196.14246875114148,297.80202876309147,238.38342474627592,5.708266589814442e+43,1.8545076817852656e+43,2.0629339506031092,361.9362393312467,7.07763758681551e-16,2.8711569944186474e-16,5.337508707327608e+43,2.1652458563803488e+43,2.4650820559704685,False,False,CW-All
824,149.99876,1.9172263,0.4480000138282776,2.843144044582817,2.6109551128755674e-16,1.280488706184641e-16,2.4795549872303537e+41,1.21604624371173e+41,0.5068691980746584,0.09864423438150018,12.730060529349991,0.46480520370359685,206.8605359853777,314.0752111447433,244.54553740318954,4.8045725650541345e+41,1.6898801079771268e+41,2.039030176732444,371.2921409999663,9.704399452495984e-16,2.459429511671253e-16,9.216011390563765e+41,2.3356551329944674e+41,3.9457928785694563,False,False,CW-All
825,150.29394,2.1122204,0.2319999933242797,3.0927749504349102,3.3550576513071245e-16,1.3291634927774845e-16,6.410546790551881e+40,2.5396477939578164e+40,0.3376210958048934,0.05307713242742594,12.380925718175043,0.5717266071514832,172.17587351684452,261.4136793721545,206.11201920093845,1.3053090433322506e+41,4.220510914150726e+40,2.524187332512597,312.93874223829715,6.165924715435452e-16,2.253043926694768e-16,1.1781302440487014e+41,4.3049166405884227e+40,2.7367086111281056,False,False,CW-All
826,150.27397,2.5422226,3.052000045776367,2.5735124776929963,1.362733073190622e-16,1.0815224069945142e-16,2.316361051682233e+43,1.8383617667825407e+43,1.4871718331870445,0.46836597305739447,13.240502606441032,0.3108176831187942,129.5575694834519,196.7065433582325,186.3187329134669,9.738608037316916e+43,3.784169737559233e+43,1.2600137217476384,282.8867048094403,4.0314911966074397e-16,1.9861577340418893e-16,6.852691383028465e+43,3.3760525139823344e+43,2.029794073003073,False,False,CW-All
829,150.31898,2.2822172,2.4385000467300415,4.793453677872814,1.0319449737868134e-15,2.1968056796059022e-16,9.411740360935619e+43,2.0035724001840837e+43,2.558224615091796,0.2161091898238173,13.883138186744356,0.19332653577170003,248.36350625365415,377.0889420531092,259.84774027545717,1.1252874202449095e+44,2.347550421608073e+43,4.697479542077385,394.5253912436324,1.5154101051910433e-15,3.336838838863411e-16,1.3821130789617772e+44,3.043327074158149e+43,4.5414542876371575,False,False,CW-All
831,149.92366,2.3622185,2.0799999237060547,2.233858193645725,2.1581927253959678e-16,1.1387332180518688e-16,1.2663371590686834e+43,6.681609901267612e+42,1.3861397392547226,0.29022728493584515,13.340609851975243,0.2491536549452277,181.64128542807958,275.784962084113,212.49404922099225,2.354217625330792e+43,1.0538796204823712e+43,1.8952575468801884,322.6285432268347,4.845436997366205e-16,2.0012054007398974e-16,2.8430996219604233e+43,1.1742235677404172e+43,2.421259204864589,False,False,CW-All
836,149.80357,2.2871981,3.259999990463257,3.2604798649375124,2.2963450389925537e-16,1.6020024066933968e-16,4.68621159593435e+43,3.269248360975807e+43,1.8332107782877471,0.5075021442676759,13.41709666258679,0.2754630921175878,141.3278265736806,214.57725979639733,204.92954326767625,2.0355192894377225e+44,6.243005243882202e+43,1.433421716096114,311.1433955490711,1.0750882761651426e-15,3.304771894690826e-16,2.1939608642734544e+44,6.744134749720554e+43,3.253139128580374,False,False,CW-All
838,149.87861,2.427212,1.5110000371932983,2.6822271791325556,4.126696596840634e-16,1.4609612932572487e-16,1.0001758983408265e+43,3.540890975710309e+42,1.4053541776451108,0.1974337608282676,13.475138197402352,0.21129718773485615,242.39393618038196,368.0253767274405,251.20407256538195,1.1517565024594512e+43,4.294030391683431e+42,2.824644715699527,381.4017582211462,7.516571460514887e-16,2.484700045058644e-16,1.821770376508691e+43,6.022097921074746e+42,3.025142401177636,True,False,CW-All
844,150.52417,2.387175,1.6390000581741333,2.2667346932637233,3.259557959493391e-16,1.3485935129591112e-16,9.88828245297707e+42,4.0911294525546294e+42,1.3697784110655316,0.22489103064272442,13.42085052869165,0.22613208317783326,222.47242189820264,337.7786514412759,233.5746376959159,1.1987144197360332e+43,5.2882872587531747e+42,2.417005515873499,354.63508446863585,7.687806060681447e-16,2.331979409119216e-16,2.3321934666117187e+43,7.074355283279364e+42,3.2966869392663796,True,False,CW-All
846,150.38407,2.4672069,3.259999990463257,5.0735826534590105,9.946429601959173e-16,2.295010319827979e-16,2.0297939964324715e+44,4.683487799501261e+43,2.9786334389559146,0.27273065123176443,13.900298885187063,0.22310383030515604,204.7835595762197,310.9217493152957,236.2681656978441,3.572288427138435e+44,7.040958374262335e+43,4.33393676534958,358.7246531816825,3.4777450367657384e-15,5.126866386969554e-16,7.097125580981814e+44,1.0462530806765523e+44,6.783373652187967,True,False,CW-All
847,149.95867,2.5472226,1.2475000023841858,2.4093983310938962,3.295988903466258e-16,1.4870006922390853e-16,4.716441912219486e+42,2.1278446602171966e+42,1.1486988809290581,0.20565112375181185,13.33660903828905,0.26163061818233196,239.74718721722482,364.00683237101737,256.22071681966526,6.133219207799917e+42,2.5455397427022206e+42,2.2165348817042223,389.01850153033627,5.308276592732104e-16,2.316410384926435e-16,7.59595342608278e+42,3.3147001841777765e+42,2.291595922412809,False,False,CW-All
856,150.22389,2.1122271,1.222000002861023,3.997794593127259,9.490038593714076e-16,2.4058674022597786e-16,1.283296148058238e+43,3.253348592390218e+42,1.607700515689508,0.16173660383581243,13.6774988247681,0.17948723130045402,314.4350203922354,477.40495764728047,300.0,1.3045212903660665e+43,3.263102342998593e+42,3.9445393311369905,479.39043843592617,1.0819374890493307e-15,3.2844079488459086e-16,1.463056444318861e+43,4.441360304053577e+42,3.2941629234258407,False,False,CW-All
858,150.18889,2.5622292,0.7900000214576721,3.6349789508754564,5.762642890092435e-16,1.5842739500233204e-16,2.3930843493388985e+42,6.579101407419175e+41,1.0024930888579673,0.1093677859912548,13.317921560001876,0.26333531771767454,282.6204905579668,429.10113242720587,300.0,2.3956556085445298e+42,6.590562533979888e+41,3.637403045103159,429.21773115793906,1.048247984819599e-15,2.5483939880239424e-16,4.3531169543937905e+42,1.0582855618512245e+42,4.113367045071488,False,False,CW-All
861,150.08881,1.9022307,0.335999995470047,2.1358512276625534,1.5669590755122952e-16,1.0256520813992667e-16,7.27549468404794e+40,4.762170488379495e+40,0.34521926625343424,0.08966787876799462,12.376894936157482,0.5907786444807738,164.92591213438914,250.40610298191027,203.3385477025741,1.6644582045262404e+41,7.792950103307527e+40,1.5277686302498794,308.72779575542495,3.489303930630545e-16,1.711920482239428e-16,1.6201069061124252e+41,7.948560088573937e+40,2.0382394899943335,False,True,CW-All
866,150.41407,2.3572012,2.3910000324249268,3.0706835025347616,5.891804084876763e-16,1.7596988845075528e-16,5.088134718158356e+43,1.5196678061223566e+43,2.1005580151824406,0.24895691950562274,13.695514933970008,0.18419199699218927,217.90893998889177,330.8499420216922,228.95966142435452,6.186931470215537e+43,2.0148385416824628e+43,3.3481887934057357,347.62819144279024,1.3583007915538657e-15,3.124837117112623e-16,1.1730222722352724e+44,2.698594860779925e+43,4.346789098591314,False,False,CW-All
868,150.41909,2.4072002,1.2719999551773071,15.820691095122609,1.9450632294842684e-14,6.979239457848025e-16,2.9357482283021634e+44,1.0533996819582366e+43,4.490738487238831,0.06394279265398427,14.687880658780331,0.3129359487016855,670.2170355745551,1017.5868294944463,481.838711813619,7.966383416997853e+43,5.0354206204391574e+42,27.869272020708223,731.5730592580055,5.0621780471412427e-14,1.3518815009316295e-15,7.640512661989638e+44,2.0404394371728573e+43,37.44542730744311,False,False,CW-All
870,150.12883,2.6072309,0.9869999885559082,2.7948696708880467,5.103546205323689e-16,1.820449220192069e-16,3.856899582245572e+42,1.3757668794168875e+42,1.1292464975621297,0.15984340766283175,13.384942283161308,0.24860965975579277,274.9906860170011,417.51684226387425,300.0,3.8451742593869685e+42,1.375797340190534e+42,2.803454306066956,417.19534689404486,9.441665376308757e-16,2.8257831542057405e-16,7.135343500486266e+42,2.1355272252857854e+42,3.3412561619444507,False,False,CW-All
878,149.88864,2.2822135,1.1080000400543213,2.054203923371174,3.82812733055013e-16,2.1651444797326717e-16,3.9613230447930756e+42,2.2404784329989863e+42,1.1130009949320467,0.24980177446392607,13.339725473955951,0.29017676747531446,253.3791924063897,384.7042306820023,269.56567712900437,5.059868832836205e+42,2.4631774748693914e+42,1.7680701525390974,409.2800811830652,6.812542188211174e-16,2.936939537514496e-16,7.049577517555505e+42,3.039127298163349e+42,2.3196058690321437,False,False,CW-All
880,150.21892,2.4972274,0.3120000064373016,2.942192492583147,1.342171719836978e-16,9.9372276687377e-17,5.2020499575779535e+40,3.851515719529409e+40,0.31035263570880817,0.09118261716859828,12.27704110973282,0.6311423465674313,154.19435639533452,234.11244107776912,217.53863711511627,2.027481172329108e+41,6.891055488177959e+40,1.3506500651679951,330.2877132103119,1.024747875141003e-15,2.2700047569688e-16,3.971764239715048e+41,8.798187277500974e+40,4.514298359926686,False,False,CW-All
883,149.90366,2.2122158,2.382999897003174,3.444410926021503,1.4799923325065546e-16,1.374009526094676e-16,1.2662848603958173e+43,1.175605726271973e+43,1.326807371807519,0.4888072213991072,13.239621444093077,0.35811642879569894,153.9153703686356,233.6888581317785,240.4267651804197,7.381545650419429e+43,2.1430502367339624e+43,1.0771339677048033,365.038631845301,1.0379342978143168e-15,3.1530353408264427e-16,8.880589841853195e+43,2.6977443252151493e+43,3.291857482137398,False,False,CW-All
884,149.9937,2.5772259,0.6290000081062317,2.4991548826936425,2.694972603389974e-16,1.1420973865298757e-16,6.1276496916639664e+41,2.5968251735163638e+41,0.6595331816407807,0.11091362318491287,12.94398839396414,0.38594443666795203,226.48399103336806,343.86939473915595,245.47277988457452,8.423620574221994e+41,3.370587646469849e+41,2.3596697052064197,372.6999681465805,7.074405950698678e-16,2.1122698408370474e-16,1.6085314332314805e+42,4.802738856281905e+41,3.349196117810044,False,False,CW-All
887,149.83357,2.4072041,0.7149999737739563,2.122068165237929,1.541427570100325e-16,1.0654596647571602e-16,4.91060585623369e+41,3.3942901832207167e+41,0.602375081933544,0.16522674538652635,12.830787213674036,0.44797851289127655,200.47561631968463,304.3810228231655,241.0614389484322,1.0176588670359017e+42,4.795599329495622e+41,1.4467254097804325,366.0022535276438,6.046847596396405e-16,2.0902783618793214e-16,1.9263756399974192e+42,6.659108325365614e+41,2.892843224459264,False,False,CW-All
888,149.96368,2.4472231,0.8880000114440918,2.9065567232683174,6.568065593070373e-16,1.526662793107239e-16,3.7313112734624834e+42,8.672955545247291e+41,1.1388825522781372,0.1050470930830694,13.419098756777204,0.23024054427536947,293.61928977113547,445.8005486244972,266.9766522276408,2.5619798272116428e+42,8.814484185709574e+41,4.302237286927189,405.34917895136886,8.079518414975802e-16,2.2988765540444657e-16,4.589966059071288e+42,1.3059893938109753e+42,3.5145507925431323,False,False,CW-All
906,150.02877,2.0372284,0.3089999854564667,2.5722633196536386,7.711314012445666e-17,8.857327981180915e-17,2.9195540067262812e+40,3.3534424035397492e+40,0.2564713452177151,0.11689949826709428,12.08797401885343,0.7434590880021928,133.52167026844677,202.72521572179195,209.464017101973,1.7308990422225116e+41,6.729089627012141e+40,0.8706140304197638,318.02806216831317,4.2425576741709505e-16,1.8647759025578212e-16,1.6062601310752168e+41,7.060163740151756e+40,2.2751032273377425,False,False,CW-All
908,150.22891,2.2322267,2.361000061035156,2.1910730225293373,1.3193347536203943e-16,1.1575188818689675e-16,1.1001492896860133e+43,9.652164260752086e+42,1.2703217302697176,0.44226876425719314,13.20033669913032,0.34836094107906646,150.26867436222182,228.1520996933489,206.3181437208147,3.8512147436501735e+43,1.7576843418958247e+43,1.1397954489434796,313.2516999602419,3.9969517985190926e-16,2.1216409462853929e-16,3.3329249229458333e+43,1.7691656902234694e+43,1.8838964272050966,False,False,CW-All
912,150.01874,2.3622278,1.7960000038146973,3.601786559490569,4.936970107079552e-16,1.6514797987178183e-16,1.9288125699414665e+43,6.452125343443978e+42,1.665348078851878,0.22106360481865325,13.581355816717153,0.19095646690612608,238.85751245918436,362.6560440916064,264.4097315273013,2.882375919688319e+43,8.002628340353398e+42,2.989422038896591,401.4518374062038,1.979727612899778e-15,3.769810331592161e-16,7.734548563187757e+43,1.4728178206797884e+43,5.251531081839999,True,False,CW-All
913,150.35401,2.277212,0.8999999761581421,3.6355679097664,5.79910084956455e-16,1.6111453062216815e-16,3.4156839684663195e+42,9.489683549380566e+41,1.103412870890096,0.12164984326513546,13.384465681524887,0.2422905963410658,284.5481681969122,432.02791475708227,300.0,3.458866394277547e+42,9.513964475772353e+41,3.599365511708003,433.4032898510832,1.266856723641669e-15,2.618070304865394e-16,7.461815742713874e+42,1.5420495350271312e+42,4.838894972710839,False,False,CW-All
916,150.0888,2.4022307,2.130000114440918,7.729257247044921,3.820993534393772e-15,4.17968431889624e-16,2.3946379653799917e+44,2.619431481168502e+43,3.641806096802564,0.15808237675820414,14.292415108568022,0.25979577846311264,371.5036223619196,564.051901338033,342.01634314793273,1.7269454694757662e+44,2.234296794994135e+43,9.141823264305305,519.2815279021274,9.170588154558599e-15,6.682076598852256e-16,5.747258759299158e+44,4.18769468389784e+43,13.724158977964697,True,False,CW-All
917,149.85361,2.2772078,3.119999885559082,2.2501197434063616,2.2026319270279498e-16,1.5101596853201327e-16,3.9799291645322773e+43,2.7287031032989366e+43,1.7649004551154077,0.4801761847849173,13.400438847558139,0.27272043382073785,144.13532746293996,218.83987291582537,187.09451115141638,1.116000283932936e+44,4.959737308217517e+43,1.458542396833367,284.0645646304295,2.3060579254640926e-16,3.1724417843714584e-16,4.166809297565803e+43,5.732275749510903e+43,0.7269031497518816,True,False,CW-All
922,150.10381,2.4522309,2.9100000858306885,2.162885477516689,2.269637491659862e-16,1.257769699610442e-16,3.3803629278930773e+43,1.8733027102407116e+43,1.7145670074602948,0.37704965959091225,13.404612055590665,0.2389338420611863,152.10446452132047,230.93936976924732,183.84876097683994,7.150458115919915e+43,3.30598091773666e+43,1.8044936941658052,279.1365600376384,3.383468650361557e-16,1.944960280016789e-16,5.039285804626938e+43,2.89679371747821e+43,1.7396080964349312,True,False,CW-All
925,149.82862,2.1372031,0.1829999983310699,4.368647126848765,5.58320241532287e-16,1.7831502051976284e-16,6.152264229934409e+40,1.9648958443508563e+40,0.3360416354119363,0.042588966724234165,12.388170284531878,0.5678423924176023,176.30740810152741,267.68656555054,224.25362777667374,1.5920459489558547e+41,3.6442539365825237e+40,3.13108923692947,340.4830465048787,2.2485966049458744e-15,4.865788573026683e-16,2.47778236056671e+41,5.361728764498773e+40,4.6212377936248314,False,False,CW-All
926,150.21391,2.5172278,1.2710000276565552,2.6853508475063093,3.753958045984367e-16,1.3566453104510129e-16,5.653765998810471e+42,2.0432181272985793e+42,1.2144809536104475,0.17416748104151847,13.386331977804197,0.2355899319054599,246.9034514382367,374.87214887769386,255.9385697703433,6.5167612897891e+42,2.4267820705219003e+42,2.767088801373127,388.5901192211272,6.713663124952412e-16,2.222418470500001e-16,1.0111322459750704e+43,3.3471428901775226e+42,3.020881626961086,False,False,CW-All
928,149.89365,2.2322143,2.002000093460083,2.308111693358745,2.1091272677825808e-16,1.5023889806969045e-16,1.1131365632979317e+43,7.929175883577028e+42,1.3439847588173282,0.37990359742465685,13.32538744691871,0.29811754889632314,183.85714147444915,279.1492841009479,233.34394468004223,2.8556351816591974e+43,1.2372170679070132e+43,1.4038489997472108,354.28482453469053,9.115782101918885e-16,2.899391326695611e-16,4.811046974595749e+43,1.5302151493432217e+43,3.144033031342476,True,False,CW-All
929,150.31895,2.0472172,1.5,2.024136751726377,1.738962045488284e-16,1.5336269041162417e-16,4.130604167378163e+42,3.642865983062365e+42,1.0506137437677052,0.3676818163922972,13.188054297657573,0.37439992465273425,195.21007351410933,296.3863782159909,251.02881256095114,1.116139573765476e+43,5.514151021730749e+42,1.1338885884310745,381.1356619228134,3.3289104104223645e-16,2.7786273762735247e-16,7.907252058660191e+42,6.600149698381557e+42,1.198041320274774,True,False,CW-All
932,149.9937,2.5922259,2.5199999809265137,3.1635047161525205,3.8245261315435204e-16,1.8201152690677248e-16,3.821256262697695e+43,1.8185591185775895e+43,1.8772090911495418,0.35451398198749956,13.560492487811754,0.21808644426976315,189.6117623106256,287.8864931851775,230.10208123435325,8.211839273886855e+43,2.5958043406599247e+43,2.1012549021153304,349.3627211409374,6.002221786575329e-16,2.746087918636184e-16,5.997090045452218e+43,2.7437400859834046e+43,2.185735476945789,False,False,CW-All
933,150.10381,2.3772309,1.031999945640564,6.178115665564709,1.4840711797484706e-15,2.2162330186804946e-16,1.265725237968189e+43,1.89016679472056e+42,1.6591562015887331,0.0983212573095525,13.756426256569826,0.16373396905855286,359.31568487509094,545.547023056826,338.87645608102054,1.0041687855240509e+43,1.6253641723171997e+42,6.696367968707821,514.5142546819671,4.554391443630581e-15,4.2013522069317423e-16,3.8843205585102877e+43,3.583222688016987e+42,10.840299073513437,False,False,CW-All
943,149.8386,2.267205,1.593999981880188,4.170671491031767,9.028738642114954e-16,2.1542709950083669e-16,2.5362457034799e+43,6.051521449225904e+42,1.885414419647615,0.17851698200885172,13.74890918036377,0.17071110691350186,290.5960684285033,441.21040833020925,299.99999999999994,2.524960602075043e+43,6.054086512218689e+42,4.191087687220098,440.71289646899186,1.9592704464200044e-15,3.648199650178267e-16,5.503749137790818e+43,1.0248087861400407e+43,5.370513223760289,False,False,CW-All
946,150.18389,2.5722294,0.6970000267028809,2.8044650512048004,1.596645836514416e-16,1.0566071160161619e-16,4.7549520224232634e+41,3.146669116161566e+41,0.5981488838674142,0.15707739646971997,12.82857737468525,0.4448801868781291,201.60974222830455,306.10295993658235,256.8776329084058,1.2388388607299666e+42,4.4173802779170325e+41,1.5111064579371936,390.015893605595,8.976724698677674e-16,2.3254292989925e-16,2.673347732136768e+42,6.92533340542542e+41,3.8602440859272176,False,False,CW-All
947,150.04378,1.9122292,0.2259999960660934,2.382754680507273,8.069063361954034e-17,9.122062720021358e-17,1.4498626770270917e+40,1.6390673467281346e+40,0.20660728485630936,0.09268618736179009,11.893515709125383,0.7980208928949528,118.70764850165452,180.2331681587083,186.66357280614505,8.676136269035598e+40,3.641220953215588e+40,0.8845656524860137,283.4102733170249,3.0001272914347467e-16,1.7533661901351178e-16,5.390678435728955e+40,3.1504774274352465e+40,1.7110671508976405,False,False,CW-All
949,150.24888,1.7622251,0.4934999942779541,2.6622100819344583,8.00347079222068e-16,3.0121882792078196e-16,9.718102795376765e+41,3.657507610925945e+41,0.7895633250459202,0.11792073471758499,13.159250463146586,0.3335143411099639,282.3326736638498,428.6641416239083,300.00000000000006,9.744255555402908e+41,3.660212851542647e+41,2.6570287280732416,428.9557081444787,1.7266997580802712e-15,4.136225659831488e-16,2.0966211011960656e+42,5.022354324849663e+41,4.174578226833537,False,False,CW-All
950,150.11882,2.417231,0.8389999866485596,4.06837781738682,7.073690531898947e-16,1.6512176102632467e-16,3.450405949786464e+42,8.054312018814063e+41,1.1205996202781527,0.10380258909805676,13.415850653792683,0.23378850778334856,298.70940160562157,453.5288373556044,300.0,3.247125938938147e+42,7.981377553139409e+41,4.283923868018352,446.6147151313224,1.4705844247713082e-15,2.69592489965841e-16,7.173219164751996e+42,1.3150186980913488e+42,5.454841954082772,False,False,CW-All
951,150.41908,2.3872002,0.6019999980926514,8.221596702475905,3.286025904007164e-15,3.2058548959774086e-16,6.662813722901342e+42,6.5002573377468315e+41,1.461395502546632,0.05657702463545283,13.743222847755364,0.17315585701775885,422.89978298275963,642.0864086070294,372.06620902564947,4.016305232687547e+42,4.885067193186515e+41,10.250076845743552,564.9060735674361,8.722054437777746e-15,5.919778764382213e-16,1.768501700764177e+43,1.2003065204010567e+42,14.73375067706264,False,False,CW-All
957,150.11382,2.317231,2.6330000162124634,2.5330316555832386,3.491254517702291e-16,1.397735511816236e-16,3.939740117227233e+43,1.5772882329987542e+43,1.8681018940777017,0.29678606700993043,13.535994564901904,0.200919546811144,180.55091157245093,274.1294534715012,202.27789725712668,6.173364247845501e+43,2.4371445316280755e+43,2.497793386651319,307.1174160325946,5.083367197264921e-16,2.2036942183182715e-16,5.736375155725424e+43,2.486780174286491e+43,2.306747984819893,False,False,CW-All
958,150.21391,2.4172278,0.1894999966025352,2.8536210530630006,4.116388376875467e-16,1.223647073724737e-16,4.914422112542499e+40,1.4608724169086576e+40,0.3115870866278695,0.03675519595373467,12.311393639166953,0.5889918431488645,165.8230585679645,251.76823546508655,182.09983060079918,7.115446891805268e+40,2.493479953887969e+40,3.364032379324318,276.48116869140654,3.96130448580488e-16,1.7835040442922966e-16,4.729272502302144e+40,2.1292674331502233e+40,2.221079620470805,False,False,CW-All
961,149.93364,2.6072198,0.800000011920929,9.795555579279272,3.712391431947796e-15,3.32502258640758e-16,1.594308469472439e+43,1.427950626401323e+42,1.8747015178373938,0.06663040120453625,13.938405494764439,0.15435040135150369,453.18267007886897,688.0647491033301,402.70685051545183,9.996954226704089e+42,1.0205602066972943e+42,11.165011170521813,611.427590587001,6.3726216448177916e-15,5.233905032154295e-16,2.736760076979743e+43,2.2477314890256297e+42,12.175653944173298,False,False,CW-All
965,150.2789,1.8172221,1.7125000357627869,2.203640313410095,4.473677074151329e-16,1.4841325468253517e-16,1.5321166334964614e+43,5.0827632920642727e+42,1.5642560286023244,0.20592797736773283,13.536922438329446,0.1951633684325143,237.275672064058,360.2543445420524,231.69821905002564,1.3946323862361297e+43,6.328765986668487e+42,3.0143379603936267,351.78612838526965,3.4026552788009623e-16,2.0910793536136437e-16,1.1653198620051196e+43,7.161396333552438e+42,1.6272243676074527,False,False,CW-All
966,150.03376,2.2572287,0.2509999871253967,4.4121111121578185,5.932422319595291e-16,1.4344192373395723e-16,1.3647886251461964e+41,3.299965770045655e+40,0.4320803820981046,0.04145797147459185,12.621798742853752,0.4893613140566172,205.66119303053287,312.254255349654,228.48507010553502,2.0688044956470144e+41,4.688922021810167e+40,4.1357660056192485,346.9076220603526,1.212761617452836e-15,2.5264326428467804e-16,2.7900293865566345e+41,5.812206797493397e+40,4.800292700803209,False,False,CW-All
972,149.92866,2.3622191,1.524999976158142,2.548142034452597,1.5742984576600125e-16,1.1069032642468853e-16,3.9138878160598936e+42,2.7518893754950356e+42,1.0275644166280804,0.286702258528182,13.160262689186927,0.3345730091517683,189.42533694737648,287.6034445841174,242.28418186072437,1.0353486103696146e+43,4.0631510974310053e+42,1.4222547791754263,367.8587373490965,6.501548112647768e-16,2.1710256534953862e-16,1.616359961467657e+43,5.3974205540409133e+42,2.994689676826329,False,False,CW-All
975,150.01377,1.9172274,2.640000104904175,3.3064074596162576,6.746556725687603e-16,1.8287316999260756e-16,7.669509018227042e+43,2.0789085210087286e+43,2.327009563345233,0.25030264805585356,13.753462908970498,0.18850978817271355,212.9557178365551,323.32949214017424,222.6183709747802,9.139875299494402e+43,2.764291882088596e+43,3.68919985690647,338.00024511947123,1.162752788195881e-15,2.957186495961585e-16,1.3218213909152388e+44,3.361739835818998e+43,3.931956235373616,True,False,CW-All
976,150.49917,2.4571817,1.9959999918937683,2.9827503306177534,4.970337256490722e-16,1.9928845486757359e-16,2.601469387717327e+43,1.0430737149404673e+43,1.7818434483155317,0.28350797856537147,13.607329717052522,0.20165653198616776,228.69955974941163,347.2332805039413,254.63268444509282,3.977419581724003e+43,1.33347385495059e+43,2.49404174456242,386.6074007325322,1.0062812394032583e-15,4.935694986952056e-16,5.266865616258235e+43,2.5833376596121153e+43,2.038783275837448,False,False,CW-All
977,150.15385,2.3472305,1.8485000133514404,2.693407585504491,2.4918071274515254e-16,1.1590113281038167e-16,1.0543488439680513e+43,4.904080418061599e+42,1.3520565546127574,0.2495557461359074,13.362829820758318,0.2384550621655032,198.57776196815038,301.4995210261179,230.67242870109553,1.9061564437040018e+43,7.077118420407832e+42,2.1499419954144963,350.22867655476085,8.232838342724707e-16,2.1703650237621607e-16,3.483529480913448e+43,9.183382728873917e+42,3.7932966356293907,True,False,CW-All
978,150.32396,2.0722165,0.2619999945163727,2.471479556296044,3.970134805881215e-16,1.5311440732606611e-16,1.0112755413353786e+41,3.900140995855795e+40,0.390445798365254,0.05975455507851961,12.518194485066758,0.5285395047991323,189.14891271796,287.18375120081475,210.36611292267852,1.5394559366895974e+41,6.228883960491864e+40,2.5929204672598707,319.39770927867795,7.050906457677089e-16,2.655544981954889e-16,1.7960118720225276e+41,6.764222930638762e+40,2.655163631416456,False,False,CW-All
979,149.91864,2.4822178,0.4064999967813492,2.490118153957557,1.483777018704112e-16,1.0430694478453278e-16,1.1036028703885942e+41,7.758136311223619e+40,0.3908823542003158,0.10904107114752223,12.482285692371239,0.5626885324342483,173.90409072537437,264.03762203036825,224.9323275269139,3.051273369952895e+41,1.2253528472548546e+41,1.4225102861263508,341.5135125932756,7.64382242206927e-16,2.1599979435327272e-16,5.685318116804288e+41,1.60656210499749e+41,3.538810046072368,False,False,CW-All
982,149.95365,2.6472221,0.4769999980926513,2.5107355855917364,1.6309819207011593e-16,1.1556582747570534e-16,1.8159510339763445e+41,1.2867210925711507e+41,0.4545687847583636,0.12781427324487238,12.613987564989555,0.5229468127647798,187.02805269828073,283.9636611274898,241.19128770082074,4.962318373235797e+41,1.9764400527530123e+41,1.411301209299116,366.19940217240116,2.744660571534539e-16,1.9279359895817003e-16,3.0559316075371062e+41,2.146582564334005e+41,1.423626399614046,False,False,CW-All
986,150.25388,1.7472246,0.6299999952316284,2.302056378826038,1.0509361489391438e-16,1.1258460910153072e-16,2.3995023090728532e+41,2.57053703764862e+41,0.4834189239548034,0.20550661230863568,12.63447627765628,0.5718387388229175,178.52105015025595,271.0475260669646,252.2387121244269,9.407841159290276e+41,4.086711883263224e+41,0.9334634257080305,382.97264575857736,6.920836860449889e-16,2.4627062643877145e-16,1.5801686947517547e+42,5.6228624107483125e+41,2.810256732818507,False,False,CW-All
989,150.13884,2.4522308,0.8889999985694885,3.5099549753810253,6.356022832914383e-16,1.6323438392280796e-16,3.621802103505749e+42,9.301455495008202e+41,1.1274810720700006,0.11490393843515116,13.408821082131425,0.235150582719076,291.1956308594963,442.1207206631614,300.0,3.180696909060982e+42,9.061930797889223e+41,3.8938014652109616,427.82982260006725,9.244728205126352e-16,2.473567486930853e-16,5.267850185540163e+42,1.4094933518704478e+42,3.7374069047928034,False,False,CW-All
993,150.0888,2.3572307,1.2209999561309814,2.1560019887989124,2.601654127902681e-16,1.168766167090205e-16,3.5102246912595586e+42,1.5769320810280656e+42,1.0468025646505383,0.1866131780194728,13.25061837402047,0.27927107503880183,226.67340634686974,344.15698296519776,239.72593063407348,4.379650264336618e+42,2.0313757997860095e+42,2.2259834354889283,363.9745586180287,7.090497787009593e-16,2.2107112926329417e-16,9.566698408656938e+42,2.9827536571520647e+42,3.207337751717394,False,False,CW-All
997,150.28394,2.1672215,2.6365000009536743,2.6448632437835315,1.6939692773494377e-16,1.1004969472264765e-16,1.9186346808536008e+43,1.246452127175548e+43,1.4714086295198365,0.37932902142284775,13.297770226877299,0.2729820297810751,150.2420490583517,228.11167464129656,200.61775689959296,6.016549812008094e+43,2.2748056354707e+43,1.539276670979104,304.5968340818683,4.927964302003037e-16,2.017117714117667e-16,5.581543503921018e+43,2.284641199470795e+43,2.4430722448732447,False,False,CW-All
1000,149.90366,2.2622158,2.323499917984009,2.013064810797995,2.0967865531537316e-16,1.1586823674102656e-16,1.67247731818855e+43,9.242094649853475e+42,1.4670127576062553,0.32169441794114156,13.350554639757716,0.24896117354780156,170.42987555538787,258.7627402948161,200.97310832523144,3.208732024016084e+43,1.5939536605103723e+43,1.8096301558814547,305.13636219198537,4.561003432878215e-16,2.0641251482265428e-16,3.638031147326633e+43,1.6464253298072176e+43,2.209654505104471,False,False,CW-All
1001,150.12383,1.997231,0.8190000057220459,4.4226798082401935,8.278930108178883e-16,1.8219045337922021e-16,3.785655085911471e+42,8.33091000198427e+41,1.160159218567469,0.10131376500295314,13.455660675401933,0.22500961040185163,310.47209662026796,471.3880723361104,300.0,3.7762669431654174e+42,8.538413601928857e+41,4.544107528481039,471.0920391402066,1.1376326571015294e-15,3.005310521572673e-16,5.201982379342404e+42,1.3742197255047802e+42,3.785408026676087,False,False,CW-All
1009,149.97868,2.6672246,1.6169999837875366,2.2020976196444115,1.3352676402599557e-16,1.2186828552873351e-16,3.90225989545183e+42,3.561546081156172e+42,1.0105319965064385,0.36599226387098704,13.12292911696707,0.38823775297790347,178.32642944163865,270.7520345182217,237.8063542960341,1.2173569339636946e+43,5.528169701033826e+42,1.095664581204872,361.0600764486469,4.87630697328147e-16,2.306724180385066e-16,1.4250788805189502e+43,6.741298139475017e+42,2.113953204612204,True,False,CW-All
1012,149.92363,2.6022185,0.659500002861023,7.46792995303963,2.5856164726958275e-15,2.727725289328847e-16,6.656229046191595e+42,7.022063980715505e+41,1.4440750290597115,0.060454097437656965,13.715989679507464,0.17536533595857012,404.54031437765246,614.2113286591465,360.5215378942908,4.221617485209023e+42,5.6529955580136655e+41,9.4790207900005,547.3778630467287,4.67710758879218e-15,4.3814154568489113e-16,1.2040416555755759e+43,1.1279207545001347e+42,10.67487809557309,False,False,CW-All
1017,149.85859,2.4572086,0.7329999804496765,2.552705057873693,2.292759372480512e-16,1.1900737806345927e-16,7.801497613835731e+41,4.04942527826834e+41,0.6996236674723912,0.1441051034579632,12.974979468945781,0.3834431760929825,222.301440892354,337.51905192289576,256.416155870742,1.3716697172105415e+42,5.373396793255428e+41,1.9265690999913678,389.31523556392307,5.085268992040182e-16,2.093560505003162e-16,1.7303479110497684e+42,7.123690117786979e+41,2.4290050275057613,False,False,CW-All
1018,150.01376,2.0322274,2.462000012397766,4.727468393024291,1.067230708215326e-15,2.6532816024191026e-16,9.996053632060325e+43,2.4851557394831936e+43,2.6013928602538794,0.25664359836044165,13.895580291144645,0.20053567943737258,249.1299057459507,378.25256217628856,269.4064999634073,1.3619011838957576e+44,2.8808255723197167e+43,4.022304708411988,409.03840337025184,2.1820195135329325e-15,4.235042491802882e-16,2.043755292606951e+44,3.9666879481858663e+43,5.152296624547052,False,False,CW-All
1021,150.2589,1.9672241,0.2399999946355819,2.512853805033568,3.193470660358166e-16,1.3018685933212953e-16,6.608510188478617e+40,2.6940632240094487e+40,0.34053400504917886,0.055088908171522136,12.387503993291942,0.5700955584042002,172.52762395388012,261.94774012113186,198.38642751829994,1.147730675281135e+41,4.567439112383231e+40,2.4529900150759936,301.20901898594,5.265400341655436e-16,2.1930826397840447e-16,1.089612384299974e+41,4.538325386575796e+40,2.4009128731117615,False,False,CW-All
1026,149.92366,2.3722185,1.652999997138977,2.068746676363942,2.675631280853396e-16,1.2014840424963924e-16,8.309903118669937e+42,3.731536577262789e+42,1.2900968447101715,0.22988652460041595,13.358101184255233,0.241802511621663,211.01012004598041,320.37550174289186,225.0186708199727,1.0713540059453445e+43,5.1787588020606334e+42,2.226938674353163,341.64460713902446,4.4319690529818247e-16,2.0033632152304728e-16,1.3764689372100472e+43,6.221991179876816e+42,2.212264365886322,False,False,CW-All
1037,150.304,2.5122191,0.4749999940395355,2.638805474455805,4.247058082502619e-16,1.51580093842154e-16,4.678439360874267e+41,1.6697635482730913e+41,0.6221060534095384,0.08810851014326786,12.926860468444703,0.39433187320364643,237.98456036608792,361.33064574217025,242.8923524918025,5.0715505985225725e+41,1.9219115041317954e+41,2.801857404129357,368.7821194647718,5.071045782323788e-16,2.0333838647268938e-16,5.5861209637234635e+41,2.2399182972556087e+41,2.493894965083185,False,False,CW-All
1042,150.39906,2.3672041,0.4199999868869781,2.3372789845823325,2.4763428082842737e-16,1.125834143094979e-16,1.99892626489488e+41,9.087834814385809e+40,0.4745874189991307,0.08562080967044479,12.67191282207056,0.47916938305879997,200.06705600784295,303.7607079545232,221.4967607426766,2.9886008243233185e+41,1.2786667077560602e+41,2.1995627184273108,336.297310488697,6.611102843823126e-16,1.98315183709888e-16,5.3365418835509805e+41,1.6008180616956057e+41,3.333634228176093,False,False,CW-All
1052,149.89366,2.2072143,0.3044999986886978,3.450350068396219,2.6079506166377344e-16,1.2441202465259864e-16,9.529158332998244e+40,4.545875500403214e+40,0.37977267660237185,0.07189292756580516,12.479899628740084,0.544533685834757,180.69704215779447,274.35132273345516,230.1895485896121,2.4808822637671473e+41,7.190233496858779e+40,2.0962207020744446,349.49552234412647,7.414604082277719e-16,2.5869251892516495e-16,2.7092129669084935e+41,9.45233378528527e+40,2.8661841915972177,False,False,CW-All
1053,150.06877,2.6322302,1.1100000143051147,2.8645205175784083,6.706413999921453e-16,2.2896254038590663e-16,6.973957914144346e+42,2.3809671168311255e+42,1.3417371727461525,0.18177786008098323,13.525283372548943,0.2156282136690527,291.93706870927116,443.24644166214017,300.0,6.796242080615659e+42,2.372558352753929e+42,2.92904419588378,440.3611587132281,1.204475816157272e-15,3.4684758921891415e-16,1.252526857212194e+43,3.6068463561352824e+42,3.4726371282259723,False,False,CW-All
1068,150.45914,2.4671915,2.5475000143051147,2.7382342190066904,2.7123854897434106e-16,1.3666164750379167e-16,2.792920944131208e+43,1.4071937009548125e+43,1.6858994724932128,0.3370748683580887,13.448657895204164,0.22720789365921853,172.72932312203633,262.2539788559617,211.28317262882035,6.193039559267708e+43,2.261690952614809e+43,1.9847452004909831,320.7900759737889,5.958083620766024e-16,2.304803768979675e-16,6.134989511721913e+43,2.373237411436244e+43,2.585071970532067,True,False,CW-All
1072,150.02375,2.2172281,0.3735000044107437,4.064976997109505,9.795822266987495e-16,2.3630719099895897e-16,5.9017399638088265e+41,1.423692217807918e+41,0.685438476071976,0.06561512785454597,13.049996183178305,0.3577327831157684,272.4229137739416,413.61820782609277,300.0,5.778276933845046e+41,1.4214783842451807e+41,4.145376289894897,411.4117337378335,1.5697729381971451e-15,3.2279291339818897e-16,9.45749262385583e+41,1.9447472454216234e+41,4.863096037863489,False,False,CW-All
1077,150.15385,2.3372305,0.7289999723434448,3.9790882796620712,6.881200191856891e-16,1.704408936665483e-16,2.3077169127040935e+42,5.715998982214666e+41,1.0027107827368253,0.09855638247721128,13.334337623233665,0.2603176169663734,293.38333083754117,445.44229347671325,300.0,2.2750959897532677e+42,5.717631351336801e+41,4.03729412808602,443.8407765675226,1.4523845526576494e-15,2.6980085132210614e-16,4.8707962309897176e+42,9.048188837679664e+41,5.383172608761328,False,False,CW-All
1080,150.34903,2.4422128,1.187999963760376,2.502678115964431,2.6900059459632826e-16,1.1975013075874794e-16,3.3672616206094326e+42,1.4989930411566345e+42,1.0388718234668453,0.18352033061609205,13.251171182586873,0.28011774906968556,229.60904884680272,348.6141527855307,252.16385448081428,4.8766552781995056e+42,1.9485747076668065e+42,2.246349067779012,382.85898981105,5.460257466850707e-16,2.1496539392749731e-16,6.834972032074248e+42,2.690866619895307e+42,2.5400634804932003,False,False,CW-All
1081,150.25394,2.3822246,1.9630000591278076,3.8243884966736914,5.105876373176056e-16,1.4696929102583288e-16,2.5517549730257594e+43,7.345058748924545e+42,1.7795084172452689,0.20326181994694456,13.612696819633598,0.17947920235921483,232.00591622958098,352.2533033163272,251.6081886677982,3.516179449527436e+43,9.194095873328965e+42,3.4741110456051616,382.0153254711235,9.41970891636978e-16,2.4292859177825414e-16,4.707671575849347e+43,1.2140800067485887e+43,3.8775628868618788,False,False,CW-All
1085,150.3139,1.7322178,0.5699999928474426,2.463726668340454,3.2744560443778946e-16,1.2032738037152852e-16,5.760740847781227e+41,2.1169160490119446e+41,0.6539146493244765,0.09535551650362875,12.951232716065013,0.3819035682595203,233.29840525909793,354.21568228297787,239.81966421825672,6.4239555911002584e+41,2.607414074641398e+41,2.721289231318366,364.1168738020413,5.385249866356139e-16,1.9062061703500315e-16,9.474254184566457e+41,3.3535828855245262e+41,2.8251140669465253,False,False,CW-All
1092,149.99873,2.2972263,0.7350000143051147,2.4231813075221043,6.624554845211745e-16,2.391902398826563e-16,2.2704660588142422e+42,8.197883992850378e+41,0.9961192800578171,0.1427241810156442,13.326175000660784,0.2758176600409215,290.8398870342792,441.5805967749278,300.0,1.960071425098576e+42,8.088835197820609e+41,2.769575735390235,425.45895940505466,7.476488157695427e-16,2.945233439860837e-16,2.562453326723345e+42,1.0094342513176075e+42,2.538504437885472,False,False,CW-All
1096,150.09881,2.2022309,3.065999984741211,5.973930341288207,2.063434121565469e-15,3.1159428465466447e-16,3.5522051335577426e+44,5.364100583438149e+43,3.666518603273223,0.21971121580723232,14.136614852858107,0.26371858162944106,256.87161665422815,390.006759160051,257.20345676643,3.5703777912589284e+44,5.976597628838469e+43,6.62218218749533,390.51059017262,2.348620136415481e-15,4.3417657389423914e-16,4.043153313284713e+44,7.474356649135672e+43,5.4093663215177985,True,False,CW-All
1099,150.15385,2.0922305,1.6144999861717224,2.4631464657671382,3.230341018930382e-16,1.3236698571572533e-16,9.400264489471932e+42,3.85186786196949e+42,1.3525873973452356,0.2199358888933952,13.413709970040667,0.22708783579704256,223.10678167179017,338.7417963876146,238.32977433121118,1.2202324336403715e+43,4.95395808003782e+42,2.44044313728496,361.8547822018856,5.442635416319863e-16,2.1098682824207803e-16,1.5838022095300183e+43,6.139698495136074e+42,2.5796090977182695,False,False,CW-All
1100,150.45914,2.4771915,0.9279999732971193,3.1747115886842314,4.869400109624027e-16,1.5409423552395555e-16,3.1150351721237776e+42,9.857661163023816e+41,1.0643617708187856,0.13365944640914992,13.341299637656054,0.2550639949579414,272.2186132841922,413.3080195190319,300.0,3.135519838241567e+42,9.876550201969977e+41,3.1600144502920275,413.993975672294,1.0741775561031939e-15,2.4453190720587706e-16,6.871690132330835e+42,1.5643107456857323e+42,4.392790979210819,False,False,CW-All
1104,150.06879,2.1922302,1.8264999985694883,2.7407469521575933,5.553271866005492e-16,1.909071123126091e-16,2.2731200744891894e+43,7.814398427295093e+42,1.7498312870769828,0.23870900903001338,13.624173351246323,0.1903879535310272,244.41040499792302,371.08697021417873,251.77420864989543,2.55609573825253e+43,9.326274124797618e+42,2.908886839643799,382.26739269449723,1.2330718806071336e-15,3.1032127857423134e-16,5.047331578081685e+43,1.2702376993036263e+43,3.9735331275782073,True,False,CW-All
1109,150.0888,2.4072307,0.5400000214576721,8.714996747549394,3.272301092148926e-15,3.1127090257041507e-16,5.006079365640946e+42,4.761929903763485e+41,1.3460908982775224,0.05081116056487282,13.677954448877578,0.18592859641513232,412.5348781332734,626.3494307267841,368.88578989005595,3.2175581211923876e+42,3.691978567974964e+41,10.512711162935226,560.0772607308933,8.584684450177799e-15,5.387297520469527e-16,1.3133147126859163e+43,8.2416740374219e+41,15.935047985672796,False,False,CW-All
1114,150.29897,2.3022198,1.5160000324249268,3.2460890108753975,5.620739671673181e-16,1.4944205004656147e-16,1.374751662424814e+43,3.6551364898300936e+42,1.5601035342264844,0.16460090753068987,13.57798752834046,0.18412978372184283,261.8454293187968,397.55847150275326,259.82741142733096,1.3333479556489084e+43,4.107552045497774e+42,3.7611500042470873,394.49452606561687,5.159335873293772e-16,2.1330950996805071e-16,1.2618989640392307e+43,5.21724222378558e+42,2.4187087927146482,True,False,CW-All
1120,149.93872,1.9372204,2.268499970436096,2.099799126017573,3.950151949311088e-16,1.6240980175930524e-16,2.9482097467528585e+43,1.2121512454691517e+43,1.7838054309074949,0.2910351037972776,13.555445717155992,0.20384905815587595,202.6165543920001,307.63159729309643,214.80324304107458,3.713803187649507e+43,1.7686468870443883e+43,2.432212776889721,326.13457947082736,7.79341220597718e-16,2.84385534807697e-16,5.816640504204344e+43,2.1225214025040217e+43,2.740439035075088,False,False,CW-All
1121,150.41901,2.0522002,1.1130000352859497,2.6579949947872303,5.521723121937104e-16,1.9934963479607084e-16,5.784414684180343e+42,2.088335342674423e+42,1.2604489426975434,0.1805782899742771,13.462314900242207,0.22902697560155952,277.8423830804599,421.84655819088886,300.0,5.515240629356635e+42,2.0749627595886894e+42,2.7698686920523707,416.79133988829295,1.0383725635771733e-15,2.991585511266864e-16,1.0877723079853847e+43,3.133907799832328e+42,3.47097737860566,False,False,CW-All
1122,150.48911,2.2371842,0.192500002682209,18.138956404329345,9.929177989915888e-15,4.967187067927347e-16,1.2290565615884642e+42,6.148498762610243e+40,0.9042553213627946,0.01795096303636636,13.371289126580566,0.2737429551983359,373.65012122027815,567.3109187187505,348.9778623063553,9.38231509311158e+41,5.172466863017677e+40,19.98953905728182,529.851164054111,1.2921118758046644e-14,9.701279522314201e-16,1.59940589329445e+42,1.2008467634293134e+41,13.318984086920079,False,False,CW-All
1129,150.06379,2.06223,3.2144999504089355,2.3194235172283664,3.5232910583237084e-16,1.453730820646605e-16,6.915306195696601e+43,2.853296416469075e+43,2.0961429122348716,0.3432067530352198,13.557322495281625,0.2066027271981968,159.0389717414067,241.46799384420038,180.97157780889717,1.152331613090626e+44,4.968181121434967e+43,2.4236199771540816,274.7681486987177,7.047617903988445e-16,2.432877838998959e-16,1.383264537319864e+44,4.775107964372076e+43,2.8968235852270685,False,False,CW-All
1146,150.12883,2.3572309,1.5115000009536743,2.9506197349106817,9.785968867093061e-16,3.2901324129219297e-16,2.3739628240270183e+43,7.981480567210448e+42,1.8709057867166945,0.24960939313556693,13.759864331287023,0.18770839556632216,301.54660136254995,457.83654210205293,300.0,2.352940220356979e+43,7.974393285986089e+42,2.9743389137345546,456.8073769767541,2.7767537087446692e-15,4.818962555175238e-16,6.736083228514429e+43,1.169024560749757e+43,5.762140039379688,True,False,CW-All
1147,149.96869,2.4272236,0.1299999952316284,5.080981531173171,7.320741029155574e-16,1.7036017770297486e-16,3.7299373946563914e+40,8.679897224119254e+39,0.2874048390986602,0.02654034572312632,12.245037011392776,0.6100248311754098,161.00167099008158,244.44794929101772,192.8654231291159,7.615138231867182e+40,1.4987533776980468e+40,4.297213778398013,292.82650846500326,1.662527185528746e-15,3.0559867183809607e-16,8.470621067238866e+40,1.5570335151955534e+40,5.440230402603126,False,False,CW-All
1154,150.27397,2.5422226,2.721500039100647,2.300342609137599,1.2437846893371211e-16,1.0208381833472524e-16,1.5383897166696203e+43,1.262635709466792e+43,1.3526839889135527,0.44056248007594556,13.199594840538358,0.3263806646152999,136.28622520996225,206.92262424556714,189.70367081238552,5.685245994739735e+43,2.471477932094272e+43,1.218395539691554,288.0260373566104,3.828894587035831e-16,1.8802714619172144e-16,4.735813287786301e+43,2.3256358647592063e+43,2.0363520186237936,False,False,CW-All
1155,150.36405,2.4522103,3.4670000076293945,3.2946247710380847,2.815482987620611e-16,1.6477596436715512e-16,6.814503507888338e+43,3.9881838822425504e+43,2.028078386201885,0.4710046020071191,13.487538569294811,0.24654434110211737,142.4388319511299,216.26409313482594,200.48668928297423,2.6316088384098643e+44,7.987582869962716e+43,1.7086733483453507,304.3978348422711,1.2076355601963777e-15,3.4171460382527286e-16,2.922921856531508e+44,8.27074919899242e+43,3.534047262474833,True,False,CW-All
1162,150.18885,1.7872292,0.7879999876022339,7.259358970351397,2.2842669244407297e-15,2.888639437327816e-16,9.422067382385192e+42,1.1914962796469863e+42,1.578837818001945,0.07922887049926217,13.770597843335953,0.1659305717427699,400.35718052208296,607.8600995922953,369.73691397250064,6.879643420116371e+42,9.476929641052528e+41,7.907760639568879,561.369517732118,6.915696605891875e-15,5.263577931172476e-16,2.8525632761941497e+43,2.17110292187438e+42,13.138774985993958,False,False,CW-All
1163,149.80857,2.3021991,1.3579999804496763,2.3643936616202277,8.61420584635601e-17,1.087618660966199e-16,1.556030247697976e+42,1.9646239764981734e+42,0.7797814677639713,0.3906913299935706,12.924404365504316,0.5208600816852181,167.7500891012568,254.6940352980181,250.59923353837897,7.603577053523032e+42,3.215867635304264e+42,0.7920244618369713,380.48343446156764,8.346041481217028e-16,2.6192841920635e-16,1.5075902787729828e+43,4.7313536533284284e+42,3.186382564559337,False,False,CW-All
1173,150.0938,2.1972308,0.5049999952316284,6.280173459065535,1.323057458255526e-15,2.0834588013760619e-16,1.703968169637297e+42,2.683290478537807e+41,0.9487311756782019,0.05928554858824863,13.339013186695082,0.2661187253810067,322.5947848304692,489.7938830004025,300.0,1.682701193853685e+42,2.6793864927801918e+41,6.350293355365062,488.24002005037016,2.083445097188124e-15,3.4229461436393306e-16,2.683272828888586e+42,4.408418726450873e+41,6.086701367065542,False,False,CW-All
1174,149.84867,1.9322069,0.3379999995231628,2.129254819856823,1.7338326941711526e-16,1.1297615995171887e-16,8.168119126142703e+40,5.322328596075597e+40,0.3585665052838561,0.09271474297189139,12.4141444245854,0.5798234395070395,169.57633151902232,257.46680909089724,207.8565100069993,1.8260927595494575e+41,8.576205828066408e+40,1.534688995370455,315.5873930099087,3.1978373922116424e-16,1.8349480354438e-16,1.5065073379588605e+41,8.644475441127515e+40,1.7427400288413153,False,False,CW-All
1175,150.38898,1.992206,0.7974999845027924,2.646784181020315,2.3517616828598295e-16,1.1716220294745032e-16,1.0015719020603562e+42,4.989722016091433e+41,0.7501920745739694,0.1483085366326448,13.027330231117855,0.3629974507657169,225.43480142274413,342.27641593864234,257.73030370127185,1.700209300756493e+42,6.4236793953524214e+41,2.00726994175301,391.3104989687237,6.565017371492116e-16,2.1448024597499896e-16,2.795919749754909e+42,9.134317880982176e+41,3.0608960473951394,False,False,CW-All
1176,149.85864,2.1522086,0.593999981880188,2.290425344831909,1.6669638736893851e-16,9.725591555184898e-17,3.264250276211579e+41,1.904466282767737e+41,0.5391812701548052,0.12483147304314843,12.752770619728246,0.45991231875331723,198.38327970858413,301.20423968380567,233.77061875576132,6.245134434671273e+41,2.7266264970228024e+41,1.7139974100605684,354.9326414311473,4.699053841135018e-16,1.7650307953142007e-16,9.201691794861444e+41,3.456285017367987e+41,2.66230699974757,False,False,CW-All
1180,150.36396,1.9522103,0.3070000112056732,3.1066564869290074,1.569488696307406e-16,1.3027267790698964e-16,5.849410344867458e+40,4.855201261376143e+40,0.3229512614464741,0.10637304537624517,12.317925457986842,0.6322969035180889,159.41860974120445,242.04439612594572,231.8153528285556,2.5692856829398318e+41,8.270259984487769e+40,1.2047719610308223,351.9639719553288,8.465974044341403e-16,2.646493308035555e-16,3.1552285958388724e+41,9.863355734939056e+40,3.1989402801949818,False,False,CW-All
1182,149.89861,2.532215,2.1024999618530273,6.501325980858177,1.902936676917848e-15,2.739532447323053e-16,1.150373699667473e+44,1.6561171556641137e+43,2.868536679750135,0.1638747260432749,14.06018306666766,0.20729073306816542,313.4209232012895,475.8652594740624,300.0,1.0642527756255651e+44,1.6369780238047427e+43,6.946209667190883,466.5885528068397,6.723374100096817e-15,5.444584315168312e-16,4.064450925557911e+44,3.2913899226201417e+43,12.348737223824171,True,False,CW-All
1191,150.19887,1.9822287,0.5860000252723694,7.374300668701531,1.999746587454083e-15,2.7251529067290683e-16,3.7802258039663725e+42,5.151499396174231e+41,1.2152473846730045,0.06571735344252135,13.563886323814403,0.20791667338261138,370.93256329833423,563.1848655106464,357.19390254383165,3.256353026817195e+42,4.415812662260996e+41,7.338107826963472,542.3255326429147,2.5606643637763226e-15,4.4297479602672663e-16,4.8405580806956384e+42,8.37378478329531e+41,5.780609611978526,False,False,CW-All
1193,150.18887,2.0372292,1.006999969482422,2.292476662928137,2.3204659568321657e-16,1.2165908291907225e-16,1.8516373365299818e+42,9.707899381057128e+41,0.882214068415107,0.1835450917335978,13.134047773951108,0.32901205383875815,225.04529204506346,341.6850259982887,250.77106167939164,2.84024806088785e+42,1.2389430639874236e+42,1.9073511826287086,380.7443201805961,2.303653590487654e-16,1.7511207830876398e-16,1.8382217528420333e+42,1.3973230734939036e+42,1.315530951797493,False,False,CW-All
1196,150.314,2.4622178,0.7680000066757202,2.8777218530224964,6.206366898544031e-16,2.1609132053535137e-16,2.390472660400173e+42,8.323072134370744e+41,1.0065594590694777,0.13907170247173364,13.327783883395464,0.27167862763348977,287.3196684926501,436.2358683738763,299.99999999999994,2.398499595454655e+42,8.334716549952491e+41,2.8721037398300795,436.60600656948355,1.8575074911561768e-15,4.687041495507055e-16,7.154460808849417e+42,1.805282339302111e+42,3.9630702927139914,False,False,CW-All
1198,150.20391,2.5572284,3.4915000200271606,2.353609676876576,2.68149323805493e-16,1.308215000803663e-16,6.618066586069774e+43,3.228743545329279e+43,2.003209896512834,0.38781833267334737,13.471777373130296,0.22192978770904662,139.97656804711715,212.5256514264396,172.2000751010347,1.5009816486197773e+44,6.377360117807202e+43,2.0497343604893956,261.4504245039814,5.929570089899619e-16,2.2464511450102936e-16,1.4634491381447048e+44,5.544359780230128e+43,2.6395277293566286,True,False,CW-All
1199,150.38407,2.5022069,1.274999976158142,3.535835314950927,6.076125362687035e-16,1.7022143961528801e-16,9.230342078171401e+42,2.5858619151219667e+42,1.4274512900033192,0.158689535944775,13.546206442942212,0.1967166725306723,278.7236380646094,423.1845627740282,300.0,9.130445279591588e+42,2.5822597678643033e+42,3.569541754798625,422.0211141583537,1.1126911219573804e-15,3.076056501667459e-16,1.6903074031489433e+43,4.6728880770849744e+42,3.617264901844996,False,False,CW-All
1201,150.13884,2.5922308,0.3479999899864197,2.7991585367200615,2.258540415161199e-16,1.208754967772526e-16,1.1428900173862784e+41,6.116667104381627e+40,0.39997773786134005,0.08494653814964802,12.520373160582112,0.5357419206391237,183.26132435070502,278.2446582473398,226.9922687528944,2.6629142760538106e+41,9.513267080520934e+40,1.868484908337709,344.64110999803796,5.2195003081973665e-16,2.1271255983987627e-16,2.6412256154192448e+41,1.076390130465408e+41,2.4537809672012094,False,False,CW-All
1204,149.97372,2.1872241,3.424999952316284,2.453100705511089,3.704466575276512e-16,1.618207921751503e-16,8.668424414745404e+43,3.7865945803541523e+43,2.206367413731497,0.3824599256063706,13.577422109942148,0.2151826045513197,154.02570117304074,233.8563727837359,180.93755349736125,1.6381932952537173e+44,6.678051543393155e+43,2.289240168387571,274.71648977412497,6.643672512776701e-16,2.620344140452765e-16,1.5546144591418753e+44,6.131585927574565e+43,2.5354198367351675,False,False,CW-All
1208,150.26391,2.0322236,2.555000066757202,2.1079221959542256,2.1502072791566194e-16,1.185677464528815e-16,2.232184042324471e+43,1.2308814788791257e+43,1.5637574595283563,0.34218036989077627,13.37247746826485,0.24327908222562494,162.59150881618933,246.86179129593253,194.5756352468325,4.539345335536389e+43,2.1534691101259999e+43,1.8134841417527539,295.42311409311645,4.0256993878304954e-16,2.0069840982676955e-16,4.179179384154659e+43,2.0835004702938698e+43,2.005845183977905,False,False,CW-All
1212,149.79857,2.277197,0.248999997973442,3.2116246756386375,4.45297419394339e-16,1.4704163167546113e-16,1.0052096654437815e+41,3.3193021774937574e+40,0.3906159174817424,0.051184625600189125,12.521864427182443,0.5243090443976233,190.62054367731835,289.41812037174395,213.66195875335902,1.5781057738936347e+41,4.913730380340365e+40,3.028376483043692,324.4017738299013,8.441634987181511e-16,2.433708244898681e-16,1.9056057169171915e+41,5.493827145842822e+40,3.468630640043277,False,False,CW-All
1214,150.35903,2.4072112,1.8389999866485596,2.7145648005756438,1.6175503158818316e-16,1.0686710519654132e-16,6.747328681800171e+42,4.4577746791170364e+42,1.1680537340836699,0.3062305595884516,13.21919312490626,0.30365836898206755,178.3927535863248,270.8527341013832,232.96192029862328,1.9376047045885942e+43,7.137809729860605e+42,1.513609181147898,353.7047990228882,7.02286527401874e-16,2.224629782723738e-16,2.929465613931898e+43,9.279654667914095e+42,3.156869214175608,True,False,CW-All
1215,150.27397,2.5422226,0.3930000066757202,3.14393374329637,3.047488144797783e-16,1.1120706744043503e-16,2.0834333264840464e+41,7.602737055481974e+40,0.48370117455459016,0.0700433589788826,12.69790844110941,0.4653288083593131,206.3099661085775,313.23928393667404,233.3750946290933,3.3913891618801647e+41,1.0787088529176004e+41,2.7403727253486703,354.33211933057197,5.890917982259965e-16,2.0033992970447642e-16,4.027360982117608e+41,1.3696357995166988e+41,2.9404612405273984,False,False,CW-All
1220,149.95365,2.6522221,3.0899999141693115,2.5113013992578153,4.1882757982830806e-16,1.8622244065878908e-16,7.36772125076468e+43,3.275894662843048e+43,2.1717535524053213,0.383183448686844,13.611558449967506,0.21579895589736314,170.69500180576134,259.1652800188356,198.8378526799248,1.3467984038587989e+44,5.362950079416308e+43,2.2490714778876506,301.8944153196486,7.533959231241709e-16,3.044918754294865e-16,1.325321306518758e+44,5.356407670685563e+43,2.4742726618288393,False,False,CW-All
1225,149.93866,2.4722204,0.210999995470047,5.90410887689731,1.1307085241631859e-15,2.0951854872579628e-16,1.730796112939496e+41,3.207138550509385e+40,0.47090753025164805,0.034626365222972334,12.717303212904474,0.46138726396226554,224.6479257613093,341.0817069607672,245.0303439930679,2.4396457437950783e+41,4.1321150992682e+40,5.396698913006412,372.02822017212515,2.184040006925884e-15,3.444511654778743e-16,3.343149780611466e+41,5.272576668224913e+40,6.340637587612329,False,False,CW-All
1229,149.96869,2.4472236,1.180999994277954,4.146974895371774,7.837974773519203e-16,1.8342219065905947e-16,9.654045540321812e+42,2.259213933311866e+42,1.4743478067625573,0.13691386229946462,13.60140053070991,0.18574765679670752,301.2198326184269,457.340410919674,300.0,9.223077965258755e+42,2.2240496260423858e+42,4.273187854401016,452.0866799883068,1.2373457128903002e-15,2.9075042119464633e-16,1.5240406108122122e+43,3.581177393635033e+42,4.255697060751442,False,False,CW-All
1231,149.95368,2.3872221,0.9629999995231628,3.7926855088321894,6.71107749923282e-16,1.7830275983634817e-16,4.744818303445287e+42,1.2606234967827843e+42,1.2151235914908967,0.12811079412741014,13.464097306539992,0.2211813075009692,294.99773632268426,447.8934364228738,300.0,4.8017501984813897e+42,1.2660554605171847e+42,3.7638663054864967,449.2470482558198,3.1459684571283005e-16,2.1798960941847966e-16,2.2242402533945234e+42,1.5412146393003662e+42,1.4431735831449253,False,False,CW-All
1232,150.24893,2.2872251,0.875,2.2910041375893027,2.118775373489642e-16,1.0916540536450306e-16,1.1568669506325406e+42,5.960511491626286e+41,0.7748086463948295,0.15841417248580153,13.039056658778144,0.3577409703215138,220.47838731750707,334.7511197326364,247.78916277125302,1.8354520257345875e+42,8.011561374419571e+41,1.9408853623682845,376.2169195107452,5.49887855510115e-16,2.0289065872275399e-16,3.002428169372735e+42,1.1077979317922602e+42,2.7102669929300474,False,False,CW-All
1241,150.37907,2.4922078,0.33918,6.131884671002965,1.6009788659444924e-15,2.537945549333901e-16,7.606902553355873e+41,1.2058812823938666e+41,0.7505163439764256,0.04721242574596197,13.149150746184375,0.32764043304123186,297.96588950957863,452.3999670399543,300.0,7.35952646859402e+41,1.2002062764481602e+41,6.30816869323567,448.63173933449247,3.3785911137910878e-15,3.848162779757333e-16,1.6053062233948288e+42,1.828418844104842e+41,8.779751032268296,False,False,CW-All
1243,150.24895,2.5472251,1.2899999618530273,2.1640970916924926,1.1939356405954892e-16,9.180974376131105e-17,1.8728683360717564e+42,1.4401744632370645e+42,0.8394436728982166,0.2561526645819842,13.014072890763405,0.3875797576614919,184.23966012183212,279.73006005403784,233.18679799954657,4.752667434186678e+42,2.196143348850269e+42,1.3004454556582892,354.04622959621037,7.243769730783681e-16,1.9601137175539087e-16,1.1362946629027069e+43,3.0747343423600646e+42,3.6955864682297217,False,False,CW-All
1245,150.38906,2.417206,2.6700000762939453,7.153957219981331,2.4788230512905975e-15,3.085316388680607e-16,2.907679788861197e+44,3.6191014525776716e+43,3.6037324001847186,0.17799433224109437,14.18375182455046,0.2579039562616135,293.9722006831924,446.3363713163006,300.0,2.51671957291164e+44,3.517940484578699e+43,8.034258853921404,430.32463129479004,5.958747219715729e-15,6.473471425230462e-16,6.989659406579844e+44,7.593435125235354e+43,9.20487143341888,True,False,CW-All
1251,149.73855,2.167183,0.5370000004768372,2.5949186629021623,2.2943652824429876e-16,1.192516447103878e-16,3.4599663578467243e+41,1.798347813110639e+41,0.5560182643198271,0.11468069915994528,12.79859023530116,0.4432521931707122,210.31463615225036,319.31955238198293,245.49611349606235,6.376556328376606e+41,2.457324161846773e+41,1.923969508357757,372.7353954402395,3.5121505568491627e-16,1.9527903672192846e-16,5.296420262013228e+41,2.9448619303163504e+41,1.7985292306876544,False,False,CW-All
1253,150.0938,2.2022308,1.0950000286102295,6.060484993319678,1.6760104585853642e-15,2.5994782819046866e-16,1.6794323010584358e+43,2.604785531120993e+42,1.8000965077354445,0.11079106000452799,13.8216059488609,0.16037162450239717,368.6161406006097,559.66785370159,348.9977331416916,1.3529510996114067e+43,2.2324139092873448e+42,6.447487829586021,529.881333833833,1.9583627555713467e-15,3.7135858638567884e-16,1.9623610652599102e+43,3.721167741267666e+42,5.27350875236655,False,False,CW-All
1257,150.39901,2.0772041,3.5299999713897705,3.417416440048753,2.935163138680252e-16,2.1309140308515813e-16,7.467601155484554e+43,5.42144178268076e+43,2.0763258663359037,0.5981755503581885,13.502032917135459,0.28505390966606187,142.0756098046834,215.71261495270568,208.28288336221712,3.387173539295267e+44,9.911503613083063e+43,1.3774197814574747,316.2347533240867,1.5911751824613997e-15,4.1713714936086167e-16,4.048245725949584e+44,1.061274522534144e+44,3.8145132479794746,True,False,CW-All
1262,150.29898,2.4322198,0.3689999878406524,2.4879387355958493,2.431870031996426e-16,1.8484336147925801e-16,1.421837786139403e+41,1.0807208954850095e+41,0.4282235978866836,0.12916164041616668,12.58287545334956,0.5463809277099737,190.68207664363797,289.5115455352104,240.58656441745921,3.563751013524048e+41,1.4324110809225964e+41,1.3156382855920503,365.28125414575504,8.379031987724349e-16,2.8788397027202087e-16,4.89895600285712e+41,1.6831668698205884e+41,2.910558715654443,False,False,CW-All
1272,150.33902,2.4322143,0.5199999809265137,3.143068449053895,4.029409549558093e-16,1.6054849162994006e-16,5.593921864925182e+41,2.2288519115858394e+41,0.654120698528749,0.1034241997937693,12.964872372025676,0.3851614001818367,240.60183765383334,365.30444341632443,265.7009203221411,8.280353555329659e+41,2.6344808232929684e+41,2.509777269565243,403.4122422337139,7.618013025455961e-16,2.4485452672598807e-16,1.057588440843808e+42,3.399250123206332e+41,3.111240428069002,False,False,CW-All
1274,150.09381,2.1572308,3.0739998817443848,2.865081675742721,2.388605660395553e-16,1.6071530349874313e-16,4.1418103231781584e+43,2.7867819044419963e+43,1.7980464163881902,0.4800794692777678,13.426052260259352,0.26890039786304293,148.60552485765848,225.6269489712802,209.60430594814048,1.6127485713164492e+44,5.628979393400272e+43,1.4862341098800418,318.2410619498879,1.1844473932315608e-15,3.5556124257460783e-16,2.053815965476505e+44,6.165384472770991e+43,3.331205011702103,False,False,CW-All
1296,149.93872,1.9372204,2.0280001163482666,2.0932045220835254,3.95770441729002e-16,1.6048180770507306e-16,2.1648177057238012e+43,8.778165879411253e+42,1.668499007280169,0.2684774806924813,13.535486747340434,0.20525428900085413,214.31064665959093,325.3866731010278,223.41120986132017,2.5515819883596326e+43,1.2189836021469364e+43,2.466138981038479,339.204008029142,7.333122096879134e-16,2.768509052190304e-16,4.0111314236115896e+43,1.5143418463630553e+43,2.6487621888313995,False,False,CW-All
1298,149.94372,2.012221,2.6600000858306885,2.273874527633009,1.1094232552548087e-16,1.0777824712782305e-16,1.2878843297470618e+43,1.2511538306599592e+43,1.2855262724248397,0.495580565556408,13.159310803623235,0.37333037453225826,134.2643676895128,203.8528491209168,196.58275174097602,5.812481697631222e+43,2.55620159643625e+43,1.0293573005868732,298.4705079988095,4.669077454499169e-16,2.165752488302213e-16,5.420142095943067e+43,2.514133968784081e+43,2.1558684474417364,False,False,CW-All
1305,150.35401,2.282212,0.3729999959468841,3.38349820431629,5.291066369055548e-16,1.3621791114934426e-16,3.1771779762381578e+41,8.17960912008207e+40,0.5584166217272605,0.05704910076142833,12.84609862878229,0.4162260494089732,233.0041924825431,353.76898064664226,237.53734059154897,3.428603410758714e+41,1.0133309384898987e+41,3.884266264555047,360.65163442448534,6.013369753551295e-16,2.0115490490997828e-16,3.610906500001092e+41,1.2078943810458074e+41,2.9894223838302247,False,False,CW-All
1310,150.30897,2.2372185,0.2399999946355819,2.2522977363914043,2.930341813692866e-16,1.1911390994726474e-16,6.063996131826774e+40,2.4649216203781823e+40,0.3309746324975734,0.05338735026444247,12.359159405228727,0.5783397227321754,168.81477149668956,256.31053670827873,185.21249080929775,8.7475949854111e+40,3.883853739260227e+40,2.4601172230768142,281.20710352256793,5.033217523411853e-16,1.8359113774884182e-16,1.0415648935558346e+41,3.79920166290655e+40,2.74153621200248,False,False,CW-All
1314,150.11882,2.552231,1.562000036239624,4.430128944269284,1.0563874754609997e-15,2.309099496233253e-16,2.8059015081334845e+43,6.133266352939028e+42,1.9602378752130047,0.17003081576102982,13.794836553075045,0.16836288859241302,304.3564380832863,462.1027017015325,300.0,2.703513933671364e+43,6.102562628946883e+42,4.574889376504758,457.77716331337695,2.753258684000159e-15,4.160273228303287e-16,7.313010493944339e+43,1.105022276078141e+43,6.617975630228112,True,False,CW-All
1316,149.7986,2.162197,0.6499999761581421,3.528612872950263,6.550681516045971e-16,1.8792382308874026e-16,1.6233108335868438e+42,4.656901379829939e+41,0.9067741642530174,0.10322715326685378,13.255299497862989,0.2886302271542611,285.1564198175378,432.95141983874106,300.0,1.650054660904932e+42,4.676213345912684e+41,3.4858175022081404,434.7450233383961,1.3541819331674076e-15,3.031185580029851e-16,3.3557702314996826e+42,7.511518272750274e+41,4.467499258669842,False,False,CW-All
1317,150.48911,2.2421842,0.9599999785423279,2.0516942741587423,2.540114249087918e-16,1.05875871579811e-16,1.7808020936333762e+42,7.422657222693295e+41,0.8789155410699977,0.1453752085545735,13.142424465802257,0.31274168350208037,230.7331805508947,350.32091575332146,236.26571201575408,1.9556455785684326e+42,9.531856686446653e+41,2.3991436492431966,358.720927769695,9.091944899661684e-16,2.0744181115813049e-16,6.374104833406815e+42,1.4543157330428887e+42,4.382889278155694,False,False,CW-All
1328,150.39899,1.9972041,2.630000114440918,2.442278269115332,3.5588302052883453e-16,1.4564453834664998e-16,4.003313939803566e+43,1.638349617672074e+43,1.8787671118784681,0.30511203865662073,13.542176665294365,0.20285746186031609,181.5530561623594,275.65100407647174,203.20397795787375,6.249042651964846e+43,2.558693958419587e+43,2.4435040583656757,308.52347925407236,5.746652733458289e-16,2.394611333811411e-16,6.46438679790846e+43,2.693688762901269e+43,2.3998269165090615,True,False,CW-All
1329,149.78356,2.2921937,0.8500000238418579,2.3275241525056756,2.8200446797353676e-16,1.3887727350870424e-16,1.4244540129564612e+42,7.014934585238187e+41,0.8342065160486969,0.16302275550351417,13.119151301304704,0.33654383164319746,236.82396759106337,359.5685241314311,259.0433028305297,2.0304300023393627e+42,8.723561472621117e+41,2.0306019901511236,393.30401830671696,1.0585800183914613e-15,2.7402708289628104e-16,5.3470732789054327e+42,1.3841588422173144e+42,3.8630488899235287,False,False,CW-All
1334,150.11382,2.407231,3.2764999866485596,3.854029667250448,3.20275906425492e-16,1.5159314817494346e-16,6.628065734343389e+43,3.1371993047916926e+43,2.0523774015979646,0.38548899695619987,13.527066227130618,0.21933732306341092,153.19726057226293,232.59855598764793,206.86716534365266,2.172511873617242e+44,5.636987935194494e+43,2.112733393833098,314.0852764628575,1.2750142021797503e-15,2.9410498017190717e-16,2.638624315699115e+44,6.086462023113967e+43,4.335234994778029,True,False,CW-All
1335,150.23392,2.3522263,1.2225000262260437,2.9884050117186067,5.491892956618276e-16,1.8320356266854952e-16,7.43476878732875e+42,2.48015782575318e+42,1.341739652712659,0.17761496932217113,13.497355530055904,0.2143035236058739,273.77991634474506,415.6785373467472,300.0,7.415124521774856e+42,2.481298382480787e+42,2.9976998681811473,415.4003896349058,8.611914614826881e-16,2.8782974721442824e-16,1.165856554073866e+43,3.8965574120954165e+42,2.992016877397718,False,False,CW-All
1336,150.0838,2.2872306,1.2209999561309814,3.5535526821833523,7.000085736974821e-16,2.022091945906915e-16,9.44471193589113e+42,2.72826314627824e+42,1.4527820767874116,0.16653191361761246,13.576877407988789,0.19578189299905888,291.17466358957466,442.08888617285425,300.0,9.756311912145786e+42,2.7455092930130334e+42,3.461803876497446,445.734374886328,1.1248895230331145e-15,3.010957051007405e-16,1.5177324827082974e+43,4.062467670630972e+42,3.735986611488694,False,False,CW-All
1346,150.05377,2.3672297,0.8159999847412109,7.574426727606321,2.7796565138600093e-15,3.3643355702873625e-16,1.25862021308081e+43,1.5233611531628563e+42,1.7280006283511091,0.08299492364837861,13.853060210194023,0.1586615368210459,421.71139361337003,640.282083580338,385.63337251627246,8.838408145795188e+42,1.166874862434416e+42,8.26212622310618,585.505023085066,5.375965368805079e-15,5.403427166947795e-16,2.434221150801251e+43,2.446655771430679e+42,9.949177073560467,False,False,CW-All
1348,150.06378,2.33223,0.3770000040531158,2.1927477850293537,1.147710342081279e-16,1.0061736630775126e-16,7.076353383433728e+40,6.203691074290445e+40,0.33935051042039427,0.118056150033759,12.349239396713996,0.6258582526215963,158.8751796873785,241.21930927172892,213.41049951797257,2.271797937609692e+41,1.0360507273659292e+41,1.140668240680101,324.01998465937595,5.580361344987834e-16,1.9861466806666404e-16,3.440642419652513e+41,1.2245838752523605e+41,2.809642107155356,False,False,CW-All
1350,150.29397,2.3722204,2.319999933242798,2.6020106095108506,1.5530222326223105e-16,1.1991633599750325e-16,1.233580333185071e+43,9.525068644017809e+42,1.327015041296897,0.4066080588904275,13.251360053402848,0.315225675800854,158.09307004184782,240.0318365095209,218.98583251156714,4.471657842096988e+43,1.7185394347556528e+43,1.2950881293226348,332.4849820008179,5.735980510835165e-16,2.3892974095576506e-16,4.556143885816427e+43,1.8978416616635447e+43,2.40069758075748,True,False,CW-All
1352,149.75856,2.1871879,2.438999891281128,3.0724663091636493,4.381038723248364e-16,2.064583794806472e-16,3.9979509355470656e+43,1.8840519875254053e+43,1.926573537986218,0.3602802640686431,13.600759229342668,0.21716187269024023,199.94085285394866,303.5690944018575,238.994460840463,8.0929601401081e+43,2.634027301119885e+43,2.121996081858731,362.86397206375995,1.0583078365165973e-15,3.4497079258843044e-16,9.65767041191811e+43,3.148057778276665e+43,3.067818665388342,False,False,CW-All
1359,150.37398,2.0072086,0.3904999941587448,4.292741073767633,5.750002271935047e-16,1.5728083641200623e-16,3.869049398622e+41,1.0583079740764177e+41,0.594025002739757,0.06447806236375495,12.903085677381949,0.39990374658287936,241.73772089026323,367.02904867086517,264.45354439007826,5.517903640010106e+41,1.2854033227695184e+41,3.655882307792784,401.5183582341712,1.5640187392548246e-15,2.8534705300867026e-16,1.0523936298395559e+42,1.920037230646553e+41,5.481110538076249,False,False,CW-All
1362,150.12883,2.4372309,0.2184999957680702,5.381427560101762,4.842302768709984e-16,1.5381697720271195e-16,8.040555996160146e+40,2.5541030320332024e+40,0.3648279345655748,0.045987507910460426,12.461390011009165,0.5435002286294813,184.0714596928216,279.47468227013877,235.22634733609073,2.1194967483190314e+41,3.9385399592351887e+40,3.148093829934274,357.1428661076836,2.3179793572122645e-15,3.1613108434270914e-16,3.848962716673278e+41,5.249299366841423e+40,7.332336084671148,False,False,CW-All
1364,149.91866,2.3422178,1.2929999828338623,3.827394054225254,7.453950454270643e-16,1.902183168726559e-16,1.1767418168182036e+43,3.00294252238536e+42,1.5418743622783282,0.1561400374741999,13.61861634636992,0.1836560667015059,292.69551040180926,444.3979795018261,300.0,1.1470977311081168e+43,2.9970724593716127e+42,3.9186291713751134,441.5385650319547,1.3199219710053084e-15,3.7424600875295665e-16,2.0837371911013458e+43,5.908154756040797e+42,3.5268832269006283,False,False,CW-All
1367,150.17388,2.5172299,0.8999999761581421,4.6949665163400045,8.429556165489658e-16,1.761327754413782e-16,4.965028303984655e+42,1.0374261683029165e+42,1.2488994235387025,0.10355293063642858,13.507760713380613,0.20915186333578673,312.79092046861734,474.9087297989204,300.0,4.8562382379644667e+42,1.0343499194431282e+42,4.7859100297293855,472.25422451714456,6.201406127084252e-16,2.4283726532879774e-16,3.6526427181932926e+42,1.4303171744151678e+42,2.553729189252583,False,False,CW-All
1372,150.4091,2.5072022,0.8790000081062317,7.082537407836064,1.812646452904242e-15,2.2844237203194835e-16,1.0019291542923333e+43,1.262701130977779e+42,1.582334150347254,0.0791336533075078,13.748822183398197,0.16568193293288946,379.5404373472842,576.2541532148144,350.2534317728106,7.294383242276229e+42,1.0299110081940096e+42,7.93480840170377,531.7878541414609,3.5315178555806374e-15,3.7784696922232807e-16,1.952024727569477e+43,2.0885258331446266e+42,9.346423666832868,False,False,CW-All
1374,150.41402,2.0722012,2.4800000190734863,2.973997860352219,4.563275351857792e-16,2.0891797638414168e-16,4.361388261644178e+43,1.9967508852545933e+43,1.9718342974075673,0.3582358216648412,13.61653694952211,0.21443767727418275,200.1108169504046,303.827149952314,239.91959884282178,8.934455229445068e+43,3.004190200858764e+43,2.184242558173743,364.2686039914728,1.0882206499171174e-15,3.941847386572714e-16,1.0400759109780806e+44,3.7674533302032434e+43,2.7606869145263477,True,False,CW-All
1381,150.47415,2.4671879,0.5720000267028809,2.265051925146729,3.885248743054223e-17,7.966161851949217e-17,6.897653565611181e+40,1.4142678715375734e+41,0.3236846226092494,0.2633612193133706,12.250669373310814,0.8837880012623428,136.15588837925623,206.72473455419154,235.85391704082045,6.050771139840415e+41,2.671360895820721e+41,0.48771903148108314,358.09570172991636,4.175389001773882e-16,1.8409814010236475e-16,7.412752372003634e+41,3.2683755313468767e+41,2.2680234571909446,False,False,CW-All
1384,149.81861,2.1522012,2.2375000715255737,3.5900082177919357,1.7389872481881997e-15,3.2146525336104497e-16,1.2492950617051888e+44,2.3094186225470105e+43,2.8902187488134885,0.21201559813278603,14.041690727545852,0.21227945977153753,296.92677616453295,450.822286977907,300.0,9.528197160236175e+43,2.654087841084824e+43,5.409565201857457,420.95807320296916,2.504006659496052e-15,5.206759349586028e-16,1.798887920221698e+44,3.740555745709053e+43,4.809146133660157,True,False,CW-All
1385,149.89866,2.212215,1.3089999556541445,2.4735548590019003,2.46996685401152e-16,1.243584319990056e-16,4.033170517191363e+42,2.030629523177387e+42,1.0784361242599807,0.2154656274709207,13.2588940131701,0.2833892921477225,220.7730967225193,335.1985753972205,251.19635308696144,6.718247404409737e+42,2.716029272591353e+42,1.9861675756986632,381.3900377796261,8.412071433710665e-16,2.423584873072708e-16,1.373594080416404e+43,3.957434100831147e+42,3.470920918501004,False,False,CW-All
1390,149.86361,2.3222095,2.153999924659729,2.0276188829881976,9.820905882304773e-17,1.1848762458797168e-16,6.349055411329947e+42,7.660031600764578e+42,1.090808197176349,0.5222389938355328,13.087648960202873,0.45796149285149773,146.31011478423844,222.1418405138404,220.6980733360342,3.2235790907035316e+43,1.5898348144957054e+43,0.8288549894097335,335.0846678032039,4.823231141505239e-16,2.8905023246661604e-16,3.118140235336656e+43,1.8686625903777254e+43,1.6686480755770712,True,False,CW-All
1391,150.00373,2.2972267,0.2179999947547912,2.6051392593798415,4.847517352475413e-16,1.70654909089762e-16,8.006295850610923e+40,2.8185844241156344e+40,0.36434585622037224,0.050899405188723115,12.460195993572379,0.5461850222739609,183.93711504436266,279.2707075311683,200.7980416051245,1.1323622902671325e+41,4.346647827712265e+40,2.8405378892005326,304.87055935617576,6.443726159021733e-16,2.6567305773261376e-16,1.0642639161075683e+41,4.387930862501291e+40,2.4254345600625458,False,False,CW-All
1393,150.00375,2.0522267,1.944000005722046,2.1187330026968856,1.4163704058511094e-16,1.1824565857180817e-16,6.89035253136829e+42,5.752409606256748e+42,1.1569136864511922,0.3832734876526611,13.187929093380072,0.34843698459410477,168.45589158431898,255.7656513162126,219.12257326738893,1.948177204159859e+43,9.195010422172449e+42,1.1978202184826738,332.692594736385,3.475952401958292e-16,2.0034090319833907e-16,1.6909797982793149e+43,9.746175462200363e+42,1.7350188336313288,False,False,CW-All
1395,150.4241,2.4471991,3.0199999809265137,17.800630241253156,3.065128827790088e-14,1.023021554941208e-15,5.059985284702631e+45,1.688827551717713e+44,8.884504774642272,0.11767080809742567,15.024858420917447,0.5100430560811994,513.5481851667579,779.7173778020688,394.1140378511838,1.7773161616922902e+45,9.98456873495041e+43,29.961527330342882,598.3811705001459,7.252651187868057e-14,1.770545229479456e-15,1.1972843670702206e+46,2.9228568554248167e+44,40.96281228579714,True,False,CW-All
1403,149.95866,2.6172226,0.8790000081062317,2.672970425154895,2.637150006571316e-16,1.2191009201512176e-16,1.4576684116158437e+42,6.738505194805582e+41,0.8357701443525385,0.15331729110463538,13.11340387536998,0.33141874113988784,233.05152601363108,353.8408468858931,260.0791854485126,2.249122300460142e+42,8.414317941171413e+41,2.163192532283712,394.8767931736793,4.424747371577931e-16,1.9828798399662147e-16,2.4457518369670187e+42,1.0960246097288005e+42,2.2314752928514934,False,False,CW-All
1404,150.02376,2.1472281,2.6234999895095825,3.1355933416464605,6.156593730888323e-16,1.6921795593087156e-16,6.878140118057835e+43,1.8905012451031632e+43,2.249438466339571,0.24534630719459763,13.722544856408216,0.1855665270237359,208.867434785464,317.12227452674955,216.8633843723413,7.97919637749041e+43,2.5447165841029105e+43,3.638262675506728,329.26248069434223,6.47387551271243e-16,2.4243396467796977e-16,7.232606994984337e+43,2.7084697339461447e+43,2.6703665558214245,True,False,CW-All
1406,149.89361,2.4922143,0.4800000041723251,3.0510599572684307,2.874726576570848e-16,1.2073932623037062e-16,3.2522380031779913e+41,1.3659491251961822e+41,0.5509859542348509,0.09183160845115539,12.804684000911038,0.4340916487613177,216.2446896614858,328.3231199263714,248.31870812999486,5.618099042190615e+41,1.8413597637787547e+41,2.380936407650537,377.02092530897687,1.1292597243955913e-15,2.469546523736158e-16,1.2775550276919125e+42,2.7938493770393167e+41,4.572741244360697,False,False,CW-All
1410,150.19386,1.8122289,1.6139999628067017,3.5353988223963215,7.528343603871437e-16,2.0599217483079422e-16,2.1888678664280613e+43,5.989227856057042e+42,1.7895817831597634,0.19431319809501246,13.692518679749735,0.17689232703118402,276.39046821556155,419.6421238574625,300.0,2.1055632939092696e+43,5.955659883605727e+42,3.654674557446349,415.54275184022765,1.3846158223641642e-15,3.1608521240027215e-16,4.0257741149888946e+43,9.19018579492376e+42,4.3805143930958925,True,False,CW-All
1415,150.22892,2.4722267,2.740000009536743,7.201968170933909,2.4185864292199353e-15,3.146968502288489e-16,3.0482157492088516e+44,3.966217140329308e+43,3.627717273803727,0.1873111700004073,14.178548348161994,0.25985349633244614,287.542992507189,436.5749399937282,300.0,2.7578397101693203e+44,3.82928616832765e+43,7.6854484798978095,425.65643411421865,3.993712294009391e-15,4.68015795086321e-16,5.033393293426693e+44,5.898540983382391e+43,8.53328527784578,True,False,CW-All
1416,149.70358,1.9621737,0.283500000834465,2.14221590136591,2.351623821913086e-16,1.1386854037699478e-16,7.232876172304884e+40,3.5022482966595056e+40,0.3480208540962484,0.06687143309269535,12.398295310646418,0.5703045779925592,171.10674761020078,259.79043140332396,197.9584615549979,1.2868741121377503e+41,6.007210157095834e+40,2.0652094196758424,300.55924062368945,4.388065985805207e-16,1.9715074824336535e-16,1.3496349890439683e+41,6.063754483323221e+40,2.2257414820401915,False,False,CW-All
1417,149.86361,2.3322095,0.3350000083446502,3.8919381002605125,7.557586186896554e-16,2.1709731166493974e-16,3.4835377953887966e+41,1.0006722672555745e+41,0.5799581170209271,0.06611004113072068,12.893583383521731,0.40764822225859426,245.2948159345879,372.42976646262,262.16341190605846,4.530909532855111e+41,1.1641782104786889e+41,3.4811975002991575,398.04126271161687,1.8219871080185545e-15,3.7028130327222416e-16,8.398132414947793e+41,1.7067472113133703e+41,4.920548490883598,False,False,CW-All
1424,149.82358,2.3522022,3.01200008392334,2.1922553132767577,2.8919889840879374e-16,1.4289045820568085e-16,4.739170565742891e+43,2.3415796442511144e+43,1.8939901110755426,0.3713502844198777,13.487475679164826,0.2224623863556389,158.10925805302668,240.056414677632,186.1949419174945,9.044333371637583e+43,4.12558396682321e+43,2.0239202955911306,282.6987536228467,5.501970008712474e-16,2.38044836510098e-16,9.016208036184361e+43,3.90089688696211e+43,2.3113166785615524,False,False,CW-All
1426,150.17888,2.5722297,1.0479999780654907,2.477151109323709,2.252461110809885e-16,1.214850698124603e-16,2.0030674310299258e+42,1.0803417893871687e+42,0.8983202644746997,0.1922632423198667,13.14158287324556,0.32765868701879075,222.749497024746,338.1993330780972,257.45562486088784,3.55022159508173e+42,1.4331873343209093e+42,1.8541052939979117,390.89345559996485,7.515969122765515e-16,2.625882016488269e-16,6.683797065435264e+42,2.335142977480149e+42,2.8622645936000652,False,False,CW-All
1427,150.09881,2.2372309,2.1700000762939453,3.3172419873855437,5.160665572551939e-16,1.4228547963845444e-16,3.4054673276300483e+43,9.389264723567793e+42,1.8979010165210988,0.20764806264578933,13.635889695025774,0.1767159418539057,221.80181936788097,336.7604793172326,231.6838694718245,4.0457737705219643e+43,1.2196197280472165e+43,3.626979777321708,351.76434149981145,6.905689857189634e-16,2.18944355304247e-16,4.556989956583516e+43,1.4447900916566004e+43,3.1540844465222344,True,False,CW-All
1428,150.35903,2.3922112,0.9819999933242798,4.631814858908998,8.237623031049667e-16,1.7320232209983387e-16,6.140365473987025e+42,1.291058785559263e+42,1.31851530307544,0.1100110804983972,13.540485436906433,0.1994928008407194,310.4714942326888,471.3871577343707,300.0,5.981520047900137e+42,1.2913987778235714e+42,4.756069624921945,468.2717237809906,1.8263490215228995e-15,3.114486176448932e-16,1.3613697097984605e+43,2.321553598045628e+42,5.864046003264854,False,False,CW-All
1433,150.09881,2.3622309,1.6390000581741333,4.905053446693214,1.2045743793698506e-15,2.2081282190419805e-16,3.654229146052645e+43,6.698636991155056e+42,2.1116510021703454,0.15360744598594198,13.851715788358636,0.1673590881514947,309.6691456366113,470.1689562851461,300.0,3.3827280485273145e+43,6.896414249691431e+42,5.4551831228916035,461.0745928546924,3.0191099043475934e-15,3.9118855615900033e-16,9.158852783648474e+43,1.186720096326706e+43,7.717786874932156,True,False,CW-All
1441,150.49411,2.252183,2.7200000286102295,2.8593677669604496,5.369983323439492e-16,1.7032213759201464e-16,6.631775230070337e+43,2.1034294990917806e+43,2.194826011441719,0.27624709500004485,13.681671732215527,0.19062069288847625,197.38413944950338,299.6872505377649,210.36570832374113,8.530382622000792e+43,2.98331075861176e+43,3.15283931928016,319.3970949783423,6.866699095540366e-16,2.5478672389866547e-16,8.480176237304121e+43,3.1465428898570374e+43,2.695077275011947,True,False,CW-All
1446,149.91363,2.5422172,0.6610000133514404,6.372984857319538,3.04511815866791e-15,3.0815710168146253e-16,7.886085158144597e+42,7.980488832689861e+41,1.5270042272436983,0.061320788445071446,13.771175476328287,0.16770632293928112,421.78495718491655,640.393774745383,348.90546591524105,3.7259387988756643e+42,5.84645795069845e+41,9.881706902265728,529.7412450126803,1.1456291430976956e-14,6.148926127987556e-16,2.9668894641752796e+43,1.592416206852958e+42,18.63136943348906,False,False,CW-All
1449,149.98374,1.9672251,2.5399999618530273,2.127837529635402,3.007314612357809e-16,1.3845867677300265e-16,3.0713775753498165e+43,1.414081763197351e+43,1.7415413510158415,0.3181812343454387,13.482297480745695,0.2156515169351751,177.60516589481335,269.6569440521689,199.14175633502026,4.8283921451397255e+43,2.2691545185628227e+43,2.1719943324954487,302.3558305634365,5.214458526808481e-16,2.275656223192445e-16,5.325538911366046e+43,2.3241331200923705e+43,2.2914087258282287,False,False,CW-All
1457,150.07379,2.2622304,1.4584999680519104,2.0484171466614947,7.416235282783108e-18,6.132282549503515e-17,1.6305065576606314e+41,1.3482213723188527e+42,0.3629094484232124,1.1907933265147874,12.139438453157886,2.7776764111470067,88.57790906544625,134.48735090996968,229.43569254874112,7.015520958953695e+42,3.424849753082556e+42,0.12093759905736151,348.35094687408116,1.274399288096526e-16,1.4836639351036298e-16,2.801847995765907e+42,3.261929649356021e+42,0.8589541458440269,False,True,CW-All
1469,150.22387,1.7972271,2.506999969482422,2.540469428000973,4.343702254348737e-16,1.5969372562616328e-16,4.2781516375193915e+43,1.572837947410316e+43,1.9521536351275954,0.2848008347009427,13.601758823931846,0.19443344360134363,196.40425821544784,298.1995022632245,212.59155441476187,5.850664803781548e+43,2.302985715669595e+43,2.7200206127804747,322.7765848248854,1.0440628741964987e-15,2.83299440027153e-16,1.028306967966121e+44,2.790241808234182e+43,3.6853686477334016,True,False,CW-All
1472,149.98871,2.4122255,2.038000106811523,2.0206618692287006,-9.414242611843146e-19,1.9854321436297455e-18,-5.220172458933579e+40,1.10091683660448e+41,0.0004567656516744076,0.0,,,,,211.08867850341574,2.0858658003073895e+43,1.0322686007350539e+43,-0.4741659211093526,320.49477661563975,4.1101220930965376e-16,2.017542757255034e-16,2.2790517557138194e+43,1.1187220863518488e+43,2.0371920636212746,True,False,CW-All
1475,149.88361,2.4572128,0.31700000166893,9.331750381500875,2.60909805679509e-15,2.813832792510452e-16,1.0510640335241107e+42,1.1335405493311904e+41,0.8388988942248555,0.03590186143735671,13.26565446277319,0.2952706092950981,328.6717101805442,499.02044525087723,300.0,1.0600809307046033e+42,1.1359936639605062e+41,9.272399069837048,500.1000876684673,5.141030971528604e-15,4.809952380339023e-16,2.0710424184075078e+42,1.937668818836225e+41,10.688319893857754,False,False,CW-All
1476,150.11882,2.157231,2.869999885559082,4.454756029164047,6.120003890500573e-16,1.793693192252369e-16,8.771708433599242e+43,2.5708731535598324e+43,2.3627569863409597,0.27479889169009264,13.730293015577832,0.19379165793999506,197.24635298324037,299.47805010580095,234.22028715098133,1.729845115027333e+44,3.8831422051006136e+43,3.411956914892221,355.61537047611046,1.642494708484095e-15,3.406970623799632e-16,2.354162667921708e+44,4.883159143116774e+43,4.820982890226094,False,False,CW-All
1480,149.81358,2.2922002,2.4660000801086426,2.320587078976867,2.4697521408238373e-16,1.3353961245709646e-16,2.323698723750701e+43,1.2564249744235846e+43,1.603806251793713,0.344118564267478,13.413383452819424,0.23891510055729728,171.8767028433549,260.9594501882409,207.10021417719773,4.855050910625442e+43,2.0921649330073858e+43,1.8494528292998587,314.43911322178315,5.342581700210474e-16,2.4379820287986524e-16,5.026638128217918e+43,2.293807396784703e+43,2.191395029619271,True,False,CW-All
1484,150.24895,2.5522251,0.6589999794960022,4.756502756790552,7.895443347278671e-16,1.6545418934228896e-16,2.0285002224430785e+42,4.250855146730324e+41,0.9744397902559356,0.08103184273622611,13.324539251111034,0.263506412416961,299.61737789383994,454.9074127473686,300.00000000000006,2.021310897510338e+42,4.249573690721913e+41,4.77198152471359,454.4989689644795,2.6794589586406808e-15,3.267859564202627e-16,6.884075858137978e+42,8.395796868307012e+41,8.199431175049536,False,False,CW-All
1486,149.90862,2.5672165,0.8289999961853027,2.453170405587757,3.770104428510337e-16,1.3490401743472938e-16,1.7808497019151815e+42,6.372337525163052e+41,0.9019919099344695,0.12807772499299544,13.20245280118263,0.2984231756206805,254.60509510164533,386.56551198450524,256.44120166054415,1.8321545329223843e+42,7.468517183923133e+41,2.7946568976972284,389.3532624484757,8.062888798846501e-16,2.4594414551731526e-16,3.808592941197273e+42,1.1617438363779105e+42,3.2783414225563865,False,False,CW-All
1487,150.41911,2.5122002,0.2468,8.231720906434438,1.989424410009423e-15,2.3955158577016414e-16,4.397603312558582e+41,5.295264508725644e+40,0.6370388820113668,0.030439464469922087,13.0093059468871,0.3716154046070545,277.3393726879773,421.08284028561303,300.0,4.351556279832253e+41,5.286326309278537e+40,8.304784974031273,419.96294034455286,3.344314997650378e-15,3.585703882752962e-16,7.392575781171294e+41,7.926163564351715e+40,9.326801952989896,False,False,CW-All
1488,150.12383,2.417231,0.7084999978542328,2.1711359619995574,1.5775722492960053e-16,9.444307722362926e-17,4.905784509936072e+41,2.9369012133747474e+41,0.6029678048605305,0.14324334503467556,12.833498660153335,0.43300487437189533,201.4260980333856,305.82413396806237,235.46839513503946,9.094093030544721e+41,4.188633595368807e+41,1.6703947982979352,357.51036594616085,5.507571782317681e-16,1.7984552869665133e-16,1.712692420211648e+42,5.5926656243795884e+41,3.0623901646214415,False,False,CW-All
1490,150.05876,2.6372299,2.801500082015991,3.4212606857840857,3.3345168560687303e-16,1.8318350866066348e-16,4.469526901880611e+43,2.4553590678350427e+43,1.906189530671444,0.415545893787343,13.527745260031699,0.23616309807948835,171.77548314599017,260.8057688798637,229.7221798394323,1.4100704269116726e+44,4.121493672700104e+43,1.8203149838371773,348.7859189478289,1.7419626545446546e-15,3.9301151713354154e-16,2.3348956633369073e+44,5.267856257437587e+43,4.432345055050263,True,False,CW-All
1498,150.20888,2.1172281,1.156999945640564,2.2076187164464964,4.0886957654190117e-16,1.5402281661955037e-16,4.7612670222215033e+42,1.793588468094744e+42,1.1719537161027076,0.1751903516214806,13.378849389135716,0.24468596186577293,256.248381656569,389.0605048996616,254.83262541946473,4.6581369316575537e+42,2.11002783087269e+42,2.654603944504172,386.910970011434,7.606779702412096e-16,2.7881347284086187e-16,8.858059249288992e+42,3.246769800814962e+42,2.728268338292896,False,False,CW-All
1501,150.01875,2.2122278,2.309999942779541,2.7024811603573298,5.484248308225396e-16,1.8419794304004692e-16,4.304299523072951e+43,1.4456732697335548e+43,2.010032405150117,0.26789843982145234,13.666557904423385,0.18893005385630177,218.0461416783262,331.0582545902218,236.8476704424359,5.968725150209201e+43,2.2086093467604413e+43,2.9773667488963502,359.6045120399711,1.7098129426566342e-15,3.994451540941894e-16,1.3419427093742087e+44,3.1350359969710516e+43,4.280469859582924,True,False,CW-All
1503,150.44405,2.1421949,0.8790000081062317,3.3283095463396313,7.238854512288201e-16,2.20304013646278e-16,4.001232213773189e+42,1.2177168566223573e+42,1.167608163224789,0.1410097501800351,13.446251951090371,0.2341802031673511,300.88553497118403,456.8328486452032,300.0,4.0671644463250124e+42,1.2219910407065202e+42,3.285847766673451,458.7257424616088,1.3396275838484503e-15,3.380077916788774e-16,7.404708899528933e+42,1.8683172348277417e+42,3.9633038551997544,False,False,CW-All
1512,150.14885,2.3722306,1.2680000066757202,2.078107901712813,1.3438102682499683e-16,8.510458324404175e-17,2.0108139259100254e+42,1.2734646042610503e+42,0.862911556770186,0.21686064178052256,13.046843966119035,0.35396448668174263,190.4796265302053,289.20416664430815,226.48609303364964,3.9863686092856126e+42,1.918268346893815e+42,1.5790104563423142,343.872586194593,4.6331145684279945e-16,1.6286890497399012e-16,6.932772813727789e+42,2.4370930179445266e+42,2.844689456939552,False,False,CW-All
1514,150.06879,2.2172302,0.6010000109672546,3.36808937183291,7.492225908220961e-16,1.9536428878613037e-16,1.512573103321544e+42,3.9441251797172664e+41,0.8946016755669346,0.0925685547497434,13.254939226511118,0.28927457446477,290.8396156226501,441.580184692148,300.0,1.2692085285293558e+42,3.768333878381184e+41,3.8350027810982725,422.41096064611816,2.0652943579603178e-15,3.260799891063913e-16,4.1695335065441056e+42,6.583087951372589e+41,6.333704695035631,False,False,CW-All
1517,150.1989,2.5772287,0.9100000262260436,2.6574720351415233,3.032587536237056e-16,1.1775918428563945e-16,1.8401767070638505e+42,7.145637360040049e+41,0.897291947478754,0.13826576869412638,13.176008677251392,0.30378827686840515,241.5104198913928,366.683938817632,256.4844420144297,2.3341083144468203e+42,8.783190504288854e+41,2.575245026223296,389.41891403935006,7.792307765526815e-16,2.136027771417668e-16,4.72837900738319e+42,1.2961434760368418e+42,3.648036729576372,False,False,CW-All
1527,150.02875,2.2372284,1.5049999952316284,2.9371059178874135,5.900732798879323e-16,1.6802630473973708e-16,1.414537828389266e+43,4.0279669037710244e+42,1.5779220069145727,0.178302043170525,13.591805940332298,0.18611677362345125,265.65874545369894,403.348208363513,260.1713779779059,1.3025251169632776e+43,4.434723000729069e+42,3.5117910901029536,395.0167685827018,7.701129589931945e-16,2.6244879017669555e-16,1.8461332681180843e+43,6.291485386195428e+42,2.934336098385938,False,False,CW-All
1532,150.38898,1.967206,1.3899999856948853,2.1531454872236484,3.264383376740357e-16,1.8199350586393742e-16,6.28668090941081e+42,3.5049041944761804e+42,1.2310431884097095,0.2723500643543634,13.371378190844192,0.27195259075564354,233.67834502964695,354.792542741591,256.33048613001904,9.062389698990768e+42,4.208907272065565e+42,1.7936812422201955,389.1851636689716,8.003375010543556e-16,3.0713230526555233e-16,1.5413221758248662e+43,5.914877565956484e+42,2.6058395269177845,False,False,CW-All
1546,150.48414,2.3971855,1.1604999899864197,3.549138487867777,6.161242093563079e-16,1.719109108190289e-16,7.23418429176677e+42,2.0184813252665683e+42,1.3451737498191703,0.1489405696082757,13.51520702041465,0.20524463034471133,284.1415157486879,431.4104965872503,300.0,7.153250448654977e+42,2.015489244251061e+42,3.5839738526247675,430.18425892100765,1.6449901085240175e-15,3.038000913315464e-16,1.9314549602958765e+43,3.567049979815052e+42,5.414712356780661,False,False,CW-All
1552,150.05877,2.4572299,0.1829999983310699,4.485870012997567,5.96560056502125e-16,2.1264536357613923e-16,6.573637893824114e+40,2.343190102512563e+40,0.3434945445770809,0.04858710801712962,12.410007320229088,0.5637769491668142,179.28731892911046,272.21094772864575,222.9182676462747,1.554903184004323e+41,3.466224343324873e+40,2.80542235424062,338.4555765821525,2.5077245416054976e-15,3.831838085299823e-16,2.7633216294480294e+41,4.222394001405226e+40,6.544442864707526,False,False,CW-All
1558,149.86362,2.2922095,1.0099999904632568,2.5700342462442727,5.002005569400573e-16,1.8822681824672943e-16,4.023730851159297e+42,1.514140768311221e+42,1.1400776760554834,0.17024377120802345,13.388536773898844,0.24986692303073724,273.2676177561523,414.900717224533,300.0,3.8844432267938674e+42,1.5114363680057613e+42,2.6574351179032836,411.21907232594367,1.361266036459765e-15,3.068962494785878e-16,1.0950343960122554e+43,2.4687455661510937e+42,4.435590329867296,False,False,CW-All
1559,150.25392,2.1372246,1.8650000095367432,2.7323527442098112,2.3826783852117504e-16,1.277984122210848e-16,1.0332900041957584e+43,5.542200857645349e+42,1.339538906904043,0.2851115587699441,13.350125643322151,0.255371669814707,195.61470412534388,297.00072664186996,235.74436687875732,2.160417814547702e+43,7.906804196954038e+42,1.864403746339068,357.9293723229223,5.467750014802764e-16,2.1677435717562848e-16,2.3711850792799325e+43,9.40079776715781e+42,2.522323251717843,False,False,CW-All
1561,149.92366,2.3822185,3.1850000619888306,2.020134527159312,3.280186821009457e-16,2.3410302841517385e-16,6.275680859392663e+43,4.478878718556767e+43,2.036739706622166,0.5768241593713767,13.5331496220271,0.28103293864350876,157.18442636760025,238.6522478292285,196.15488029411065,1.506110757149312e+44,7.455497329017915e+43,1.4011723142650492,297.82087314034356,8.092114150245885e-16,3.9049457361065356e-16,1.5481900469647735e+44,7.470974840850421e+43,2.072273136966612,False,False,CW-All
1567,149.83858,2.392205,2.9259999990463257,2.201117563243382,2.660007321780514e-16,1.4824360544008505e-16,4.0224900887121734e+43,2.241754858022543e+43,1.8126544415435593,0.40087374714134194,13.457424416355739,0.2383399194264671,157.77363854413443,239.54684542790778,193.5905052074845,9.029822627649311e+43,4.1023808897984173e+43,1.7943487773950542,293.9273965864427,4.38712355913464e-16,2.5073201781990683e-16,6.634252804523253e+43,3.7915950394011707e+43,1.7497261009105656,False,False,CW-All
1570,150.43411,2.467197,0.6690000295639038,5.666092557183214,1.1033010132578914e-15,1.8613185542659575e-16,2.9491146878307896e+42,4.975289446085754e+41,1.1007600880190735,0.07369174201684642,13.443211050582015,0.23159644861567247,326.8520205123587,496.2576204615531,300.0,2.799203656750202e+42,4.940271674880247e+41,5.927523855222068,489.75054275752166,3.72446646203453e-15,3.8566250628773406e-16,9.955468739292981e+42,1.0308727610793351e+42,9.657320588109723,False,False,CW-All
1582,149.70855,2.0821751,1.2100000381469727,2.730073460430968,4.706276949585611e-16,1.625709678591084e-16,6.194462255957368e+42,2.139779989799316e+42,1.2659985470208548,0.17353943425435914,13.44258111550325,0.22565906584907502,263.7455146362505,400.4433605630547,267.1236483531801,6.514040719372439e+42,2.3860312968809768e+42,2.894906151794759,405.57236235822955,5.702666503651731e-16,2.43653613964245e-16,7.505923003169923e+42,3.2070002071637905e+42,2.3404809848166543,False,False,CW-All
1583,149.79359,2.1521959,0.2319999933242797,4.783838876106072,9.033777307511777e-16,2.3385192731052507e-16,1.7260940986414299e+41,4.468235356554318e+40,0.4686728238827753,0.0481438485052738,12.707424287687719,0.46661011149349,221.21020158300038,335.8622292966656,248.8882610498386,2.7506358032261283e+41,5.749850432807801e+40,3.863033078840565,377.88567436662544,2.472521844414158e-15,3.99240948076169e-16,4.7242755927318806e+41,7.628342175728205e+40,6.193056740117847,False,False,CW-All
1584,150.25888,1.7472241,1.5169999599456787,2.1692705118852227,2.3978181484210746e-16,1.4450264946443045e-16,5.875391773043544e+42,3.540759245672442e+42,1.177146871879466,0.28150731151243236,13.29737362852282,0.28900555856051785,211.03533820465645,320.41379033415524,245.2536457860064,1.0641004592619171e+43,4.905337777984875e+42,1.6593592970842386,372.3672580530435,5.579149948644174e-16,2.633511798154856e-16,1.3670632917023004e+43,6.452913688755262e+42,2.118520962219782,True,False,CW-All
1585,150.1939,2.5672289,0.621999979019165,2.8914245087519546,3.1025393162019595e-16,1.160186250668054e-16,6.85088130426614e+41,2.561868677267395e+41,0.6853203322024557,0.10169591228477384,12.984039810289385,0.3700610298550442,234.2230221453843,355.61952300303153,252.66037465348504,9.243061281091495e+41,3.196715409001337e+41,2.674173491036863,383.6128536513728,1.0835376540187234e-15,2.2476171472718223e-16,2.3926168534336326e+42,4.963082405750949e+41,4.8208283841130655,False,False,CW-All
1588,150.13383,1.9872309,0.722000002861023,2.270257382670511,2.04435241565928e-16,1.0779153535720644e-16,6.682985001550416e+41,3.523703685178915e+41,0.6661491065166296,0.1393797891310785,12.929100780345815,0.39703783726893876,215.57299218222727,327.3032853473948,243.44041953313337,1.0805865791138315e+42,4.7597536180797874e+41,1.8965797350270361,369.61424663154867,6.60458370585353e-16,2.0470440586886304e-16,2.1590374296336434e+42,6.691783978603928e+41,3.226400368775909,False,False,CW-All
1591,149.8937,1.9472143,0.7800000011920929,2.523436245878308,4.560403532461355e-16,1.569511929996341e-16,1.8305680981757423e+42,6.300097016210457e+41,0.9192160807357954,0.1255389292846546,13.234239035013585,0.29212875262619065,266.11510629770004,404.04109851655784,262.92014597198835,1.7452274728931936e+42,6.916075156421274e+41,2.9056189031146684,399.1902078712397,3.0704581144087796e-16,2.0639792614318618e-16,1.2324967803864374e+42,8.284912868739679e+41,1.487640002874198,False,False,CW-All
1593,149.86863,2.2772103,0.3880000114440918,3.984576447608512,5.945271341958684e-16,1.5424943701659989e-16,3.937017587664361e+41,1.0214550547689706e+41,0.5977529254045345,0.06154220838831276,12.909964655799081,0.39712155814698963,243.2590180534256,369.33882576516737,257.5789998391774,4.935772280235922e+41,1.2387194335795224e+41,3.8543228791939583,391.0807751492046,1.3299257008305065e-15,2.820704015225058e-16,8.806899758307015e+41,1.8678981460714817e+41,4.71487151311193,False,False,CW-All
1595,149.96369,2.3522231,0.8140000104904175,4.418104805090134,7.89215338340389e-16,1.7666212463390662e-16,3.550168009127205e+42,7.946883351489491e+41,1.1368822287486677,0.1009863950035517,13.436804960498783,0.22967318466975692,306.62990432300506,465.5544929572633,300.0,3.51777130206265e+42,7.96217259945893e+41,4.467371486536031,464.4759719712818,1.564310647194815e-15,2.910472976195548e-16,7.036819162291609e+42,1.309233050797879e+42,5.374764376749577,False,False,CW-All
1596,150.30397,2.2722191,0.2930000126361847,5.973019246596947,9.799773800523e-16,1.7841478007733711e-16,3.2628107513907717e+41,5.940276525691725e+40,0.5721013314090908,0.04133207371528022,12.890705314113056,0.4048967551267868,248.7803629111637,377.7218532176324,264.78606469444213,4.174684084176176e+41,6.989235948895777e+40,5.492691690831394,402.02322197874935,2.5008222371270923e-15,3.164735458779566e-16,8.326426557090456e+41,1.0536909412809604e+41,7.902152548609854,False,False,CW-All
1612,150.16385,2.0722302,0.7744999825954437,2.2455070453926216,1.0024755230563562e-16,8.667008927215778e-17,3.948820155544606e+41,3.413994531829651e+41,0.5537674295479211,0.1899863216032236,12.731211074486279,0.49936495489610333,181.2851693485298,275.2442730041787,239.05303376390847,1.1784124630547145e+42,5.247868028170322e+41,1.1566568483717894,362.9529030104524,4.923187476201581e-16,1.813456063929754e-16,1.9392774674715604e+42,7.143328382330816e+41,2.714809348914166,False,False,CW-All
1613,150.0938,2.3972308,1.6670000553131104,9.289547170585854,5.808492746740844e-15,4.849009196691696e-16,1.8465302889980673e+44,1.5415087430978408e+43,3.593795711752534,0.11905356420860609,14.37488603268747,0.2554466550365744,458.3344931482645,695.8867336621208,402.0899365532104,1.100565683129545e+44,1.1847355559099193e+43,11.978720829615602,610.4909335198316,1.1575218831813216e-14,7.254354728146812e-16,3.679782881147078e+44,2.3061724128304374e+43,15.956234931415059,True,False,CW-All
1618,149.89864,2.332215,0.9335000216960908,2.358965175731889,2.417878738130614e-16,1.1081080245988832e-16,1.5716250380494383e+42,7.202719842226554e+41,0.8476900869271391,0.15416441786566945,13.113283266307471,0.32746150478190417,228.01439315068077,346.19299583513936,247.43813593561558,2.171113008143148e+42,9.203667059093156e+41,2.181988293971471,375.68395740178056,3.414508035596993e-16,1.753106465561967e-16,2.219435671746805e+42,1.1395220000874605e+42,1.9476900591445003,False,False,CW-All
1621,149.86861,2.3472103,2.1029999256134033,4.02812335816578,1.6577112102158302e-15,4.019357585422429e-16,1.0027895395847066e+44,2.431406458298176e+43,2.740837491846238,0.26371237891261434,14.014752429453418,0.20859260481857048,302.63503850182923,459.4891102089106,300.0,9.75875319379556e+43,2.4226549998804514e+43,4.124318812110884,456.3372402657576,3.2714111305829073e-15,5.939316389449688e-16,1.9789555872053245e+44,3.5928358998360826e+43,5.508060046092312,True,False,CW-All
1627,150.36905,2.4322095,0.7900000214576721,2.9846835937944016,2.1628494546322875e-16,1.093299764393993e-16,8.98178366866262e+41,4.540205952732918e+41,0.7246958142484711,0.14536778573648346,12.994894639341533,0.3726497280394634,220.56063612665815,334.8759976460455,263.2691838337185,1.8080255878591363e+42,6.0576792515571454e+41,1.9782767042222285,399.720150132088,1.9014216705138716e-15,2.745845492236478e-16,7.896138157413362e+42,1.1402823319958453e+42,6.924722005990122,False,False,CW-All
1632,150.40908,2.3972022,1.7480000257492063,8.36216002708384,4.0414260948290844e-15,4.14252387355967e-16,1.464904348678027e+44,1.5015494764693315e+43,3.2843708820933646,0.1335924858238488,14.267674094842155,0.2344091614299453,410.89920842888694,623.8660024337986,371.44455536509525,9.829319834740005e+43,1.1754522519186723e+43,9.755951246591822,563.9622202424536,1.1542713218396316e-14,7.202777521821607e-16,4.183911914362795e+44,2.6108061527531267e+43,16.025364081323346,True,False,CW-All
1633,150.21388,2.0672278,0.3729999959468841,4.115165965162212,8.516552914428164e-16,1.7828490629042881e-16,5.114017187808968e+41,1.0705646806368524e+41,0.6537457521309706,0.05430740700255925,13.002999594469651,0.36869359087053144,262.8234170059192,399.0433448154264,265.37006602717537,5.312697026957168e+41,1.2910043171849942e+41,4.77693434157268,402.9099079820186,1.453159147905952e-15,3.9656189129746673e-16,8.72592577499632e+41,2.3812736778627133e+41,3.6643943348956762,False,False,CW-All
1645,149.89365,2.2172143,0.9409999847412108,3.4685676918896458,6.445179508813372e-16,1.6641998427557631e-16,4.280887272973591e+42,1.1053612885096275e+42,1.1794994306675575,0.1208558434883105,13.44017372895275,0.22605081864955232,292.16723745527474,443.5959056000326,300.0,3.992673856755978e+42,1.151101610642289e+42,3.8728398736901353,435.8421518819023,1.009397332461812e-15,2.6165990248998113e-16,6.704415583771424e+42,1.737944683907028e+42,3.857669145544612,False,False,CW-All
1657,149.91369,2.0722172,1.7580000162124634,2.0995207272624574,3.3364003116326753e-16,1.6678445341509305e-16,1.2285899266463692e+43,6.141640098538742e+42,1.4431750363158709,0.2862832112694636,13.44691528262371,0.23824348047843688,218.1325112106498,331.1893889749017,238.01411102848485,1.734360551906623e+43,8.260745080464325e+42,2.0004264446213362,361.3755123499433,5.519890789396441e-16,2.7008455938917954e-16,2.0326344522854666e+43,9.945544239740542e+42,2.0437639241133105,False,False,CW-All
1659,149.8286,2.2622031,1.2350000143051147,3.6340522890311973,7.765572173964866e-16,2.078153252462677e-16,1.0809833014832859e+43,2.892831221589644e+42,1.5152518316042554,0.160911983290752,13.615360527782055,0.18742070968362715,298.3326118107062,452.95675948762675,300.0,1.04614315389338e+43,2.878723448892012e+42,3.7367658832487054,449.2179425840609,1.9501352364630016e-15,3.6979309589256937e-16,2.714627562561627e+43,5.147594442607308e+42,5.273584764355759,False,False,CW-All
1660,150.48915,2.4071842,0.8870000243186951,2.412198950580368,5.567272224068184e-16,2.2836874111947353e-16,3.153187572125809e+42,1.2934332063858514e+42,1.0773474076200067,0.1753676290595501,13.36406573214277,0.266701045479903,281.587975033173,427.5334697992663,300.0,3.114818859686652e+42,1.2912777608734287e+42,2.4378433741751047,426.2112567932434,8.432127511320004e-16,3.2762160605048386e-16,4.7757822152705156e+42,1.8555808571605988e+42,2.573739752078708,False,False,CW-All
1675,150.06877,2.5872302,0.4860000014305115,3.179968790981099,9.270450049854495e-16,2.9247617200189865e-16,1.082512297570059e+42,3.4152500820954257e+41,0.8195042537618848,0.10259834212538076,13.19829062080077,0.31702290324814375,291.8054853582785,443.04665938588676,300.0,1.0876681124525454e+42,3.4203735443484435e+41,3.1696428418087734,443.5795810107197,2.1575782457205816e-15,5.677612714530251e-16,2.5194084121070507e+42,6.629759667833589e+41,3.8001504403406514,False,False,CW-All
1676,149.84363,2.152206,0.3540000021457672,2.810500616499679,2.1050877028834288e-16,1.252020959638383e-16,1.1109790830363724e+41,6.607653903331913e+40,0.3957843138675994,0.09341130556637757,12.508334327949997,0.5454621323089646,181.14775888676718,275.03564345777437,234.62065304229904,3.0882391003679022e+41,1.0988217124869841e+41,1.6813518069948556,356.22324380125576,8.42410310348806e-16,3.3917289363786985e-16,4.445896638176926e+41,1.79001563615832e+41,2.483719442651675,False,False,CW-All
1681,150.04377,2.2072292,0.7760000228881836,4.02568483385162,7.598425770968996e-16,1.8548662004451855e-16,3.008540974007538e+42,7.344206725901026e+41,1.0844583413811046,0.1050512671052526,13.39986726722907,0.24208169260471493,302.6797867838412,459.5570512787446,300.0,2.956642518240117e+42,7.344446076299806e+41,4.096481875159136,457.5383320794314,2.5568327221933777e-15,3.915747363664687e-16,1.0123591702102048e+43,1.550411459233728e+42,6.52961614919017,False,False,CW-All
1685,150.02875,2.3522284,1.6480000019073486,3.067092485388761,7.877789588575005e-16,2.5689441149396797e-16,2.426265166198848e+43,7.9120412520654e+42,1.8410812194698976,0.23824439215018753,13.713231578642956,0.1858385251806122,277.59630196392635,421.4729345885625,300.0,2.4275086538749464e+43,7.914690102888286e+42,3.06654766943421,421.52757454161906,1.2379166960925958e-15,3.5875339459630013e-16,3.812635669707865e+43,1.1049176355598032e+43,3.4506062234912234,True,False,CW-All
1693,149.66356,1.962162,1.5299999713897705,3.8087904686262344,8.019927913621732e-16,2.1059506353617687e-16,2.0119323293989389e+43,5.283127495704848e+42,1.765492212070133,0.18396829676741133,13.697917708599281,0.17546168600011616,285.69276746043363,433.7657535074954,300.0,2.0129405918409188e+43,5.2849864239629643e+42,3.8082221771755997,433.8207398368511,1.0352696460675982e-15,3.0741388709824915e-16,2.59714612525511e+43,7.711988743797266e+42,3.36767364623553,False,False,CW-All
1694,150.01374,2.3472274,2.75,2.31285565155093,2.8820193305864193e-16,1.6150713659795748e-16,3.6691917239139976e+43,2.0561994247196586e+43,1.7972915210819764,0.39968036448959243,13.477728468824337,0.23925551872693937,167.48757767342607,254.29546564464704,203.00815235145708,7.847511747664474e+43,3.3929967667468445e+43,1.7844532392154784,308.2261583156444,6.456116256576132e-16,2.729711952656452e-16,8.219489746599201e+43,3.4752842907955785e+43,2.365127298612326,False,False,CW-All
1697,150.43405,2.162197,1.2719999551773071,2.8172305483782303,2.1247427586958613e-16,1.263793324297207e-16,3.206944481230643e+42,1.9074850403343327e+42,1.0064038274167224,0.23754256305291443,13.199005487991508,0.31486449679606543,213.75867014883949,324.5486102083867,263.8028545553898,7.365146149829014e+42,2.6143214136552798e+42,1.6812422710631318,400.530419446108,1.0462213021203438e-15,2.6479613040582317e-16,1.5790963951985107e+43,3.996655527266762e+42,3.9510445281693443,False,False,CW-All
1700,150.414,2.0072012,0.3009999990463257,4.682087201811313,1.0011495625075874e-15,2.1659223422523456e-16,3.557215180610208e+41,7.695805026958167e+40,0.5878083040032418,0.0504637006710034,12.915641870884087,0.39902330772339173,252.80559900161322,383.8333469783598,262.1526307969992,4.10612719604561e+41,8.769864846722874e+40,4.622278199810667,398.0248938131799,1.990130961744605e-15,3.461061350248337e-16,7.071195287533924e+41,1.229760311265515e+41,5.750059765920675,False,False,CW-All
1703,150.21892,2.5622274,0.210999995470047,7.852724313112534,2.636915510653196e-15,3.3422283377998743e-16,4.036374554942099e+41,5.116009733721079e+40,0.6233122819632654,0.03135054146280553,12.996422084265268,0.3780126569069043,278.31847542789916,422.5694065768031,300.0,4.0144707185605255e+41,5.112201267345059e+40,7.889692875948228,421.98806760202933,4.83406752556319e-15,4.876340241554992e-16,7.399595124768252e+41,7.46430274035482e+40,9.91331056920195,False,False,CW-All
1704,150.39899,1.9972041,1.5190000534057615,2.3538099530209875,3.5735534168621134e-16,1.3728250184094875e-16,8.788184073709747e+42,3.3760902819721486e+42,1.3445642710631773,0.20497265793668623,13.429293043042774,0.22302741509638152,233.3590833901789,354.3078095548152,240.85628708293495,9.958200633105582e+42,4.230673177469053e+42,2.603065480990667,365.6907725814794,5.638158186915854e-16,2.217015801009461e-16,1.3865518771738004e+43,5.4521482347680774e+42,2.5431294555269583,True,False,CW-All
1712,150.20888,2.0622281,0.9739999771118164,2.595465470929283,4.6915317749084385e-16,1.3971431821471273e-16,3.4204939219817425e+42,1.0186267496324794e+42,1.0879848300508186,0.12857263747996356,13.351237349086308,0.24786444449524453,269.3458169545461,408.9462686925077,260.8328401964142,3.012718314401349e+42,1.1607622402014358e+42,3.357946297027696,396.02106302171916,1.102494223991487e-15,2.627453935386605e-16,8.038045937046769e+42,1.9156195987721492e+42,4.196055387091936,False,False,CW-All
1719,150.36904,2.3972095,2.840499997138977,3.0395513780497216,7.896922061417147e-16,2.0506376623594571e-16,1.0998740834994578e+44,2.8561041908932385e+43,2.555905706107314,0.26337549474822686,13.813319040831091,0.19930194229965859,211.7805126534148,321.5451845907668,212.43869508594094,1.113447049830491e+44,3.6631953579442896e+43,3.850959243736397,322.54449934881234,1.2138614886194641e-15,2.973658375350001e-16,1.6906521071211262e+44,4.141676661858345e+43,4.082047550188384,True,False,CW-All
1725,150.09881,2.3772309,2.2809998989105225,5.555300322407636,1.38243067296614e-15,2.488973042602396e-16,1.0476303205132434e+44,1.8861876239881701e+43,2.709611468311313,0.19359017510764642,13.969269952464666,0.19950742258425344,277.3673078691871,421.12525411720753,300.0,1.0484717516679563e+44,1.887335860923455e+43,5.554221155889707,421.2108025573362,3.729497411201349e-15,4.38441097232838e-16,2.8262788468567776e+44,3.3225838821609136e+43,8.506267853856698,True,False,CW-All
1728,150.12883,1.8522309,0.9819999933242798,3.1856675024956247,5.295124312564455e-16,1.6486290114826083e-16,3.947012188684363e+42,1.2288963240202112e+42,1.1390259031235677,0.14072778027016566,13.39481378996588,0.2401417612578522,277.6288001639187,421.5222764264139,300.0,3.911461296004085e+42,1.2278309939564875e+42,3.211834970562942,420.55847103673153,6.433148636827222e-16,2.32106441426615e-16,4.795301220959986e+42,1.730133041842256e+42,2.7716372700760172,False,False,CW-All
1731,149.95866,2.6472226,1.131999969482422,2.5535187394645305,4.190577087625511e-16,1.5312615166413762e-16,4.597380061634173e+42,1.679909716144536e+42,1.1639316661611594,0.1687728083409891,13.37824840714547,0.2441179327971,258.588378957817,392.61330989925585,262.63014213899635,4.888022483008333e+42,1.9142301199768543e+42,2.73668282137528,398.74989665070706,4.427459758356459e-16,2.309639336357507e-16,4.857258270432903e+42,2.5338490648199922e+42,1.916948541991379,False,False,CW-All
1734,150.22891,2.2572267,2.4739999771118164,2.736678426218591,4.068651718318074e-16,1.5915791151015995e-16,3.862599908158128e+43,1.5109755686729514e+43,1.8956532720452492,0.2942632860216751,13.57838359625898,0.19897907925280833,194.65490521966595,295.54346925576993,216.5119596924496,5.882389690489586e+43,2.149463244981102e+43,2.556361590644741,328.72891454064023,4.282672936358888e-16,2.2816351667646856e-16,4.0657822875754735e+43,2.1660845891323486e+43,1.8770191653522046,True,False,CW-All
1737,149.93365,2.5022198,3.2799999713897705,10.299007108133619,5.410436780729056e-15,4.862879601958068e-16,1.1230009492989132e+45,1.0093488992933691e+44,5.236450102111853,0.18676591467352605,14.45896004828484,0.35666387720363146,312.9944105793911,475.2176877120511,300.0,1.0252851862777765e+45,9.955184762112261e+43,11.125993698364464,464.39777498590007,1.696125313521066e-14,9.911029325500942e-16,3.5205112163927904e+45,2.057152831118959e+44,17.11351321660364,True,False,CW-All
1739,150.17885,1.7772297,0.9700000286102296,11.26248837266586,8.24681365441484e-15,4.84866442423583e-16,5.945980251896663e+43,3.4959032812808006e+42,2.8028705951271093,0.06539408281691159,14.294310336213123,0.1981075829980598,556.3578177573944,844.7150069094567,441.0409640853658,2.374143663700576e+43,2.1080098688160594e+42,17.008423212778997,669.6300638435159,1.4088236207893406e-14,7.486906508031849e-16,1.0157665467722222e+44,5.398084655486583e+42,18.81716593199039,False,False,CW-All
1741,150.27394,2.1822226,1.1579999923706057,2.4104844252151056,2.463340496776478e-16,1.1461897661541352e-16,2.8753263859414546e+42,1.3378863710606623e+42,0.9915171737012457,0.183076153842754,13.2121649265304,0.29334105684688483,225.38975419252466,342.20802097739335,246.66124913654312,4.1067329649975505e+42,1.703696121011475e+42,2.149155898540118,374.504414458551,5.485245188152688e-16,1.9430114953500672e-16,6.40263505735113e+42,2.2679740084971913e+42,2.823063682988878,False,False,CW-All
1743,150.03875,2.5522289,1.4500000476837158,3.7643182455140147,7.274444793058694e-16,1.9472418001753546e-16,1.5737862755523967e+43,4.2127509486663707e+42,1.6504721912238085,0.17531848211609122,13.649227135707614,0.1797317688397192,283.0737152160738,429.7892609265008,300.00000000000006,1.5902278808615133e+43,4.224477786267429e+42,3.7357686099402803,430.9208451473854,1.3561329386017822e-15,3.1333382033498915e-16,2.9339193124849184e+43,6.778805532762363e+42,4.328077119641676,False,False,CW-All
1753,150.06878,2.2872302,0.9860000014305116,2.384355449734774,1.9618354700590222e-16,1.1062341686775186e-16,1.4785511851168114e+42,8.337212095903473e+41,0.8222275005772456,0.18398225762738743,13.069344752690926,0.35183041123117353,215.91854826523203,327.82794124280326,249.06141744487724,2.5999253875736014e+42,1.0904101516671124e+42,1.7734359736911383,378.14857676641753,3.6666791358771916e-16,1.805938768604506e-16,2.763418678341668e+42,1.3610585328484528e+42,2.0303452141461724,False,False,CW-All
1756,150.14385,2.4472307,0.3690000027418136,3.690679354198811,4.805891384786583e-16,1.4024805571778628e-16,2.809853552854139e+41,8.199862753598352e+40,0.5365729211680891,0.06213711836874163,12.80741317463383,0.42999210019050554,226.54567609591092,343.96305082947947,248.7466285632093,4.065964931513339e+41,1.101684687640928e+41,3.4267080282789975,377.67063454314655,9.788485432399988e-16,2.4643687727614517e-16,5.723019595564888e+41,1.4408389198321551e+41,3.9720051400551903,False,False,CW-All
1758,150.06878,2.3422302,2.9070000648498535,2.017264240858075,1.749334975584623e-16,1.3747694448640553e-16,2.5979885989508176e+43,2.0417103606752786e+43,1.5720192142383653,0.49024616035212615,13.318687185919755,0.30507311137666265,142.5023323670679,216.36050546619936,187.9344147286117,7.756649555985634e+43,3.845133125785356e+43,1.2724569796920437,285.3397856004047,6.022613059189237e-16,2.6426374503724084e-16,8.944359017595736e+43,3.924658263311478e+43,2.2790160104408237,True,False,CW-All
1761,150.34902,2.3672128,1.4020000100135803,2.7148929986591415,3.5744689304935345e-16,1.59012911696711e-16,7.048616139434301e+42,3.1356293691693225e+42,1.2758323787886847,0.22522362410550797,13.404131609797659,0.24264966547936656,238.59322270283886,362.2547744118572,265.593540910012,1.0767952514708111e+43,3.966253005192578e+42,2.247911123916278,403.2492086643749,8.564680041560044e-16,2.700913284928787e-16,1.6888982152013187e+43,5.326022226393499e+42,3.1710311061637295,False,False,CW-All
1765,150.05377,2.4322297,3.1600000858306885,3.817088736210087,7.447397895713439e-16,2.0302266765336647e-16,1.394049435845724e+44,3.800302323969714e+43,2.660505609853525,0.28780849630613614,13.80289832751973,0.20751970149830926,194.4698343213311,295.26247713132057,215.50514776113548,2.092108101341513e+44,5.480899832102741e+43,3.668259304142755,327.20027753694956,1.44672569613122e-15,3.338394227597913e-16,2.7080695415456044e+44,6.249010264769347e+43,4.3335975247362795,True,False,CW-All
1766,149.91365,2.3522172,2.4639999866485596,4.097653862464426,6.946506045171239e-16,1.8482959160531196e-16,6.521014142409833e+43,1.7350828934092745e+43,2.2576641795870813,0.2383767462864722,13.754146742446066,0.18452968994923538,223.37934382463354,339.155626001352,244.53533447968238,9.32493086923455e+43,2.2756755895497513e+43,3.7583300297524422,371.27664995746494,1.2662020460906146e-15,3.033273428857054e-16,1.1886438154681865e+44,2.847477393490876e+43,4.174374898235677,True,False,CW-All
1769,150.21889,2.1122274,1.637499988079071,4.037827529033049,1.0078844518170525e-15,2.490462926491699e-16,3.049819383186617e+43,7.536044526362781e+42,1.9894410603493176,0.19507421678621845,13.792700398226392,0.17303628552857045,296.10580840002336,449.5758161479194,300.0,3.044478445850981e+43,7.539892241459979e+42,4.046976331572433,449.37649605217496,1.5842330038071878e-15,3.722985885582992e-16,4.793827818044501e+43,1.126561134732359e+43,4.255275342144115,False,False,CW-All
1770,150.16885,1.78223,1.5399999618530271,5.589883166555555,1.151913925929314e-15,2.110732934900867e-16,2.9421770296464517e+43,5.3911579823757156e+42,1.9988058260071009,0.14533938692653378,13.819206867788997,0.16435756699878548,312.47662398660214,474.43153518332707,300.0,3.021271492993599e+43,5.404892021840386e+42,5.457412005481475,477.6264284789272,4.348168498641143e-15,4.2981987357239677e-16,1.1105935252422066e+44,1.0978304285105492e+43,10.116257451061669,False,False,CW-All
1771,149.91867,2.2522178,0.8809999823570251,2.0527548307355095,1.6456973628335102e-16,9.640555631224483e-17,9.152254528188223e+41,5.36142433735254e+41,0.7161170429635711,0.16646983948975916,12.959068274409463,0.3881135335315981,206.8514934189485,314.0614818659951,235.51874106085626,1.5286983847971613e+42,7.447057787458345e+41,1.707056549213112,357.58680588771796,2.9778130915973075e-16,1.5811290506484973e-16,1.6560580315171103e+42,8.793169291182506e+41,1.8833460117477208,False,False,CW-All
1790,150.35903,2.3822112,0.209999993443489,6.244842779712046,1.3479738103819806e-15,2.0248876069867474e-16,2.0407045013226077e+41,3.0654877879854824e+40,0.4973953681518484,0.029649724604361695,12.77202293967023,0.44398073934524934,234.3707970477436,355.8438888224436,246.29480652697453,2.482932617429853e+41,3.9759729828528076e+40,6.657030275314452,373.9480466650304,2.2590242081109805e-15,3.373709741886887e-16,3.4199483955719167e+41,5.107476572169861e+40,6.695964919754855,False,False,CW-All
1796,149.81858,2.3022012,0.8210000097751617,2.0200173404107384,1.918021504118074e-16,1.1075906462887278e-16,8.8278395738707e+41,5.097770029149132e+41,0.7161067311128267,0.16409789972148225,12.974829730194202,0.3867441115360355,214.48398011219092,325.6498443263389,241.05519110975763,1.4006679025265936e+42,6.9339399940091096e+41,1.7317061231465858,365.9927674686351,4.556699493155628e-16,1.9883763401887624e-16,2.0972555326178184e+42,9.151653047674054e+41,2.29166853429922,False,False,CW-All
1797,149.9637,2.3172231,0.3050000071525574,5.987750090453592,1.3324186199255971e-15,2.1440020077770454e-16,4.8878811334467205e+41,7.865115968186107e+40,0.6525345803666454,0.041666544545034635,13.018617903043017,0.3665322574637883,273.1742155588517,414.7589051833971,300.00000000000006,4.71423414924275e+41,7.873131106053946e+40,6.214633265698674,410.9805030158229,2.2496724189730263e-15,3.150727097746619e-16,8.252760212663294e+41,1.1558213993268125e+41,7.140169075836426,False,False,CW-All
1799,149.84361,2.267206,2.6600000858306885,4.137368912595996,1.0123998138086509e-15,2.329761999255498e-16,1.1752537631307716e+44,2.704525938743014e+43,2.6732902813600763,0.24412096573569814,13.888144190357847,0.20267247367914035,234.91201663658006,356.6656195398555,243.98527316095297,1.3651630861500595e+44,3.2995923616912535e+43,4.345507455835294,370.44149489031037,2.1751641711519508e-15,4.012649292036039e-16,2.525059608571524e+44,4.658121343235162e+43,5.420768207849686,False,False,CW-All
1802,150.22887,1.7722267,0.3089999854564667,3.0750630914804455,5.212761950824557e-16,1.7553436010890794e-16,1.9735858266279327e+41,6.645845877200387e+40,0.4828956076073504,0.06452781538267904,12.71789810256422,0.46345306167830486,216.53417569716643,328.7626449781014,243.5181987209604,3.1394725928140412e+41,1.020945749539918e+41,2.9696533189230694,369.73233834354727,1.1640341660651497e-15,3.295139847297331e-16,4.407109615840895e+41,1.2475615346974088e+41,3.5325789496305866,False,False,CW-All
1808,150.20389,2.2472284,3.0450000762939453,2.0938889363414237,3.363349363351573e-16,1.3750973255556057e-16,5.680700748679182e+43,2.3225408849606705e+43,2.0032142252995624,0.3250037041613339,13.53812411098048,0.20384727377390705,163.07862461605603,247.60137652888338,178.89789584507164,8.190823619541046e+43,3.911775585314747e+43,2.445899138079276,271.6196888074527,4.2358321479860883e-16,2.0537128333287963e-16,7.154325124989594e+43,3.4687232188800204e+43,2.0625240682361445,False,False,CW-All
1810,150.03375,2.3122287,1.4675000309944153,2.551868739421925,1.7968057656181836e-16,1.190861230764863e-16,4.017924700504476e+42,2.662942676120096e+42,1.0469658931433583,0.2753543979762429,13.192067794161051,0.32215836830241557,198.0690127314422,300.72708986529875,248.36449423316887,9.827261600229609e+42,3.8510059112428257e+42,1.5088288368109326,377.0904420969586,8.502095927766336e-16,2.4174711722188794e-16,1.9011949921297142e+43,5.405824781664118e+42,3.5169378751940505,False,False,CW-All
1813,150.48916,2.4621842,2.5195000171661377,2.0913666191887685,1.2928563757691906e-16,1.213149051496557e-16,1.2910400557939812e+43,1.2114447114813497e+43,1.310669901119605,0.4880414029412061,13.202956290757465,0.3620894346964219,144.1269849260968,218.82720648813768,201.4689563735166,4.85167426265182e+43,2.319858325238912e+43,1.0657028286625667,305.88920554955973,5.058487281677431e-16,2.368837788706856e-16,5.051380667465479e+43,2.36550983405211e+43,2.135430001071897,False,False,CW-All
