ID,RA,Dec,z,SNR,f_X_erg_cm2_s,f_X_Error,L_X_erg_s,L_X_Error,T_X_keV,T_X_Error,log_M200_Msun,log_M200_Error,R500_kpc,Flag_Contaminated,Flag_FalsePositive
1,149.91863,2.5172178,0.7110000252723694,28.240676051602744,4.606483125832994e-14,1.181341828295931e-15,5.283249407382123e+43,1.8707942393901304e+42,3.960648767585722,0.040306202895704975,14.146111751301186,0.009842132246062382,689.6514031960785,False,False
2,149.91862,2.6022178,0.2399999946355819,9.364604343589953,2.307655498471334e-16,2.3383588967914524e-16,5.186083028967147e+41,5.537962778445636e+40,0.30580268598050275,0.12296483979033192,13.261602776008582,0.029680748723605835,422.32189004457194,False,False
7,149.9937,2.5872259,1.5669999718666077,3.509905872409102,7.453833636557949e-16,2.1555754009930025e-16,2.034161534626877e+43,5.795487424939647e+42,1.7500828579053747,0.20083601410674656,13.599541731503908,0.07918972146888516,327.3051828131596,False,False
9,149.70859,1.9471751,0.11613,2.9853788398339773,6.913680959516068e-16,2.7078077408803503e-16,3.4164085552118017e+40,1.1443802406671425e+40,0.26026939398638704,0.04045116658638213,12.675646336999915,0.09310324864282159,281.7741395189049,False,False
10,150.16885,1.78223,0.16701,16.860143167598856,8.077915202902868e-15,4.766746806477458e-16,6.0323317543467294e+41,3.5778650835773573e+40,0.7618575468148012,0.017840048369837182,13.323525131067573,0.016485534295594316,454.9873339187942,False,False
11,150.31398,2.2772178,2.615000009536743,2.362660848702942,2.3881549306763145e-16,1.334198274535576e-16,5.497142572767719e+43,2.3266744254832643e+43,1.6408869678948999,0.36377764039731303,13.513396134046038,0.11764213580238138,223.12509112182696,True,False
12,150.11882,2.557231,0.4659999907016754,5.387863762308682,2.4061432203649258e-15,3.477080104467042e-16,1.2015732939227813e+42,2.2301478785126345e+41,1.089101682039437,0.06245412236382548,13.368103588681118,0.05158787984998735,419.3986444025768,False,False
15,150.07879,2.3922305,0.2199999988079071,14.307078986592172,1.0485413212398535e-14,5.586990210552032e-16,8.184264058406808e+41,5.72042977191687e+40,1.0150685444672334,0.021462840071775895,13.374885567029667,0.01942733863974327,464.1525902321066,False,False
17,150.12383,2.352231,0.209999993443489,10.956616622017222,3.925258462715982e-15,4.846869124753171e-16,5.6430680340722945e+41,5.150374635480628e+40,0.7086078782913795,0.03472149930926474,13.292362321191138,0.025368092907398634,437.2890957800498,False,False
21,150.05377,2.2072297,0.1829999983310699,8.467301131940832,4.331531102655068e-15,4.2872480568694926e-16,3.1708600667904077e+41,3.7448296893907667e+40,0.6622393230584489,0.026010673601280704,13.168573505680277,0.03282609937770941,401.6277002171963,False,False
22,150.2089,2.3922281,2.753999948501587,4.400276727674309,8.090202489510894e-16,2.0689262841638956e-16,1.4573284954629025e+44,3.3119019226619157e+43,2.5316806274687087,0.25691768668815246,13.703392047016541,0.06316613377290614,248.98764545262262,False,False
23,150.03875,2.4472289,3.619999885559082,2.704634978647413,2.9182585110679833e-16,1.4669912394293243e-16,2.0393226562922573e+44,7.540103091146598e+43,2.100603312023777,0.4190320722357198,13.58005189516951,0.10276746053069352,185.17849420782983,True,False
26,150.25394,2.3422246,0.5979999899864197,2.140018243521345,3.751090336804028e-16,1.5032309919771604e-16,5.520281350679775e+41,2.579548733938032e+41,0.7088103453433509,0.11271914983316958,13.134215698744551,0.12988135463776423,332.1719690754917,False,False
32,150.38908,2.497206,0.5411,4.401920176908058,2.1475824185214826e-15,2.732433144708433e-16,1.490366308631417e+42,3.3857186153663098e+41,1.1726511138165032,0.059206308594744184,13.387698176330966,0.06314255080684227,412.9836215747708,False,False
34,149.81866,1.9072012,1.3299999833106997,2.554817761327978,4.241770867622649e-16,1.633183886896694e-16,7.097536692473101e+42,2.7780990096075765e+42,1.3037304249826893,0.19919349026432667,13.439524377438026,0.10879385317628498,314.93904065829895,False,False
35,150.08379,2.5322306,0.8859999775886536,8.964898745086005,2.181154411847267e-15,3.28286555356079e-16,1.198573879658044e+43,1.3369630976758401e+42,1.6919109131205123,0.10105170276774429,13.731442753414957,0.031004083405898473,467.37523828896184,False,False
36,150.02375,2.2022281,0.9399999976158142,5.269975217523563,2.0468488077983913e-15,3.6071298657438542e-16,9.264629584050398e+42,1.758002495579852e+42,1.72800835244599,0.12084294773706698,13.65022516477558,0.052741892882884,429.77368837029763,False,False
37,149.8686,2.4472103,0.3580000102519989,7.190160220243512,3.7074672288594625e-15,3.998686828541253e-16,1.0174623868110709e+42,1.4150760979518367e+41,1.0318600628723684,0.044163179673390854,13.372513308804335,0.038656783702195115,439.36658704001826,False,False
41,150.44411,2.4171948,0.1550000011920929,39.27592348778603,1.7166663921359272e-14,5.717149215701849e-16,2.060916280525026e+42,5.247276441929943e+40,0.9266299772917959,0.012246145850969415,13.61278611270104,0.0070768156095557385,570.5578543047461,False,False
43,149.85364,2.1322078,1.462000012397766,2.619975263438628,6.758889611200866e-16,2.3789161471217573e-16,1.3627012777455222e+43,5.201199021845052e+42,1.6195163457134834,0.22619790361981174,13.54331185013486,0.10608820331123406,325.2091806758915,False,False
44,149.95369,2.3472221,0.9300000071525574,6.449694062531226,2.06482987242922e-15,2.838327016711255e-16,7.76591141730046e+42,1.2040743858558584e+42,1.7199075497849008,0.09381725430492638,13.61326551486044,0.04309482988236474,419.4171762976644,False,False
48,149.94867,2.4822215,0.7110000252723694,7.956022246266446,2.983877517780661e-15,3.9423687954241343e-16,6.702998026481565e+42,8.425061945530768e+41,1.6002726475469848,0.08390149469365918,13.667274624075059,0.034935607243747356,477.5482395855103,False,False
50,150.05877,2.4422299,3.6700000762939458,2.8270414671067114,2.987032199236126e-16,1.7786124505891121e-16,2.8168933779451753e+44,9.964103500852e+43,2.132476525413497,0.5038777045778985,13.644440449273878,0.09831778969359899,192.5208489103936,True,False
55,150.36405,2.4672103,2.509999990463257,2.261706406952545,6.404300696100445e-16,2.6630237581351707e-16,6.976409978283812e+43,3.084578067621042e+43,2.2215052911295925,0.36656427552048326,13.596765497032543,0.12289325774718603,244.65359196082466,False,False
58,150.18385,1.7772294,0.4730000048875808,16.146761801334332,1.125782301492231e-14,5.97847542432308e-16,5.595128173700547e+42,3.4651704425578244e+41,1.8357261924083257,0.038685070734326636,13.722056379598607,0.01721388299634866,548.7616277876103,False,False
62,150.32399,2.2772165,0.9869999885559082,4.1455886231202195,1.1105105705734266e-15,2.336528777443888e-16,5.554119287802267e+42,1.3397661448669992e+42,1.4608095582221372,0.12196676321382964,13.51299693179147,0.06704680413004425,379.6833544112024,False,False
64,149.95869,2.3322226,1.4609999656677246,3.3229159760340026,5.386096426477321e-16,1.6772602349518557e-16,1.2408864736263811e+43,3.734329975768498e+42,1.5015545868891698,0.1855525429619129,13.521947284688888,0.08364595145430694,320.033370655871,False,False
66,150.37898,1.9972078,0.5540000200271606,2.9764375748993177,1.214213454705539e-15,2.3239647160377644e-16,7.798325333026205e+41,2.620019784318841e+41,0.9880620825792701,0.07504438132651448,13.23223914785363,0.09338293225500728,364.61257890793536,False,False
67,149.91365,2.3572172,2.802500009536743,2.7068299134740887,4.415554954564359e-16,1.584377769619434e-16,8.180499327391985e+43,3.022169692551055e+43,2.09235551373581,0.2979259843727011,13.557137234299827,0.10268412767071404,219.82005983347057,False,False
69,149.96371,2.2022231,0.4250000119209289,2.325444788633388,5.127690353303517e-16,2.004882357252846e-16,3.2386987095742464e+41,1.3927222548584169e+41,0.6093035543315128,0.09453666411023523,13.080468645509539,0.11952486241628865,341.90855705709436,False,False
70,150.21891,2.3972274,0.9049999713897704,4.855614067942998,1.4423198887665033e-15,2.8635689435719847e-16,5.47509958785195e+42,1.1275812927552923e+42,1.4978966803770601,0.11801232563931932,13.542141835052693,0.05724270185579833,401.11209708990623,False,False
71,149.97871,2.3172246,0.8420000076293945,6.797185116529916,2.543341250888394e-15,3.2827029350611266e-16,7.519201462242453e+42,1.1062228456830876e+42,1.716298438053239,0.08790614087241916,13.64093622097317,0.040891702028556604,443.7836171058656,False,False
72,150.1939,2.5622289,1.3109999895095823,2.9593863721606826,4.716626562071706e-16,1.5854547310474726e-16,7.784631372861418e+42,2.630488349237672e+42,1.3374128109062866,0.17839689532590008,13.467919255846518,0.09392098004937008,324.13079210303925,False,False
73,150.304,2.5172191,0.5550000071525574,2.047814195433572,4.673152893091166e-16,1.8599280659348128e-16,5.29183294303218e+41,2.5841372497722e+41,0.7211976426809277,0.11390424648809785,13.141903158020583,0.13572933962362377,340.0499446649692,False,False
75,150.22892,2.4722267,0.3700000047683716,9.017480545563588,2.6045745603175453e-15,3.4222174381465834e-16,1.2141057728795336e+42,1.3463913415115137e+41,0.9408945838143248,0.04905815752092105,13.40877328363359,0.030823295599437254,449.6308578086781,False,False
78,150.36405,2.4672103,0.1180000007152557,11.278970984663967,2.0976779435454618e-15,3.16780033736052e-16,1.8397260180563332e+41,1.6311115797334802e+40,0.3801517041713074,0.022781136690788115,13.065476282068998,0.024643069726485514,379.8048115497785,False,False
80,150.364,2.1872103,3.6500000953674316,2.2772259682722518,2.3515113503264615e-16,1.6284960465181568e-16,1.9700283813154014e+44,8.651000861412433e+43,1.9643225283555887,0.5398236233937552,13.565704016759659,0.12205572582195813,181.99397220585942,False,False
81,149.92866,2.4022191,0.8799999952316284,2.3911464221030987,5.231577799532746e-16,1.7245326905990164e-16,1.8869750920656728e+42,7.891507916968175e+41,1.0494207803124171,0.1372738651726203,13.305061412284719,0.11624067261159837,337.73994637464267,False,False
82,150.44912,2.4571937,2.8949999809265137,2.044169734972386,5.475403258017523e-17,1.010849765693139e-16,6.525457734484076e+43,3.192228914675829e+43,1.0676011077767726,0.782130063633197,13.481577514049597,0.1359713255033765,202.68713725171102,True,False
83,150.0938,2.4822308,0.248999997973442,2.132704362722025,4.213326029073965e-16,1.8527218785832727e-16,8.814256026132603e+40,4.132901015348767e+40,0.38352581509062444,0.06692358917877493,12.847192316000916,0.13032676880884156,306.2182173673118,False,False
86,150.0888,2.1922307,0.6809999942779541,5.833299444299449,1.3431466407999244e-15,2.6805802095626007e-16,3.108130148277394e+42,5.328254066083977e+41,1.1903164321219653,0.09426864504956488,13.501231996275509,0.047648585688448465,425.58186493437586,False,False
88,149.89363,2.3872143,0.7239999771118164,2.3724244381710236,3.460280867129645e-16,1.654386302963173e-16,1.137693373246304e+42,4.7954883407093364e+41,0.7945680863064865,0.1507495940488298,13.250650950047545,0.117157985706959,345.0187546159348,False,False
97,150.05377,2.2972297,0.7289999723434448,3.5499687678279668,7.442541242046564e-16,1.979377031899369e-16,1.822975759458992e+42,5.135188162723955e+41,1.0290888113981358,0.10860744381523366,13.35796779628948,0.07829603204879537,373.8788082560697,False,False
99,149.95365,2.6522221,3.2020000219345093,2.5831007193227697,4.641160988363302e-16,2.0177841537062106e-16,1.5666150921502888e+44,6.064862591037562e+43,2.2914930863269616,0.3953357457420689,13.611304327426028,0.10760264450352242,208.05091106840112,False,False
100,150.2239,2.1472271,0.9100000262260436,2.230257083780047,2.0528110735948208e-16,1.4518121612487254e-16,1.9505891806218336e+42,8.746028405459849e+41,0.7885327626862666,0.2212996107027983,13.300779470394325,0.12462620136463738,332.6172953645258,False,False
105,150.08879,2.5372307,0.2430000007152557,7.253129485966135,3.475844546583173e-15,4.53696290806396e-16,5.701920207067581e+41,7.861324160970871e+40,0.7576059834593886,0.0392416932927402,13.282468794699886,0.0383211783211475,428.65482484426013,False,False
110,150.44411,2.4121948,2.5999999046325684,8.895516134713152,4.020862975197186e-15,4.605915568981254e-16,4.569990815895251e+44,5.137409394449507e+43,4.165675351311726,0.18935709361874148,14.008565003824211,0.031245906837652417,327.58995191344286,False,False
111,150.17386,2.0622299,0.1650000065565109,4.9091626462811595,2.30798098910079e-15,3.618068401093533e-16,1.2332192280128478e+41,2.512076532944063e+40,0.4987932328469871,0.031028769833366582,12.956057894073371,0.056618305084806204,343.4202332798885,False,False
114,149.95368,2.4272221,3.6700000762939458,3.3402553330497864,3.0814384390728394e-16,1.5958727227933943e-16,2.871095503846405e+44,8.595437227324117e+43,2.154561813394998,0.442795474271342,13.648860819109675,0.08321174302693296,193.17513508758435,True,False
118,150.10881,2.377231,2.48799991607666,5.798722871623147,1.5268386161691923e-15,2.593874456298339e-16,1.4483651556125468e+44,2.4977312895919237e+43,2.9469011555340963,0.19866476379787587,13.772166202499694,0.04793270424738876,281.5899978726854,True,False
121,150.09881,2.1722309,1.77400004863739,6.320449243822179,1.8034288834901467e-15,3.0703070797937963e-16,6.569411069434388e+43,1.0393898939787473e+43,2.5377573347611078,0.17144796867204268,13.801951764958211,0.043976062095547615,356.6206490109153,True,False
122,150.25394,2.3522246,0.7554999887943268,2.8943254270291328,3.2019992760669755e-16,1.485883744036599e-16,1.440146666402262e+42,4.9757593011249395e+41,0.7988770775207926,0.14711027970446866,13.29254384055403,0.09603221041504655,351.7563981688942,False,False
123,150.21889,2.0572274,0.8009999990463257,3.267941182270938,7.3239417674244375e-16,1.8106013037443007e-16,1.9482706155154294e+42,5.961767690572536e+41,1.0962547775938196,0.10754467326963948,13.344225078134105,0.08505308171578867,359.29908611413737,False,False
124,150.38906,2.417206,0.3260000050067901,12.380817617250196,1.2049400664153224e-14,5.513597875114202e-16,1.420901906425562e+42,1.1476640318534531e+41,1.4216358412712,0.025814128404130367,13.46247975869719,0.02244992834970895,476.72358017468537,False,False
128,150.14384,2.0672307,0.7250000238418579,6.382924518392933,2.077921543463614e-15,2.8447260370716134e-16,3.9742058956752715e+42,6.22630877777618e+41,1.4399818073031734,0.07822899779751061,13.540348525654265,0.04354562984681227,430.7563655378654,False,False
132,150.29397,2.3822204,0.7379999756813049,3.7040780162255906,9.142855843133525e-16,2.5521542978586407e-16,2.433741413774887e+42,6.570437779965659e+41,1.1115687342834568,0.12312913740677564,13.4213324733226,0.0750385027530568,391.07647332209484,False,False
135,150.18886,1.9972292,1.187999963760376,3.004571133333322,9.724857006538597e-16,2.8857641213833084e-16,8.41191647614458e+42,2.7997062152468524e+42,1.589912487710844,0.18721915682807888,13.531726763953397,0.09250853319279562,356.3905805830467,False,False
138,149.81859,2.2772012,0.3580000102519989,4.723476112754582,1.3198347084697553e-15,2.842691545015821e-16,5.413928183692897e+41,1.1461745660307073e+41,0.7329793490362182,0.0626471604530688,13.226183285058685,0.058844050818326325,392.6904612199085,False,False
141,149.93865,2.4972204,0.5600000023841858,8.868098293835896,8.184985066198757e-15,5.785877957308164e-16,3.9360102937562456e+42,4.43839272337804e+41,1.8736025950118627,0.052556727531013606,13.6052604695332,0.031342511010650345,484.2953031360626,False,False
142,149.82864,2.0172031,3.6130000352859497,2.9691379856194873,1.1048070811154204e-15,2.522182442466053e-16,2.8679181379475127e+44,9.659093487193199e+43,3.260901987534559,0.29541140194655763,13.660615439039331,0.09361251304731444,197.28284845707353,False,False
144,150.35395,1.937212,1.1619999408721924,2.6485306205267,3.9221353634864777e-16,2.0614628243983556e-16,6.323885756253946e+42,2.387695919859272e+42,1.1593488767519302,0.2418056998517103,13.47540522253048,0.10494440436667746,344.69749526734995,False,False
149,150.21387,1.8122278,0.5289999842643738,6.38944273970266,1.0700441783582203e-15,2.633733191047353e-16,1.8899032640057056e+42,2.9578530413337026e+41,0.9155172634558804,0.08942028825894224,13.447690918499013,0.04350120655921487,434.5786450597631,False,False
150,150.03374,2.5622287,0.7459999918937683,2.6268773517182544,5.742764369523724e-16,2.1640226668676545e-16,1.6561351819118387e+42,6.304577489423144e+41,0.9604608945691205,0.14362166415313077,13.328806410173604,0.1058094578478411,363.0835147488846,False,False
153,149.90362,2.4822158,1.2754999995231628,2.1902488240998417,2.9842529868250443e-16,1.490806746751919e-16,5.1207668969527054e+42,2.3379840868341802e+42,1.1283071370403053,0.22367245615810843,13.383870992328509,0.12690269039743177,307.89320704516933,False,False
156,150.38407,2.5022069,3.131999969482422,4.074976345582328,8.384334001320279e-16,2.4097557602054036e-16,2.0800274220272834e+44,5.104391401639021e+43,2.753403513345764,0.3140319079536252,13.693345397530889,0.068208609043683,225.2161196024483,True,False
163,150.24388,1.7622255,0.5789999961853027,2.8057850002486218,1.3012906790828525e-15,3.781432478499721e-16,1.568467253139656e+42,5.590119175206487e+41,1.0447202287874784,0.1204707167405665,13.384142736909723,0.09906263965109657,405.54545491260535,False,False
169,150.10882,1.972231,2.2239999771118164,2.5352290598164564,1.2931537571345926e-15,1.0998192657774119e-15,1.7084824100338399e+44,6.738966656360154e+43,2.610746795933916,0.8811206306867841,13.884813701860354,0.10963445979047114,330.7352835670377,True,False
170,150.26392,2.0822236,0.8875000178813934,2.5989287884372185,4.1863887529747865e-16,1.565708648571417e-16,2.0017900283905206e+42,7.702365825861017e+41,0.9807006860504048,0.14554836589285675,13.315763036019566,0.10694731985527643,339.504052145499,False,False
178,150.29396,2.2772204,2.513000011444092,6.528006879882983,2.0604342736393832e-15,3.102062809114339e-16,2.0027408304450687e+44,3.067920832952567e+43,3.2733365547654336,0.19556086125931246,13.840539031272927,0.04257784550972523,294.75158462263647,True,False
181,150.30899,2.4072185,0.6949999928474426,2.6972941857924124,1.2770200803396103e-15,3.4272274698854635e-16,2.1273402488269787e+42,7.886941884324003e+41,1.188218107441796,0.12654378764016633,13.40759884087694,0.10304714624090042,393.8144083299795,False,False
187,149.93367,2.3572198,1.0959999561309814,2.3615426277803806,3.529566233066579e-16,1.453782183110798e-16,3.4489471144872895e+42,1.4604636282720687e+42,1.075339112924034,0.17576115904561185,13.360048690012276,0.11769784087248321,323.5735372398036,False,False
190,150.00872,2.4522271,0.7089999914169312,5.6852555757254,2.0575511583936964e-15,2.9877227466025625e-16,3.4853682214518164e+42,6.1305392080058015e+41,1.4120291141522938,0.08136408820469508,13.516409520842142,0.048889353295716476,425.6796419540169,False,False
192,150.12883,2.5222309,1.3195000290870669,2.403485233974793,3.561420875047282e-16,1.5100703136458489e-16,6.085696946760173e+42,2.5320300956024084e+42,1.2238980586460533,0.20592950475424515,13.407696371268143,0.11564392594932668,308.52423454410007,False,False
193,150.17887,2.3372297,1.1540000438690186,2.2515128918939302,3.174111000809476e-16,1.3175333200010916e-16,3.390718174667682e+42,1.505973244423875e+42,1.0757841009385103,0.17720014694383618,13.333887233576773,0.12344964553335337,310.1623173574375,False,False
194,150.03376,2.2172287,2.0999999046325684,2.4146762148085696,6.025352442708084e-16,2.6778873096338656e-16,4.077401957807442e+43,1.68859159368938e+43,1.958708545376723,0.3454451655054389,13.589178539284806,0.1151079663242205,273.44594066328295,False,False
196,150.11882,1.922231,2.5799999237060547,2.409075059209156,1.635580088643195e-16,1.7132617170808286e-16,8.098039487276949e+43,3.3614724689961927e+43,1.4363894512567672,0.5970676787932983,13.612531766741109,0.11537559502580431,243.0134732615897,False,False
197,150.24888,1.7772251,3.4700000286102295,4.545655483705819,1.0750493384569207e-15,2.8622753954436934e-16,4.769156317610051e+44,1.0491680099174658e+44,3.16200093409486,0.33407538236915424,13.809325976554899,0.061145960008276996,228.04729630933284,True,False
200,149.90371,1.8772158,1.9529999494552612,2.2111331471685594,3.3735803473469733e-16,1.5326997463794916e-16,2.0136397861995572e+43,9.106822846819967e+42,1.5464687070306034,0.2788088936801104,13.470543527642729,0.1257040847015499,261.148622898035,False,False
201,149.92863,2.6122191,0.3289999961853027,9.626802035296759,1.3538152997681887e-15,3.124448631025508e-16,1.057869535173425e+42,1.0988794942440245e+41,0.6940321928085192,0.06356134022425926,13.392885222087736,0.02887235734140793,451.3981903603192,False,False
202,150.23392,2.3372263,2.371999979019165,3.2237122826361544,3.9173559240172665e-16,1.461903116289592e-16,5.257013101088353e+43,1.6307327205979717e+43,1.8264361898692782,0.2704764903083111,13.569178204157895,0.086219998575925,248.82372656411493,True,False
209,150.37904,2.3472078,2.877000093460083,3.409529899727757,3.2907965786316856e-16,1.6707709756273845e-16,1.316776629045663e+44,3.8620474604161835e+43,1.9266069829943033,0.38815793998887,13.648869902382959,0.08152105322210978,231.48885318047758,False,False
210,150.43412,2.497197,3.423500061035156,2.258449860392005,1.1492433083218072e-16,1.12141959094267e-16,1.2659550373630712e+44,5.605415730342298e+43,1.4971276485437868,0.5797148764956218,13.51190453957388,0.12307046230808813,183.3649485855763,True,False
212,150.21889,2.1122274,0.9990000128746032,4.24778464379686,1.3143813642081945e-15,2.898964311806107e-16,7.221976053336268e+42,1.7001747166920735e+42,1.5578503016882972,0.13634733632562115,13.569184874265593,0.0654337476416032,394.5476589461183,False,False
217,149.8936,2.5622143,0.6779999732971191,2.0720250976978067,4.231560079679788e-16,1.7442218214635514e-16,8.36466714536599e+41,4.03695261928045e+41,0.8093787773973161,0.1323891750589205,13.198023507955003,0.13414338886478988,337.63333202085204,False,False
218,150.27396,2.3722226,1.090499997138977,2.5304052710990748,3.478044635350072e-16,1.4483747272832725e-16,3.6807393941090366e+42,1.4546046975749135e+42,1.0663915179649186,0.17622273135058764,13.37725465779368,0.10984345930379563,328.5721290968916,False,False
220,150.07879,2.3072305,0.1270000040531158,6.339987216503998,2.1619035751692178e-15,3.263991036949991e-16,9.704986162434175e+40,1.5307580017149798e+40,0.4045661781048635,0.024238272834999443,12.913996522068027,0.04384054082862139,337.0504989246734,False,False
223,150.30399,2.4172191,1.7610000371932983,2.1973240776723784,5.080348959264844e-16,2.1901659172041058e-16,1.762935486905469e+43,8.023101848376156e+42,1.660557320468741,0.2840774774681148,13.501115608883227,0.12649407123982886,284.30074393182,True,False
224,149.97869,2.4772246,1.309999942779541,2.2996388424908702,4.068088937035211e-16,1.6091116636569476e-16,5.938700955554448e+42,2.582449402847059e+42,1.2728331617761444,0.19978675122434456,13.405512100771713,0.12086613918776017,309.08484146300185,False,False
225,150.03876,2.2122289,3.2300000190734863,2.7182404053294764,3.42089489767529e-16,1.7239822128748056e-16,1.791820264034652e+44,6.5918388252987e+43,2.0812667640824998,0.41621742458825556,13.636006470012266,0.10225308544201085,210.6690282011389,True,False
227,149.92867,2.3422191,1.6859999895095823,4.358908196708911,8.780138307790373e-16,2.0232513989596728e-16,2.9014065166575367e+43,6.656268922681544e+42,1.9363162498057935,0.17706154178831737,13.641499862182647,0.06376561649725485,324.6162439403123,False,False
234,149.93864,2.5872204,0.0790000036358833,10.64949004487511,6.23652425999184e-16,2.103069744077198e-16,5.236199821278032e+40,4.9168549848054624e+39,0.19187603924336133,0.025676230373488075,12.787414712426257,0.026099697473480347,310.96526590638285,False,False
236,150.0938,2.3472308,2.3600000143051147,2.9388006742484967,1.0811768576484748e-16,1.261426568861363e-16,5.262966793790366e+43,1.7908553104358462e+43,1.1889861902274041,0.5504799464627701,13.57281045774202,0.09457887731333038,250.36135991656894,True,False
237,149.92364,2.5072185,2.5840001106262207,17.461423601948617,1.981593995271024e-14,8.523219800020491e-16,1.1201857352589567e+45,6.41520279671784e+43,7.038969867337581,0.12014275209718057,14.220757709465582,0.015917858403427278,387.17673009336477,True,False
239,150.13884,2.4522308,1.0920000076293943,3.658888592675621,7.676425189622703e-16,2.0291731971728906e-16,6.074078804099805e+42,1.6600884804907487e+42,1.3873290519935417,0.1455254783326944,13.492854062158278,0.07596527234376024,358.8493687198888,False,False
240,150.38407,2.4772069,0.465499997138977,6.273728942074038,4.012897585361947e-15,4.261483178031675e-16,1.518364051269362e+42,2.4201938994951295e+41,1.2890655144836587,0.05432217517945418,13.422576864580959,0.044303550724681756,437.3935880249983,False,False
247,150.0888,2.3022307,0.5379999876022339,5.54558660512797,2.176866033233716e-15,3.294827621977543e-16,1.8225895773554566e+42,3.2865586765340913e+41,1.1728896011246461,0.07044620307282261,13.435629037964112,0.05012066138522908,429.0004319356628,False,False
248,150.324,2.3972165,3.629999995231629,2.066409452729476,3.8228742625040943e-16,1.5396400550689994e-16,1.6371764991084514e+44,7.922807829522557e+43,2.3004683979768297,0.36765875992270325,13.526995308283377,0.13450793503240369,177.41330659836214,True,False
256,150.11882,2.162231,2.193000078201294,3.9386305297459248,8.912750743434055e-16,2.2621981272987056e-16,6.054496457616874e+43,1.5372085327352194e+43,2.288743767847513,0.23052366275777525,13.65326793058945,0.07056982530321551,279.4058493022145,False,False
265,149.87361,2.4172112,0.4269999861717224,2.6412874146152903,1.0412190813100275e-15,2.335217754413042e-16,3.8128149528146805e+41,1.4435441337117893e+41,0.7730722182111325,0.06880259063688458,13.117519968472823,0.10523219354322519,351.4894870489619,False,False
268,149.91367,2.2172172,3.444999933242798,2.192432773999717,2.718778010983839e-16,1.562668130739732e-16,1.456207965758121e+44,6.641973168014268e+43,1.9978435144151654,0.4556736690727732,13.539649475851725,0.12677627871390185,186.42757663653657,False,False
271,150.10881,2.567231,0.7149999737739563,2.50873199609311,6.327036470731888e-16,2.1016622615788322e-16,1.3089336646874695e+42,5.217510944676009e+41,0.9614770537297656,0.1267362846143078,13.28682688444218,0.11079241180442344,356.0356377832096,False,False
273,150.27397,2.5422226,0.699999988079071,2.124866874257564,4.992028153502718e-16,1.6009288910649472e-16,8.206774210588307e+41,3.8622533533804485e+41,0.8752016071928421,0.11137881216996356,13.184651701648372,0.13080747400478787,331.2000250623968,False,False
275,150.20889,2.2772281,0.8830000162124634,2.851804740963456,9.467247409103493e-16,2.560780722585127e-16,3.176795546771969e+42,1.1139596975698688e+42,1.2802735076490281,0.13742029709140693,13.424674057410162,0.09746406001281098,369.76966104821724,False,False
279,149.84864,2.1372069,0.9874999821186066,4.189502496821118,9.348308680320698e-16,2.6916789500501215e-16,7.299329315163839e+42,1.7422902410733434e+42,1.3803326728792804,0.1577151600660181,13.576173599757915,0.06634402739441758,398.4693179082954,False,False
283,149.98369,2.5822251,0.6959999799728394,2.952788654767543,6.850312990185799e-16,2.082723659239184e-16,1.4277763658460307e+42,4.835348996416515e+41,0.967808097541923,0.1167642640633005,13.314708760899308,0.09413083729149,366.56510674439505,False,False
284,149.87865,2.182212,0.449999988079071,2.4685111242611333,3.9950349391882767e-16,1.995284979007008e-16,3.910702614355669e+41,1.584235361923357e+41,0.5854755899766075,0.11603596098951324,13.1141901769451,0.11259761630658069,347.3681411448771,False,False
287,150.36403,2.3822103,2.4739999771118164,2.9707477846220915,2.8000727372422474e-16,1.4560937810518815e-16,6.132152006921267e+43,2.0641779280839682e+43,1.6750331538381744,0.3456550454269638,13.576649144125716,0.09356178597754604,243.27971141630263,True,False
291,150.00874,2.2722271,2.427999973297119,3.2957665168261756,1.5692773003893443e-15,4.994880143706836e-16,1.5044688674554199e+44,4.564852697466641e+43,2.93171529769926,0.3702939624988187,13.797450770301175,0.08433499976380175,291.8801033932281,False,False
292,150.41908,2.3522002,0.3079999983310699,3.9151032472062646,1.087749055547686e-15,2.477888742846218e-16,2.8525025221599074e+41,7.285893479808979e+40,0.6145936204879542,0.055557231357335354,13.097049735810714,0.07099390510746284,362.6581490461595,False,False
300,150.45912,2.3971915,2.861999988555908,3.859232883826524,3.3628212182371573e-16,1.8210548039478149e-16,1.5579667443099574e+44,4.036985564771606e+43,1.9347596185103346,0.41576287841068177,13.691612814751855,0.07202168845081158,240.10453375387723,True,False
302,150.11382,2.127231,0.9350000023841858,2.481741447847538,5.42325281914849e-16,2.4954220204907513e-16,3.6308838624006176e+42,1.4630387325600547e+42,1.1089185642052726,0.20248052846947776,13.434952045921072,0.11199735115805522,365.04374425997446,False,False
304,149.78358,2.1721937,0.340499997138977,3.2742505971005698,4.393923867704102e-16,2.1584216023050149e-16,3.073926735829995e+41,9.388184088756166e+40,0.49054646136580937,0.09562321860116628,13.101761311493554,0.08488918614360533,359.3884016679772,False,False
307,150.24395,2.5522255,1.2239999771118164,4.813320815308459,1.593776204452333e-15,2.624545141583033e-16,1.2064187986707588e+43,2.506416764978185e+42,1.9109248838963209,0.12487335598045486,13.60181103462371,0.057745676858705075,371.01731469550344,False,False
315,149.66856,1.9721635,0.4600000083446502,2.277776673947807,4.493130254984882e-16,2.504572308381534e-16,5.079565562315638e+41,2.2300542544023038e+41,0.618791802150629,0.1368764006496488,13.170826160920631,0.12202621600138927,361.34247390738625,False,False
321,150.18889,2.5522292,0.5170000195503235,2.994936743607087,6.386107298174581e-16,2.0296233631111966e-16,6.631482021458875e+41,2.214231080377328e+41,0.7585890675057471,0.09567209430717029,13.20965663458095,0.09280612320489993,363.7823836135611,False,False
324,150.43905,2.1471959,0.944000005722046,3.4252011787693304,9.461700772188395e-16,2.5591323043858947e-16,4.347756156211958e+42,1.2693432967269094e+42,1.3424196357179783,0.1440825164407822,13.473174553624759,0.08114807099241615,374.57019315333827,False,False
327,150.41402,2.0722012,0.306299997138977,2.7331660091959145,1.5646165241607812e-15,3.7341173878186694e-16,2.8859965774994023e+41,1.0559170455761849e+41,0.6903646544285202,0.06538197892260611,13.100413722604966,0.10169468941253672,363.8353967823202,False,False
328,150.09381,2.1622308,1.128000020980835,4.108597350200862,1.389019341789155e-15,2.86690696159098e-16,8.90998369207457e+42,2.1686193444190822e+42,1.7266228350682962,0.1414172036895188,13.567886429531884,0.0676504521438424,374.89195415889793,False,False
330,150.16885,1.78223,0.277999997138977,12.815865345636682,9.314690835733162e-15,5.391365657373236e-16,1.1064330796433218e+42,8.633307621478878e+40,1.159771539824134,0.02663803894366131,13.42296105590647,0.021687842445435184,471.1481541569629,False,False
332,150.37907,2.4972078,0.3899999856948852,4.867594168595771,2.7281972982036964e-15,2.975208463880619e-16,7.618475431665304e+41,1.5651418684033641e+41,0.9937989106343004,0.04300704485748256,13.292786579363577,0.05710181637806201,408.0841662522834,False,False
333,150.32402,2.5022165,0.2189999967813491,4.350343124291847,1.2095829235259159e-15,2.681067939370916e-16,1.5761983438482955e+41,3.6231586769488903e+40,0.4948411000456584,0.0435248612405258,12.993221620775966,0.0638911599561071,346.4187647720369,False,False
334,149.94866,2.5072215,0.6790000200271606,4.156380267152685,3.2397102155236158e-15,4.367840320809251e-16,3.3029409519456427e+42,7.946676530172999e+41,1.5897900904845104,0.08505499680099414,13.516145576249446,0.06687272351249246,430.83279929092447,False,False
335,150.22393,2.5622271,1.9160000085830688,2.390682231830145,5.678920974550935e-16,2.0845879941193497e-16,2.2804334211734783e+43,9.538839544675633e+42,1.8159939941008232,0.2645259446725873,13.51099799338676,0.11626324264990354,272.5301426960272,True,False
339,149.9687,2.3072236,3.103000044822693,4.12791075093188,7.514643780785581e-16,2.0640664017577707e-16,2.0948807587331235e+44,5.07491776138862e+43,2.6417104963525424,0.28793863876833087,13.701821121506072,0.06733393360196414,228.23964871181593,True,False
340,150.22887,1.7922267,0.7929999828338623,3.638985257105561,8.02737514025395e-16,2.233573812770229e-16,2.673816993985392e+42,7.347699441113259e+41,1.1218664525340833,0.12387035167730027,13.42087703823175,0.07638076243242616,382.3077936235517,False,False
344,150.05877,2.3272299,0.597000002861023,2.6710879437523523,6.135161613499506e-16,2.23231919412775e-16,9.774311354864398e+41,3.6592997163296e+41,0.833186167676837,0.12030170887755144,13.267131377079282,0.1040581494398939,367.9980316076765,False,False
345,150.0938,2.2022308,0.4239999949932098,5.473665133651691,1.2858528944649421e-15,2.7200064181146757e-16,9.1317498195004e+41,1.6683062621714051e+41,0.8246635110614182,0.06922371137548985,13.32128380850011,0.05077922409050461,411.48658333852495,False,False
346,150.46414,2.4871903,3.0674999952316284,4.015139256119864,4.585871684640264e-16,1.767784828153478e-16,1.8792782162850744e+44,4.68048079134661e+43,2.2289014347498743,0.34095559894139377,13.685046548115697,0.06922511292589237,227.2253964613672,True,False
358,150.05877,2.4772299,1.2330000400543213,3.665816346764103,1.2786470585070753e-15,3.0856696479227163e-16,1.2840157727194705e+43,3.502673487319951e+42,1.785343763334659,0.17097005630602433,13.612898735828118,0.07582171121677506,372.92729131211524,False,False
361,150.06379,1.94223,2.1570000648498535,2.366469837072049,3.688295884403305e-16,1.7722144972996656e-16,3.313235976321412e+43,1.4000753039053158e+43,1.6920036419288818,0.3226199976093604,13.52404975130375,0.11745278307116606,255.7253536438339,False,False
362,150.06879,2.1122302,0.2610000073909759,2.6559534486150893,6.234859706072113e-16,1.9169019434140003e-16,1.2849035153235432e+41,4.837823930963621e+40,0.4521070288498857,0.05515868834884166,12.930071293726408,0.10465110695483525,324.8479007008674,False,False
369,150.0938,2.1972308,0.925000011920929,6.086749817237016,1.755296491865796e-15,2.953939970169222e-16,8.298515228482415e+42,1.3633738000832428e+42,1.6236225455263817,0.10842656840523571,13.630635843218299,0.0456645133714813,425.89297733878385,False,False
371,149.87863,2.302212,1.3234999775886536,2.2551452846988447,3.728657028555851e-16,1.585603375250491e-16,5.993803714455286e+42,2.6578348433350305e+42,1.2451563730809028,0.21011907435868662,13.40270187637061,0.1232508035309125,306.8929864285037,False,False
372,150.11882,2.542231,1.465000033378601,2.090379142389139,3.8716448207847414e-16,1.7004916647206568e-16,7.812255798433626e+42,3.737243469385574e+42,1.348475193114267,0.23502898188919963,13.413213227035609,0.1329655768093858,293.991564533629,False,False
373,150.17386,2.2172299,0.6769999861717224,2.955258057741541,5.738762445739905e-16,1.90576645572052e-16,1.2636859222620438e+42,4.276059476267107e+41,0.894322264024896,0.11785416429600654,13.294125411997447,0.09405218190336112,363.6273352688976,False,False
375,150.04376,2.2622292,0.6029999852180481,2.3498116281874513,2.659813418827255e-16,1.4081225633436754e-16,6.217420257191815e+41,2.645922840201314e+41,0.6364619741197683,0.1337091738955684,13.159762662652234,0.11828542555663459,338.05869713272307,False,False
376,150.4191,2.4572002,0.2160000056028366,28.677698915573224,5.260477458897315e-14,9.62989535483488e-16,2.1641896525779837e+42,7.546594512165463e+40,1.708402929651064,0.012410411174634818,13.601903343127736,0.009692146822391778,553.3254460932985,False,False
379,150.01373,2.3672274,0.2630000114440918,6.633528986495877,9.172116864661089e-16,2.8089349107789355e-16,4.301351898477496e+41,6.484258842064184e+40,0.5166568847939477,0.06278758461373656,13.209542062663967,0.0419005432830566,402.2595826611115,False,False
381,150.34901,2.2822128,0.5990000069141388,4.15557640815687,7.639474319912697e-16,2.137118930973878e-16,1.403663628412007e+42,3.3777832255876536e+41,0.8981626758499945,0.09970562926318222,13.3502558661084,0.06688565944125185,391.92148446077874,False,False
383,150.00372,2.3872267,2.6700000762939453,2.4832833359898996,6.018977079271671e-16,2.248545237162538e-16,7.763458035746288e+43,3.1262876544256993e+43,2.2552875697297363,0.33433383139558553,13.579020647064729,0.11192781121260328,231.2852275789098,True,False
384,150.27393,2.1722226,2.188999891281128,2.0736320310612233,2.228291117502533e-16,1.263154302644533e-16,2.4187040430840885e+43,1.16640947229498e+43,1.4446787739031124,0.32497894748739575,13.441629440422725,0.1340394362426179,237.793294636362,False,False
392,150.0938,2.5222308,3.4709999561309814,3.571075595127514,5.722443843602812e-16,2.1015941635484359e-16,3.500530129801519e+44,9.802453172869681e+43,2.5665629790432947,0.37404056038597033,13.737382096978738,0.07783326368036639,215.7490057229264,True,False
397,150.20387,1.9872284,3.61299991607666,4.268206181107474,1.1534593712412426e-15,2.694162367628838e-16,4.518585945838534e+44,1.05866159086675e+44,3.3077679890445544,0.30658857225498254,13.766054024798501,0.0651206752027058,213.91219102636845,True,False
399,150.20389,2.2722284,0.1609999984502792,3.672049922530771,9.619679156431282e-16,2.5532276677077996e-16,7.698429851465968e+40,2.0964937879058637e+40,0.3667562114117006,0.03862832633230339,12.848210550719864,0.07569299826580779,316.59476802590257,False,False
402,149.86861,2.3472103,2.353000044822693,4.188394302080203,1.826076904139641e-15,4.2792567639271236e-16,1.4764119027367982e+44,3.5250069507627903e+43,3.0263158460236532,0.2814252063717999,13.814018255001008,0.06636158116250791,301.87445780088666,True,False
410,150.34902,2.3422128,1.6794999837875366,2.2093024859341623,7.471980013321507e-16,3.320556432940923e-16,2.394606038812366e+43,1.0838742336361656e+43,1.8310873573169566,0.3229116302726779,13.599149574607196,0.12580824499482504,314.91925758700387,True,False
413,150.37905,2.3872078,0.3740000128746032,2.819892218808863,7.941496668608802e-16,2.0948250308193657e-16,2.8475919084101225e+41,1.0098229604012879e+41,0.6400653715791997,0.06699913375534905,13.070869103354445,0.09856705393353228,346.36499937149875,False,False
414,150.22389,2.0622271,3.3499999046325684,3.878444734179189,4.535604978723677e-16,1.5936977667587194e-16,2.2481696060368425e+44,5.796575070993328e+43,2.3310839308815163,0.32503348962582296,13.661423227291532,0.07166492949316307,209.0498654036901,True,False
417,150.16887,2.52223,0.695499986410141,3.3257905788244364,5.078681263369486e-16,1.8370101455544495e-16,1.5063968055380073e+42,4.529439752248235e+41,0.8760465784992628,0.12574399506128464,13.327344177429726,0.08357365319025206,370.2128478065016,False,False
418,150.12383,1.997231,1.0145000219345093,4.669196404060334,8.586770642962952e-16,2.3899689310265054e-16,7.385672137997308e+42,1.5817865642950308e+42,1.3677283620556946,0.15106425195491835,13.568308656338408,0.05952811669613578,391.89002107094603,False,False
421,150.36396,1.9322103,0.3930000066757202,3.24865440372714,5.94458935310579e-16,2.412411609048235e-16,4.576924906391076e+41,1.4088678996263895e+41,0.603480414390743,0.09718342250039559,13.173417633764162,0.08555802922563704,371.91351660582137,False,False
424,150.44912,2.4221937,2.311000108718872,8.791463606928843,4.2493783830782e-15,4.15876939000567e-16,2.39141049681518e+44,2.720150595778422e+43,3.960537629829371,0.15381299817473335,13.937765601026634,0.031615721891747446,335.92774381256794,True,False
429,150.12383,1.912231,0.7224999964237213,3.889157957551718,1.0813133585494769e-15,2.8709935229205877e-16,2.832957974309363e+42,7.284245086545036e+41,1.1569816886096713,0.12190080935802823,13.462854808193596,0.07146751853531134,406.29606275709847,False,False
432,150.26889,1.7672231,0.5180000066757202,2.5208388930002568,4.919249256591159e-16,2.0023751559233078e-16,5.4982754336159e+41,2.1811292458567047e+41,0.6967930403883846,0.11255113606540645,13.165789307125307,0.11026030627735675,351.59509896738945,False,False
433,150.46412,2.3921903,1.4330000281333923,2.3542034271977608,4.483818142055129e-16,1.8266055879718992e-16,8.420101761602084e+42,3.576624544984476e+42,1.3952576766943001,0.22555407199907213,13.441957138041976,0.11806476246146955,303.98986054402405,False,False
436,150.26895,2.3722231,0.3910000026226043,3.516823144638841,6.670895937481181e-16,1.9724181356038187e-16,3.778912884487814e+41,1.0745245720554674e+41,0.6245730263220897,0.07328203224017814,13.129774603323748,0.07903396246746008,359.9479863924044,False,False
437,150.24893,2.2822251,2.9709999561309814,2.136681690604184,2.215059676030876e-16,1.4541451119630454e-16,8.098342459993619e+43,3.790149227938427e+43,1.7206999800466038,0.44825684450583314,13.51301937311321,0.130084171938351,203.79995851824802,False,False
445,149.92363,2.5822185,3.6480000019073486,2.6631114658106227,-2.6747179663612556e-19,1.983402209308471e-18,2.090329622743147e+44,7.849200642102575e+43,0.0004567656516744076,0.0,13.579872256291292,0.10436982153635713,184.06136344057776,False,False
449,150.09881,2.0072309,0.221000000834465,5.737728187874062,2.6827712016473118e-15,6.311964782556024e-16,2.663237577163383e+41,4.641623809911015e+40,0.6485032592401714,0.060546989430705654,13.11413236631874,0.04844225089042888,379.82278576044774,False,False
457,150.08379,2.3072306,1.1570000052452087,3.318649989273021,8.792809722011429e-16,2.37456156039646e-16,7.21327282435166e+42,2.1735563701105427e+42,1.5101636474841886,0.16183752535853022,13.507825637652259,0.08375347485167249,354.0559479526477,False,False
460,150.02374,2.3622281,2.1419999599456787,4.2277449509643255,1.2173908792957899e-15,2.795433382503512e-16,7.485866782505916e+43,1.770652409104866e+43,2.5020803623013284,0.2279921095369838,13.717542788514233,0.06574390641864111,297.9924585407205,True,False
465,149.99873,2.2522263,0.4869999885559082,3.5319802907202265,1.5038736630233357e-15,4.2232555508814403e-16,1.2409123559623268e+42,3.513361496446191e+41,0.9633658871097912,0.10735610116426267,13.367113587297636,0.07869479598975991,415.5379406368675,False,False
467,150.37401,2.1872086,0.5690000057220459,2.29625094549598,3.1843390819486686e-16,2.22966160934365e-16,8.463527643473515e+41,3.68580257313533e+41,0.6470545159373438,0.17978770179917036,13.245127808227979,0.12104446552902587,365.9928376943899,False,False
470,150.25891,2.0472241,1.11899995803833,2.1090542508189722,3.700326640075052e-16,1.7225662610196776e-16,3.8528362295210186e+42,1.8268075503628762e+42,1.108093805055999,0.20469718035526033,13.376892415973494,0.1317882023708732,324.89383159579177,False,False
471,150.13884,2.0522308,1.3170000314712524,2.9023051453715887,9.674227044719118e-16,2.6754859262987124e-16,9.309791814522326e+42,3.207723291732087e+42,1.7017672051327075,0.1867609199345537,13.507212699952419,0.09576817546608964,333.31905201995653,False,False
473,150.45914,2.4821915,3.5179998874664307,3.3759986094896752,1.7411703716073427e-16,1.3562624251499574e-16,2.4024313356932883e+44,7.116209494104163e+43,1.7434183064661448,0.5388942163891725,13.639869917758263,0.08233074138028051,198.15700730320094,True,False
480,150.37398,2.0022086,2.3589999675750732,2.6212979607212064,5.640470756248544e-16,1.8059007666533446e-16,4.689242051187623e+43,1.7889008122897465e+43,2.054112531242866,0.26097699232087157,13.546321404726598,0.10603467159513917,245.39170873814854,True,False
485,150.47914,2.4071867,1.9045000076293943,2.5898919364983026,1.1531018520658435e-15,4.1995922350470017e-16,4.944534486932225e+43,1.9091663313248306e+43,2.2874600113334265,0.3305920641859823,13.694120332187811,0.10732048874359021,314.79826498454247,True,False
486,150.29895,2.1572198,1.6740000247955322,2.462811162243457,5.888847466581158e-16,2.4141178584078317e-16,1.9187848838051607e+43,7.791035355131636e+42,1.6887383098508733,0.2747198105391073,13.549614035242087,0.11285821368654533,303.730810087026,False,False
488,149.92367,2.2472185,1.6390000581741333,2.3365880704398143,3.9147322800376706e-16,1.658270922175306e-16,1.1750571219491284e+43,5.0289442833967226e+42,1.4554228120774428,0.2446482172466127,13.44767242726481,0.11895484357487245,284.20748140502377,False,False
489,149.7386,1.962183,3.683500051498413,2.3842738093896347,3.8518876532647273e-16,1.820073646766297e-16,2.482537536374611e+44,1.0412132728204282e+44,2.3243641116048352,0.43583185554219245,13.61231054353957,0.11657573359380015,187.30106835234875,False,False
491,150.2739,1.8722226,1.9925000071525576,2.3285960657148146,5.546244856908697e-16,1.8358517483729472e-16,2.4014235527320596e+43,1.0312752770175659e+43,1.8457336640897513,0.24244155506441792,13.499131729948344,0.11936311003461161,263.6863387752467,False,False
496,149.80858,2.2771991,1.00600004196167,2.518311977578847,6.976781936149913e-16,2.032626705356011e-16,3.235801549915715e+42,1.2849089305554097e+42,1.2693329099732416,0.14674978630886065,13.380233565272967,0.1103709432718126,340.3463340674198,False,False
499,150.14384,2.0522307,1.2325000166893003,2.594863207449413,1.518805383391799e-15,3.7493804944854505e-16,9.509767876088421e+42,3.664843622117531e+42,1.8895331420182013,0.18510210638156227,13.543446765489467,0.1071148828270169,353.6347006729932,False,False
501,150.11882,2.002231,1.093500018119812,3.4921827768479186,7.772907765814026e-16,2.1351026815506516e-16,6.118448337768765e+42,1.7520412672361158e+42,1.3944047099299608,0.15199298768687702,13.49396381166249,0.0795916153818731,358.9471500163865,False,False
502,150.34401,2.3372135,1.7484999895095823,2.749312449760961,6.018139099922853e-16,2.064444056994298e-16,2.0447050358406233e+43,7.437150462903553e+42,1.7484992807342157,0.23801581476847541,13.53961002928668,0.10109744654240636,294.031905372585,True,False
509,150.23387,1.7622263,0.9124999940395356,2.5058781082675377,1.063963884592043e-15,3.7276305430783284e-16,4.4039775969894066e+42,1.757458825494963e+42,1.3623355246275628,0.18940416106552435,13.488662961971198,0.11091859077305377,383.8305219001859,False,False
510,149.82865,1.9922031,2.5299999713897705,2.093743160167142,2.491241052654556e-16,1.536085877170997e-16,4.899707246572254e+43,2.3401663297522666e+43,1.632552618184199,0.3994536476296743,13.509403358821759,0.1327519409763195,227.5519126814085,False,False
513,150.16887,2.56223,0.4054999947547912,2.1526591352695665,4.567844414212825e-16,2.0434704937429833e-16,2.9014012052052973e+41,1.3478219369096585e+41,0.5661725689379782,0.10050909242807175,13.062732495641484,0.12911866252493107,339.925742988805,False,False
522,150.53918,2.3671709,0.1110000014305114,2.572847104586853,6.5885923789013e-16,2.5404023366153555e-16,2.345985005784479e+40,9.118244926416631e+39,0.24808404625614155,0.03795842288098453,12.590248512975311,0.1080314752954253,264.3700292397011,False,False
524,150.40408,2.4622031,0.515999972820282,10.659511363547093,1.9506706120699972e-14,6.664532949371868e-16,3.531305176841806e+42,3.3128208755590816e+41,2.350085605495101,0.031861698225758316,13.59794782492918,0.02607516038386117,490.28483815404087,False,False
532,150.05377,2.3322297,0.4620000123977661,2.3993361794619803,4.0183525752067013e-16,2.019335473492547e-16,4.460445262867001e+41,1.859033052995182e+41,0.598265006932581,0.1193035853602073,13.139876521719728,0.1158439033251303,352.57555459964834,False,False
536,150.14884,2.0722306,1.7080000042915344,3.4194261341880687,6.734827573093164e-16,1.9030552465396498e-16,2.1993975444286935e+43,6.432066253570157e+42,1.7881842776579888,0.20051028129901155,13.569917827456358,0.08128512139481531,305.01447311130755,True,False
537,149.7936,2.107196,3.187000036239624,2.275859610661161,5.276519099876044e-16,1.8368046331961364e-16,1.1776521177675637e+44,5.174537621964492e+43,2.3847689249507416,0.3294285349159986,13.54858390331801,0.12212900440609084,198.96259837265987,True,False
539,150.02875,2.3572284,0.7239999771118164,4.069366357241475,1.6319531655275764e-15,3.1245114947323983e-16,2.917205780996118e+42,7.168697838681748e+41,1.3279333049538629,0.10089047301486752,13.469042140393771,0.06830264075965274,407.98083892012,False,False
546,150.04375,2.4872292,1.093999981880188,2.797281591831536,6.725395345096239e-16,2.0981782512932398e-16,4.786739715729302e+42,1.711211245127151e+42,1.3295661535590875,0.16460156957021366,13.436841676155268,0.09936377847326158,343.4835610423371,False,False
548,150.00874,2.1822271,0.6970000267028809,2.4353894646613106,3.742142511508275e-16,1.6146997407469554e-16,1.0103087358648218e+42,4.1484483304411654e+41,0.793042796170381,0.13578992127955508,13.234085933653988,0.11412896066573708,344.42901086828743,False,False
556,150.29393,2.0372204,0.9539999961853028,2.24626881969692,4.568294339183135e-16,1.7803191286720766e-16,2.345986374338376e+42,1.0443925294101311e+42,1.062733211914962,0.1643491613818514,13.326126139855155,0.12373784739423288,333.26883091911753,False,False
557,150.10882,2.017231,0.4774999916553497,4.399045306953623,1.406858253719596e-15,2.5684408692385426e-16,8.780329008458333e+41,1.995962395426836e+41,0.9285550248625539,0.0672707597716979,13.290715708100661,0.06318381581083621,393.381299231882,False,False
568,149.98371,2.3222251,0.9169999957084656,6.158704007470538,2.30250328866663e-15,3.141510897530975e-16,8.269681912458134e+42,1.342763331770283e+42,1.7653205595463672,0.09557875074399565,13.633008940464489,0.04513099965202553,428.03133271211146,False,False
569,150.4241,2.4721991,1.415499985218048,4.353885831696407,1.4016295368850138e-15,2.417058211532989e-16,1.6499411480612324e+43,3.789582942321583e+42,2.018551958199377,0.138131669545886,13.604231482937324,0.0638391724455907,346.4738478832988,False,False
574,150.03876,2.2172289,3.109499931335449,2.419343195762918,3.2514767918128677e-16,1.586649785130325e-16,1.1910138502453856e+44,4.922880938641738e+43,2.004083824453585,0.38807508450077755,13.56931827139233,0.11488591982520802,205.85288218541672,True,False
576,149.90869,2.0672165,1.1579999923706057,2.1749231724316527,3.4543196652204225e-16,1.6260234582876865e-16,4.150512639299604e+42,1.9083490818938496e+42,1.1089759328319113,0.20715044095492097,13.379259400743788,0.1277969134456016,320.66460009197755,False,False
583,150.28397,2.3872215,1.9139999747276304,2.950015852152255,8.629218630956129e-16,2.930056263140396e-16,4.030177342914577e+43,1.366154469974887e+43,2.084498952091118,0.2808701768242563,13.64369969872178,0.09421931350480614,301.94119770818673,True,False
589,150.01375,2.1572274,0.4400000125169754,3.1363511199899956,6.051229054861376e-16,1.9566337865883338e-16,4.596811028023282e+41,1.4656557420260858e+41,0.6605685751355519,0.08475851219059942,13.15568958160228,0.08862160446467095,360.0557424324139,False,False
594,149.71358,1.9971764,1.375,2.1474488309048616,4.3890823252545747e-16,1.9498493589534183e-16,7.766658580744362e+42,3.616690870101784e+42,1.3481010690122985,0.23765625292822684,13.444052848464013,0.12943194008537243,310.8977341997124,False,False
596,149.80361,2.1171981,1.152999997138977,2.5322535888642395,6.326418760750892e-16,2.058190778527907e-16,5.078879002098239e+42,2.0056755075530194e+42,1.3509854468507945,0.17441258644261254,13.427979180365329,0.1097632834406391,333.5175038081474,False,False
600,150.10381,2.3672309,0.3289999961853027,10.616032472194089,2.6343002707978336e-15,3.662844951907376e-16,1.1945193958419301e+42,1.1252032234930144e+41,0.8651870941703298,0.047737838469319616,13.421061743585893,0.02618195348837659,461.2665774058549,False,False
603,150.44911,2.4121937,1.509499967098236,7.138638895465152,4.04466868808092e-15,4.3564155305854737e-16,4.702873880665319e+43,6.587913956052375e+42,2.9904980771233074,0.12781720938020916,13.813888902294616,0.0389357792834498,393.62756313349246,False,False
604,149.96369,2.3572231,0.7910000085830688,3.9876320371362795,7.909696222317263e-16,2.1624453990923503e-16,2.843635845167012e+42,7.131139028587931e+41,1.114351564371574,0.12089463611359721,13.435966598611357,0.06970263701103424,387.07468825004185,False,False
605,150.39399,1.992205,0.4379999935626983,2.5087309097136408,6.125463172430781e-16,2.0841837795688545e-16,3.7087264418167025e+41,1.4783277183920997e+41,0.6609844232432571,0.08924579502869345,13.10670096091601,0.11079245978190926,347.047685503574,False,False
607,150.07878,2.5922305,1.6330000162124634,2.1071734934201563,4.212398335895845e-16,1.889700727908937e-16,1.1847736039241126e+43,5.622572643513586e+42,1.4876780870449122,0.2648329529909412,13.451614481054355,0.13190582991196545,285.64929228200964,True,False
609,150.04875,2.6372294,3.058000087738037,2.1013576699777494,3.2996522943303323e-16,1.9866163381166827e-16,1.3555456071493661e+44,6.450808572553572e+43,1.9952930151674806,0.4767074799270736,13.611541818558567,0.13227089913780565,215.24789136799626,True,False
611,150.45912,2.4121915,0.2619999945163727,8.708292936413104,4.6131850015648725e-15,4.86598985809512e-16,8.227976887289058e+41,9.44843834189863e+40,0.879578356862105,0.03681665447885322,13.360353926091822,0.031917675536138605,451.79597062430906,False,False
612,150.04376,2.3122292,0.7860000133514404,3.822017686522112,7.662186022513643e-16,2.176798973495822e-16,2.7576759250519754e+42,7.215235907401972e+41,1.0976214534297875,0.12374215597429752,13.43086842146427,0.0727229676090284,386.3448357445224,False,False
620,149.82862,2.1522031,1.0269999504089355,2.389350187015089,9.66301668049943e-16,4.555486464529683e-16,5.366992812307987e+42,2.2462144065256242e+42,1.4345257422071782,0.26836744811482155,13.489372877147575,0.11632805853599465,367.05077490203246,False,False
623,149.82858,2.3422031,2.527999997138977,2.9208298081279493,3.4528330662310454e-16,1.624015942788198e-16,6.81428952422539e+43,2.3329978026322867e+43,1.8180608260803919,0.3393302480957288,13.58644434216673,0.09516078877468967,241.54349156624116,False,False
624,150.42911,2.4671981,2.747999906539917,6.4311209746813125,1.910797777952782e-15,2.9977582323217536e-16,2.4550760700020016e+44,3.817493217228215e+43,3.3609689404091343,0.20924054136380893,13.825891121023629,0.04321928782125802,273.9542376068015,True,False
628,150.46914,2.4271891,0.781000018119812,2.880334592448749,8.253734561640412e-16,2.343028398701188e-16,2.0445579559190942e+42,7.098334899282969e+41,1.119786828688905,0.12614262625436776,13.363495189696486,0.09649867385086679,367.6186369108534,False,False
629,149.93867,2.3472204,0.6840000152587891,3.187028187917385,8.17642520168025e-16,1.933348857206333e-16,1.2846942699188754e+42,4.0310100638249455e+41,1.0131846109815605,0.09506809727324275,13.29510023600525,0.08721242864177836,362.8614937454306,False,False
634,149.95867,2.4872226,1.6959999799728394,2.9010065260813604,5.087815656912364e-16,1.9617022611821973e-16,1.942977302592962e+43,6.697597144731381e+42,1.6223355178215773,0.2482229088919107,13.545162699438333,0.09581104555236217,300.4733799140477,False,False
636,149.84358,2.412206,2.462999939918518,2.1899467219226576,3.2025435858975827e-16,1.6428665747900229e-16,4.593490323133281e+43,2.0975351944180807e+43,1.7466600445570577,0.3555617946141446,13.512654854796345,0.12692019656718273,232.31837764289503,True,False
639,150.02875,2.3522284,0.9300000071525574,3.3402899797438237,9.568205043451036e-16,2.796623320428453e-16,4.878121502336889e+42,1.4603886285079374e+42,1.3331875872478984,0.1546301659519831,13.505421627382148,0.08321087992468182,386.09862017869165,False,False
643,149.86366,2.0522095,1.315999984741211,2.1053363184066063,3.746557696063031e-16,1.7475656197544357e-16,6.0791745632267e+42,2.887507573054947e+42,1.242397998584484,0.22996474941321504,13.408731299977136,0.13202093460699071,309.1666050196477,False,False
656,150.07378,2.3822304,2.423500061035156,4.006389298007426,7.11025961079412e-16,1.8722349011056874e-16,8.216451667607561e+43,2.050837064609274e+43,2.253224717633295,0.23543923869334482,13.658404184718771,0.06937630063966037,262.6617457228354,True,False
659,150.03376,2.2172287,1.7610000371932983,2.1647953437579965,5.741031399108406e-16,2.4746517634725993e-16,2.104443249608127e+43,9.721211086655884e+42,1.7291610870780805,0.2957733796013731,13.542183691044015,0.12839480148528676,293.4048961785406,False,False
662,150.2139,2.2772278,2.440000057220459,4.725266764139958,1.3398112603736946e-15,2.8683619588756154e-16,1.2421367185485656e+44,2.628712368104038e+43,2.7902310926826583,0.23704454403959677,13.749697773848531,0.05882175172149677,280.4442444129925,False,False
663,150.19386,1.7872289,1.22599995136261,5.316979790565439,2.3250483507763717e-15,3.225498599910617e-16,1.6775463549743315e+43,3.155073784465017e+42,2.1678600461049258,0.11934262044279087,13.677523480283998,0.05227563003178587,392.92136906747737,False,False
667,149.93365,2.5372198,2.316999912261963,7.027741525966666,2.425982166202334e-15,3.201978582728146e-16,1.7570106673199748e+44,2.5001071266324045e+43,3.2946686515589048,0.1725607507671193,13.86456168164361,0.03955018370995783,317.0316571714118,True,False
672,149.87864,2.222212,0.578000009059906,3.2948735234900415,5.073063061629545e-16,2.0122914360616448e-16,1.0251138466397712e+42,3.1112388361236267e+41,0.76379588473804,0.1202257212984194,13.285910605153468,0.08435785666324111,376.24666993447306,False,False
673,150.41408,2.3722012,0.8840000033378601,5.054709264362331,1.58670946504189e-15,2.782251455399928e-16,5.566565604117919e+42,1.1012632602560098e+42,1.5202581607701622,0.10578297297504721,13.55436539618059,0.05498802282808354,408.30787969047793,False,False
678,150.08379,2.3622306,3.4110000133514404,3.029532867251133,3.041677402527913e-16,1.5579887261471915e-16,1.972976349166633e+44,6.512477123104549e+43,2.0623568813439968,0.41919340240214936,13.617574232659962,0.09174631225251555,199.4060294024946,True,False
682,149.85361,2.2822078,0.2660000026226043,4.1702869858573814,1.6835415434058175e-15,3.1073954214288176e-16,2.4783323485351332e+41,5.942834047008891e+40,0.6370593919579042,0.046660787683860803,13.080530008678508,0.06664972203608113,363.9200247655726,False,False
692,150.38899,2.007206,2.736999988555908,2.914004688404281,4.541111064751687e-16,1.7778343541955555e-16,9.043558788339484e+43,3.10348120726318e+43,2.083688746079948,0.3237139950758258,13.597084304321708,0.09538367234758524,230.4807787346366,False,False
700,149.9687,2.3472236,2.50600004196167,2.5609823042944737,7.513684882330805e-17,1.1365407564150537e-16,5.2297449536134e+43,2.0420855485192993e+43,1.0916743872486516,0.6552765362459109,13.5310142632125,0.10853197538772269,232.86593831931336,False,False
714,150.314,2.4122178,1.6169999837875366,2.1981322435589905,4.803228971606356e-16,2.0267862323000914e-16,1.2863905904305263e+43,5.852198357036675e+42,1.5439898063542876,0.25853452254765874,13.476134062357454,0.12644756439587798,292.66405536686096,True,False
728,150.07879,2.2922305,1.7699999809265137,3.7707042701475912,9.371922956269112e-16,2.4258970528336448e-16,3.4362833200274856e+43,9.113107456430106e+42,2.0403497413831957,0.2095789854520096,13.65296081911423,0.07371261401181213,318.50149893295685,False,False
734,149.86362,2.3172095,0.4280000030994415,3.4890048410980756,1.4343569151121386e-15,3.1138354124359617e-16,6.3636762729106045e+41,1.82392302754954e+41,0.8610823333156031,0.07417927084831051,13.235924150033494,0.0796641108501884,384.7745221987381,False,False
739,149.94372,2.012221,1.9429999589920044,2.2750962270399744,2.1292348687427233e-16,1.4173000851928645e-16,2.0374475535701375e+43,8.95543462889466e+42,1.3236956298945244,0.34964380505205517,13.47639306221421,0.12216998345591185,263.1452341841008,False,False
747,150.26897,2.5472231,0.9100000262260436,3.2717894126212768,5.82587474336768e-16,1.7796910653537245e-16,2.942555477001022e+42,8.993719050650998e+41,1.1138424602892958,0.13502267437239993,13.396136990557219,0.08495304353815232,357.8744288178393,False,False
748,149.77359,2.1271915,1.878000020980835,2.3164482327781646,5.681166394459518e-16,2.2313988374469997e-16,2.246411312364552e+43,9.697653850310239e+42,1.793849674868252,0.2795922947056614,13.519538936931449,0.11998906968222285,277.64542001354016,True,False
754,150.04375,2.6372292,0.5180000066757202,2.114690407520562,1.755384139081743e-15,3.275773626687324e-16,7.659700066918944e+41,3.622137803093272e+41,1.0617982292461239,0.07862907526812969,13.242683163820676,0.13143695522975907,372.97016973400673,False,False
755,150.15385,2.0522305,0.3269999921321869,4.170412147524206,1.7174429553117908e-15,3.4411478627379166e-16,4.965697906996301e+41,1.1906971616568452e+41,0.7475140313958594,0.05943466533559017,13.218257013867953,0.06664772175649046,395.08411071257734,False,False
758,149.7636,2.0321891,0.6949999928474426,2.3490211529475262,6.3730328258468e-16,2.2187796170539352e-16,1.1979095234382799e+42,5.099611478317919e+41,0.9439420107590389,0.13041056798665754,13.274402420820483,0.11832523009395399,355.5435421056677,False,False
760,150.21891,2.3472274,0.6610000133514404,2.3314185117478967,2.41974267907421e-16,1.3071988208334093e-16,7.400327235267756e+41,3.1741736620764962e+41,0.6601710509647983,0.14152344714507523,13.17653542497814,0.11921860747759928,334.42322196037566,False,False
767,149.99875,1.9722263,2.3499999046325684,3.249878330994407,1.1087332846570244e-15,2.7048648646932387e-16,7.420535069526498e+43,2.283327039894426e+43,2.5635119902683456,0.2481722964685674,13.655307488305471,0.08552580746400852,267.4793832998962,False,False
768,149.85859,2.4572086,3.6480000019073486,2.6689215549873526,6.905705737872293e-17,1.1398080471195635e-16,2.229804393986044e+44,8.35470188256099e+43,1.3088213571102818,0.8572420824850907,13.594853134562026,0.10414261441992749,186.1899609482005,True,False
780,150.21391,2.4572278,0.5680000185966492,2.0509904708442175,1.8819967868697395e-16,1.3632568925002296e-16,4.8574528814512205e+41,2.3683449291950258e+41,0.5429296418737144,0.1560636776327939,13.116754555516295,0.1355191417850291,331.7864062802922,False,False
782,150.22891,2.2722267,0.6269999742507935,3.5479743430573065,1.1520931179586017e-15,2.553626719494617e-16,1.4894380509994654e+42,4.197995551782963e+41,1.0644663748096042,0.09362702801555833,13.352609795419182,0.07834004464039376,388.1665297621824,False,False
786,150.12883,2.0072309,1.8860000371932983,2.5857788448768133,4.593007922632516e-16,1.7767454074795024e-16,2.0574441961380896e+43,7.956767842750708e+42,1.6763108568702814,0.2573250252238084,13.496617408645928,0.10749119901293133,272.11022496569797,False,False
793,150.19386,1.8222289,1.4210000038146973,2.095584205060116,6.251760319679801e-16,2.8494763939448107e-16,1.2114514114579896e+43,5.780972239305635e+42,1.5489875165356004,0.28016257524651555,13.530614922915822,0.13263531369769396,326.7950730753868,False,False
795,149.99371,2.4772259,0.3420000076293945,2.736550320123789,7.498961150711579e-16,2.142373148051192e-16,2.404703553789524e+41,8.787353684330373e+40,0.5874547845858658,0.06659903205347846,13.04422947404617,0.10156892287860726,343.661843726575,False,False
797,150.02878,1.8772284,2.1325000524520874,2.3661174686363755,2.367630189088702e-16,1.5909277859589507e-16,3.138436194547592e+43,1.326407600699687e+43,1.451006788355623,0.3869060328240519,13.518753545664127,0.11747027444848984,256.54925461310654,False,False
809,150.05878,2.1322299,0.6050000190734863,2.5418616799883327,6.478258669458461e-16,2.0819869002008213e-16,8.305835519981148e+41,3.2676189996378058e+41,0.8567500918966224,0.10926305182364587,13.226116143514025,0.10934838453497477,355.43099374025104,False,False
811,150.21389,2.1922278,0.1019999980926513,2.113894659075919,3.4924439827641217e-16,2.1661286213657638e-16,1.5249075295587964e+40,7.213734719521945e+39,0.18940429253630278,0.04661697284253193,12.49344766512496,0.13148643298033844,246.2074494746299,False,False
814,149.88861,2.5122135,0.5450000166893005,5.708535637212207,4.1629234389415786e-15,4.268482531060111e-16,2.4675522616313697e+42,4.322566098293487e+41,1.4678240647087006,0.059723953332375894,13.503055552695482,0.04868997691916287,450.5009900891566,False,False
819,149.8736,2.4672112,2.489000082015991,3.6744343284256846,5.001845679032357e-16,1.7643244007949274e-16,8.363605843388511e+43,2.2761614702668827e+43,2.0369611723372563,0.2851217592721836,13.64453349689243,0.07564387973077982,255.2434126919445,False,False
823,149.83358,2.3972041,2.277000069618225,3.0780495793467444,2.5553660049223686e-16,1.6861912067241244e-16,5.708266589814442e+43,1.8545076817852656e+43,1.5476626929485762,0.40525602507701575,13.615233824053423,0.09030019213565438,264.82617440658487,False,False
824,149.99876,1.9172263,0.4480000138282776,2.843144044582817,8.8891036663185e-16,2.352212556309014e-16,4.8045725650541345e+41,1.6898801079771268e+41,0.7604562495283935,0.07985319281215768,13.162735642887007,0.09776095198119496,360.84556665150507,False,False
825,150.29394,2.1122204,0.2319999933242797,3.0927749504349102,8.263124169782994e-16,2.5043521727002294e-16,1.3053090433322506e+41,4.220510914150726e+40,0.4550371873136835,0.054726474509852435,12.94464188529573,0.08987025337197446,332.1210287631789,False,False
826,150.27397,2.5422226,3.052000045776367,2.5735124776929963,1.738149279323421e-16,1.2335590301694479e-16,9.738608037316916e+43,3.784169737559233e+43,1.6119564185452104,0.453968395696736,13.536276384671677,0.10800354411619008,203.45704936663336,False,False
829,150.31898,2.2822172,2.4385000467300415,4.793453677872814,1.241164228383133e-15,2.5754397322930306e-16,1.1252874202449095e+44,2.347550421608073e+43,2.7194803706535153,0.2239275501462164,13.72719795332353,0.05798501187173795,275.7569043184863,False,False
831,149.92366,2.3622185,2.0799999237060547,2.233858193645725,2.8876240337265316e-16,1.413574683724876e-16,2.354217625330792e+43,1.0538796204823712e+43,1.5264339460107925,0.29652108848317305,13.467812566877083,0.12442529664985615,250.63063939031144,False,False
836,149.80357,2.2871981,3.259999990463257,3.2604798649375124,2.437645318536929e-16,1.6754807552336844e-16,2.0355192894377225e+44,6.243005243882202e+43,1.8698191832929243,0.5099974432115102,13.658715027901478,0.08524771810649044,212.9049827954158,False,False
838,149.87861,2.427212,1.5110000371932983,2.6822271791325556,-3.427082019329899e-18,2.875261582320214e-18,1.1517565024594512e+43,4.294030391683431e+42,0.0004567656516744076,0.0,13.487064548138678,0.10362599804389833,306.13704923743074,True,False
844,150.52417,2.387175,1.6390000581741333,2.2667346932637233,3.9267430232350735e-16,1.741347360914317e-16,1.1987144197360332e+43,5.2882872587531747e+42,1.4568998952762495,0.25637879534713587,13.452295476041783,0.1226206442439372,285.21773208532744,True,False
846,150.38407,2.4672069,3.259999990463257,5.0735826534590105,8.728034968663754e-16,2.233830409995815e-16,3.572288427138435e+44,7.040958374262335e+43,2.852498511103247,0.2897067451821116,13.789165605226263,0.05478347105049811,235.32569581613765,True,False
847,149.95867,2.5472226,1.2475000023841858,2.4093983310938962,4.336560142141213e-16,1.781382969726678e-16,6.133219207799917e+42,2.5455397427022206e+42,1.2579489879921164,0.2050569113357213,13.43612021976625,0.11536011494284097,323.8490332064027,False,False
856,150.22389,2.1122271,1.222000002861023,3.997794593127259,1.0068790121290623e-15,2.772883553899388e-16,1.3045212903660665e+43,3.263102342998593e+42,1.639525468913316,0.17917275451787545,13.620693123764163,0.06952545008087997,376.7162607223881,False,False
858,150.18889,2.5622292,0.7900000214576721,3.6349789508754564,9.734096966176475e-16,2.1780933723007152e-16,2.3956556085445298e+42,6.590562533979888e+41,1.1925322045324662,0.10588889119190432,13.396611669879325,0.07646494578768862,375.7096699142124,False,False
866,150.41407,2.3572012,2.3910000324249268,3.0706835025347616,7.256358152709224e-16,2.019195846199312e-16,6.186931470215537e+43,2.0148385416824628e+43,2.250566091183014,0.24851405994789538,13.601639227162698,0.09051680780146916,253.74753747333943,False,False
868,150.41909,2.4072002,1.2719999551773071,15.820691095122609,2.1235832427872247e-14,7.438754464180953e-16,7.966383416997853e+43,5.0354206204391574e+42,4.623229323027662,0.0642651949702847,14.021703942803803,0.017568667939150285,503.00841162288555,False,False
870,150.12883,2.6072309,0.9869999885559082,2.7948696708880467,6.821001213244397e-16,2.263832102089166e-16,3.8451742593869685e+42,1.375797340190534e+42,1.2430903200195773,0.16371867875975185,13.427711225800763,0.0994495275802128,355.62557760151026,False,False
878,149.88864,2.2822135,1.1080000400543213,2.054203923371174,6.569302462676994e-16,2.6598152034923627e-16,5.059868832836205e+42,2.4631774748693914e+42,1.330930714768339,0.21383909757133215,13.44432345519413,0.1353071451455205,343.60195943357957,False,False
880,150.21892,2.4972274,0.3120000064373016,2.942192492583147,1.0667515457639607e-15,2.346334744612051e-16,2.027481172329108e+41,6.891055488177959e+40,0.6165285398369849,0.05381202502449926,13.016321697231042,0.09446984489245695,340.34081265893246,False,False
883,149.90366,2.2122158,2.382999897003174,3.444410926021503,2.7172980996019395e-16,1.7005341922216086e-16,7.381545650419429e+43,2.1430502367339624e+43,1.62249974524863,0.4029323901863684,13.644819972353401,0.08069550189794805,262.88563674627034,False,False
884,149.9937,2.5772259,0.6290000081062317,2.4991548826936425,7.087382750551441e-16,1.9916026048473737e-16,8.423620574221994e+41,3.370587646469849e+41,0.9084202914289659,0.10129851623627352,13.219607681936344,0.11121698392638328,350.210607192862,False,False
887,149.83357,2.4072041,0.7149999737739563,2.122068165237929,7.226571729596779e-16,2.268264795893433e-16,1.0176588670359017e+42,4.795599329495622e+41,1.0047441207870085,0.12514582554288536,13.228448108366893,0.1309799906389516,340.43474597993253,False,False
888,149.96368,2.4472231,0.8880000114440918,2.9065567232683174,7.132034588578546e-16,1.9785304796605833e-16,2.5619798272116428e+42,8.814484185709574e+41,1.1703756666823282,0.12884098824596296,13.372789494126458,0.09562809017039864,354.62296236852353,False,False
906,150.02877,2.0372284,0.3089999854564667,2.5722633196536386,4.709613383754148e-16,1.9736874583294163e-16,1.7308990422225116e+41,6.729089627012141e+40,0.4669349219018715,0.07765133731088962,12.980801140002818,0.10805599344918837,331.5732508588099,False,False
908,150.22891,2.2322267,2.361000061035156,2.1910730225293373,2.2317944626529523e-16,1.4556365128781553e-16,3.8512147436501735e+43,1.7576843418958247e+43,1.511852723207384,0.3912980564859822,13.500095893184678,0.12685495442649472,236.70469761674116,False,False
912,150.01874,2.3622278,1.7960000038146973,3.601786559490569,7.927074777776607e-16,2.0686935792910608e-16,2.882375919688319e+43,8.002628340353398e+42,1.9480578990159512,0.20173652298211933,13.603716489895723,0.07716961119911382,304.0963120818542,True,False
913,150.35401,2.277212,0.8999999761581421,3.6355679097664,1.0849194770817962e-15,2.2174923899184853e-16,3.458866394277547e+42,9.513964475772353e+41,1.357739556229629,0.11012364105952106,13.437616402131297,0.07645255853189124,370.9295148197387,False,False
916,150.0888,2.4022307,2.130000114440918,7.729257247044921,3.908957473391561e-15,4.2385315055639474e-16,1.7269454694757662e+44,2.234296794994135e+43,3.669356255459853,0.15788606772071606,13.914989701992813,0.0359605663952183,347.9952165717027,True,False
917,149.85361,2.2772078,3.119999885559082,2.2501197434063616,1.7309510314019056e-16,1.5900673056564233e-16,1.116000283932936e+44,4.959737308217517e+43,1.6295418941180202,0.5940126797782537,13.551757551504455,0.1235260786598435,202.5949881928773,True,False
922,150.10381,2.4522309,2.9100000858306885,2.162885477516689,3.483577248909495e-16,1.5193913308000482e-16,7.150458115919915e+43,3.30598091773666e+43,1.9759078982159806,0.3419875965405042,13.499085881755065,0.12850817637242953,204.66893389010147,True,False
925,149.82862,2.1372031,0.1829999983310699,4.368647126848765,1.111577080234781e-15,3.0792503906112444e-16,1.5920459489558547e+41,3.6442539365825237e+40,0.4221028891804785,0.046400558266242876,13.008777346514586,0.06362346519357667,355.26978406641945,False,False
926,150.21391,2.5172278,1.2710000276565552,2.6853508475063093,4.784112467667531e-16,1.6334963584432142e-16,6.5167612897891e+42,2.4267820705219003e+42,1.3160191841568025,0.17831113701447004,13.441450980009298,0.10350545764855708,322.34345172312356,False,False
928,149.89365,2.2322143,2.002000093460083,2.308111693358745,5.706278539664511e-16,2.3609072357814756e-16,2.8556351816591974e+43,1.2372170679070132e+43,1.8686309706531834,0.3067954807909332,13.536379925189841,0.12042245148613795,270.5390870662282,True,False
929,150.31895,2.0472172,1.5,2.024136751726377,4.7261150926174435e-16,2.322246853264576e-16,1.116139573765476e+43,5.514151021730749e+42,1.4629268505674395,0.28525033277275497,13.483631024585241,0.1373170405512474,306.5113007272052,True,False
932,149.9937,2.5922259,2.5199999809265137,3.1635047161525205,4.945347360137234e-16,2.0422357350300626e-16,8.211839273886855e+43,2.5958043406599247e+43,2.0439611582496395,0.3349509140169075,13.631873028169888,0.08786093063143093,250.65563855818252,False,False
933,150.10381,2.3772309,1.031999945640564,6.178115665564709,2.6864651050020843e-15,3.0025336066278263e-16,1.0041687855240509e+43,1.6253641723171997e+42,2.019422385984714,0.08956396235025064,13.632720717741979,0.04498919791471326,408.9400881964463,False,False
943,149.8386,2.267205,1.593999981880188,4.170671491031767,1.2549644026979189e-15,2.56384983184206e-16,2.524960602075043e+43,6.054086512218689e+42,2.102612538635352,0.17045898040158927,13.640395707591821,0.0666435774229057,334.6087296571525,False,False
946,150.18389,2.5722294,0.6970000267028809,2.8044650512048004,7.671282123610675e-16,2.0057686468695112e-16,1.2388388607299666e+42,4.4173802779170325e+41,1.0058293803422484,0.10436062224921813,13.281380872781492,0.09910926445621927,357.16155421984826,False,False
947,150.04378,1.9122292,0.2259999960660934,2.382754680507273,4.75844945060612e-16,2.0193404433788537e-16,8.676136269035598e+40,3.641220953215588e+40,0.37181354882895723,0.06261361144454965,12.852149530124397,0.11665005663063381,310.05732760608197,False,False
949,150.24888,1.7622251,0.4934999942779541,2.6622100819344583,1.6347854008684494e-15,3.9266260013218087e-16,9.744255555402908e+41,3.660212851542647e+41,1.0002219172261761,0.09533549225525749,13.30841935410188,0.10440515957182225,396.18934811730935,False,False
950,150.11882,2.417231,0.8389999866485596,4.06837781738682,1.1655531348106225e-15,2.2515695615747815e-16,3.247125938938147e+42,7.981377553139409e+41,1.322108307623532,0.10134907412245624,13.447392390699163,0.06831923702617464,382.98476179544815,False,False
951,150.41908,2.3872002,0.6019999980926514,8.221596702475905,5.758764050748402e-15,4.480656810198563e-16,4.016305232687547e+42,4.885067193186515e+41,1.7597433126853865,0.054332686423554925,13.592857610125426,0.03380711539090429,471.55722884510146,False,False
957,150.11382,2.317231,2.6330000162124634,2.5330316555832386,4.3962758058276266e-16,1.634234586379357e-16,6.173364247845501e+43,2.4371445316280755e+43,2.016263965722025,0.2974242086151283,13.535557686354352,0.10972956765283004,225.87738421350522,False,False
958,150.21391,2.4172278,0.1894999966025352,2.8536210530630006,7.506011815954374e-16,2.431915657115697e-16,7.115446891805268e+40,2.493479953887969e+40,0.38016123356007747,0.04887722630069799,12.819625414784618,0.09740202474317275,306.5308600059029,False,False
961,149.93364,2.6072198,0.800000011920929,9.795555579279272,4.955154034123645e-15,4.096452928032863e-16,9.996954226704089e+42,1.0205602066972943e+42,2.0627967328480064,0.06767164030174938,13.723913651673925,0.028374957006627666,481.0549671198987,False,False
965,150.2789,1.8172221,1.7125000357627869,2.203640313410095,3.8230018683816334e-16,1.8261333901395455e-16,1.3946323862361297e+43,6.328765986668487e+42,1.4849271508953341,0.2814703119923656,13.462766180098157,0.12613150464104586,280.5131014246485,False,False
966,150.03376,2.2572287,0.2509999871253967,4.4121111121578185,1.1990563619050976e-15,2.5761709641090027e-16,2.0688044956470144e+41,4.688922021810167e+40,0.545455213555621,0.04650435655095437,13.044317957828813,0.06299670641842602,355.9678533341248,False,False
972,149.92866,2.3622191,1.524999976158142,2.548142034452597,3.961565506607315e-16,1.6151249220040644e-16,1.0353486103696146e+43,4.0631510974310053e+42,1.3948181513422249,0.22566090551619336,13.457465422403288,0.10907887576910176,297.7997553487267,False,False
975,150.01377,1.9172274,2.640000104904175,3.3064074596162576,7.71682671142111e-16,2.0301777477446504e-16,9.139875299494402e+43,2.764291882088596e+43,2.4328847503126316,0.2539898203008939,13.624727696564838,0.08406358617710712,241.432792882088,True,False
976,150.49917,2.4571817,1.9959999918937683,2.9827503306177534,7.446707191567992e-16,2.5365393436892767e-16,3.977419581724003e+43,1.33347385495059e+43,2.0370800423560818,0.2753498717970078,13.61507707220928,0.09318529464734505,287.91644463840703,False,False
977,150.15385,2.3472305,1.8485000133514404,2.693407585504491,4.951556096824891e-16,1.6898421410014835e-16,1.9061564437040018e+43,7.077118420407832e+42,1.6972492007380904,0.22985264448478576,13.490864618661382,0.10319584377572757,274.1748207291813,True,False
978,150.32396,2.0722165,0.2619999945163727,2.471479556296044,1.194166270516598e-15,3.067700178370171e-16,1.5394559366895974e+41,6.228883960491864e+40,0.5622440161698534,0.05731554317854122,12.971612624518828,0.11246237813702038,335.24469906681776,False,False
979,149.91864,2.4822178,0.4064999967813492,2.490118153957557,5.440523449584421e-16,1.9427328980142589e-16,3.051273369952895e+41,1.2253528472548546e+41,0.6010230301479911,0.08516535890143362,13.074016020148775,0.11162059437875918,342.7456337680499,False,False
982,149.95365,2.6472221,0.4769999980926513,2.5107355855917364,3.046864142332798e-16,1.9156382096102043e-16,4.962318373235797e+41,1.9764400527530123e+41,0.5590729302175137,0.13948526281930912,13.158568179919552,0.110703998466877,355.5104034428916,False,False
986,150.25388,1.7472246,0.6299999952316284,2.302056378826038,7.749661201467973e-16,2.3833495937887155e-16,9.407841159290276e+41,4.086711883263224e+41,0.936793012379495,0.11432682307186597,13.244829562601264,0.12073920994055945,356.9104125864348,False,False
989,150.13884,2.4522308,0.8889999985694885,3.5099549753810253,6.929401402719433e-16,1.9788645637110395e-16,3.180696909060982e+42,9.061930797889223e+41,1.160192034159914,0.13147697106709805,13.422561270849437,0.0791886136339707,368.28464141061767,False,False
993,150.0888,2.3572307,1.2209999561309814,2.1560019887989124,1.9659830250032273e-17,9.216064171676487e-17,4.379650264336618e+42,2.0313757997860095e+42,0.44509317843726237,0.8279729030509542,13.367927067786496,0.1289184656888575,310.4003193696102,False,False
997,150.28394,2.1672215,2.6365000009536743,2.6448632437835315,2.3268628972634555e-16,1.2991866969990283e-16,6.016549812008094e+43,2.2748056354707e+43,1.634496702762862,0.36214648838177166,13.528669666116423,0.10508992064953426,224.47949063715689,False,False
1000,149.90366,2.2622158,2.323499917984009,2.013064810797995,3.2470274424147255e-16,1.4821254373259603e-16,3.208732024016084e+43,1.5939536605103723e+43,1.6956069735831594,0.3071310009784125,13.468358643151333,0.13807229003615645,233.47071776022588,False,False
1001,150.12383,1.997231,0.8190000057220459,4.4226798082401935,9.016396127716532e-16,2.413822574493282e-16,3.7762669431654174e+42,8.538413601928857e+41,1.1934073557417464,0.12678285587103172,13.490455471598837,0.06284616577944814,399.0612240306688,False,False
1009,149.97868,2.6672246,1.6169999837875366,2.2020976196444115,4.399726196707135e-16,1.9079117266492986e-16,1.2173569339636946e+43,5.528169701033826e+42,1.4997746373301797,0.2580822231759594,13.463341182754327,0.12621986688444972,289.80447879132413,True,False
1012,149.92363,2.6022185,0.659500002861023,7.46792995303963,3.914219102167588e-15,3.6285425628200497e-16,4.221617485209023e+42,5.6529955580136655e+41,1.656606027064248,0.06094046811884738,13.581002063040248,0.03721894422763691,456.4409766110314,False,False
1017,149.85859,2.4572086,0.7329999804496765,2.552705057873693,5.188473233343023e-16,1.9284176931969998e-16,1.3716697172105415e+42,5.373396793255428e+41,0.9168716969481207,0.1352289116378835,13.290372947354049,0.10888389458106913,354.3987060818715,False,False
1018,150.01376,2.0322274,2.462000012397766,4.727468393024291,1.4428848309031002e-15,3.068194863292059e-16,1.3619011838957576e+44,2.8808255723197167e+43,2.874581355578632,0.24256343518678353,13.764997276807275,0.05879435784874066,282.0440113153582,False,False
1021,150.2589,1.9672241,0.2399999946355819,2.512853805033568,5.782821002574384e-16,2.220608756167897e-16,1.147730675281135e+41,4.567439112383231e+40,0.41452445924021025,0.06316578808223315,12.911807029150022,0.11061068012047287,322.8828740608671,False,False
1026,149.92366,2.3722185,1.652999997138977,2.068746676363942,3.3615297635098865e-16,1.6589430647755443e-16,1.0713540059453445e+43,5.1787588020606334e+42,1.3913629175023705,0.2724798577596613,13.42151421807512,0.1343559709817189,277.2424020506359,False,False
1037,150.304,2.5122191,0.4749999940395355,2.638805474455805,5.039608223407651e-16,1.985518181903827e-16,5.0715505985225725e+41,1.9219115041317954e+41,0.6583698222192746,0.10293106527996705,13.164423965495335,0.10533117014826636,357.4006230061753,False,False
1042,150.39906,2.3672041,0.4199999868869781,2.3372789845823325,7.091263470591853e-16,2.0018385440519617e-16,2.9886008243233185e+41,1.2786667077560602e+41,0.6723754824860811,0.07532111729880042,13.06382494547379,0.1189196797864291,338.24520324108624,False,False
1052,149.89366,2.2072143,0.3044999986886978,3.450350068396219,9.361816245551464e-16,2.778349974843958e-16,2.4808822637671473e+41,7.190233496858779e+40,0.5798540107865164,0.06828808955178838,13.0660275264458,0.08055659944884266,354.60568997605725,False,False
1053,150.06877,2.6322302,1.1100000143051147,2.8645205175784083,8.274742747036188e-16,2.4866764073296527e-16,6.796242080615659e+42,2.372558352753929e+42,1.438425476228796,0.1715345464643774,13.51198125667744,0.09703141126496509,361.6378635203522,False,False
1068,150.45914,2.4671915,2.5475000143051147,2.7382342190066904,4.120751280011805e-16,1.6394600480140443e-16,6.193039559267708e+43,2.261690952614809e+43,1.9362989050599324,0.30570060252382597,13.559023223962097,0.10150646226271634,235.27360362866497,True,False
1072,150.02375,2.2172281,0.3735000044107437,4.064976997109505,1.4170409559065969e-15,3.0546774570021633e-16,5.778276933845046e+41,1.4214783842451807e+41,0.7745718207036751,0.06625888290930489,13.235187774915286,0.06837639391704375,393.00027544953906,False,False
1077,150.15385,2.3372305,0.7289999723434448,3.9790882796620712,9.99921623375747e-16,2.251176588516933e-16,2.2750959897532677e+42,5.717631351336801e+41,1.13479651204293,0.10138204680170394,13.409352475386507,0.06985230004539789,388.9189244677498,False,False
1080,150.34903,2.4422128,1.187999963760376,2.502678115964431,3.9543283513562686e-16,1.546624332005109e-16,4.8766552781995056e+42,1.9485747076668065e+42,1.1802276136165732,0.18317969881025667,13.405280630027494,0.11106041429981141,323.427918521051,False,False
1081,150.25394,2.3822246,1.9630000591278076,3.8243884966736914,7.011875048785473e-16,1.8386617799003094e-16,3.516179449527436e+43,9.194095873328965e+42,1.976592864189156,0.205676352815451,13.596713402849677,0.0726778852775627,286.8071305902082,False,False
1085,150.3139,1.7322178,0.5699999928474426,2.463726668340454,5.198372866900713e-16,1.829100132720287e-16,6.4239555911002584e+41,2.607414074641398e+41,0.7620568632103333,0.106403739691408,13.180770527022963,0.11281627624922572,348.21146331586846,False,False
1092,149.99873,2.2972263,0.7350000143051147,2.4231813075221043,6.154510621105188e-16,2.645910251421693e-16,1.960071425098576e+42,8.088835197820609e+41,0.9721370906716381,0.16584735746718626,13.372349083080795,0.11470395036280034,377.1065003074807,False,False
1096,150.09881,2.2022309,3.065999984741211,5.973930341288207,2.0401337100567664e-15,3.0854296679040797e-16,3.5703777912589284e+44,5.976597628838469e+43,3.6527570552177915,0.21921853276550177,13.834252789302411,0.04652690147674954,254.88686456231005,True,False
1099,150.15385,2.0922305,1.6144999861717224,2.4631464657671382,4.1835433680364673e-16,1.7000528988779456e-16,1.2202324336403715e+43,4.95395808003782e+42,1.4734975243634116,0.23761126665923182,13.464739514169777,0.11284285050889778,290.3630235242887,False,False
1100,150.45914,2.4771915,0.9279999732971193,3.1747115886842314,6.53079033537897e-16,1.9134268996920122e-16,3.135519838241567e+42,9.876550201969977e+41,1.1730177718747856,0.13637984262313146,13.4037105288647,0.0875507776545074,357.38814156678774,False,False
1104,150.06879,2.1922302,1.8264999985694883,2.7407469521575933,6.486420469083944e-16,2.23329088287698e-16,2.55609573825253e+43,9.326274124797618e+42,1.8421825112737427,0.2516936794822876,13.565982805399969,0.10141340053275337,292.51054870595505,True,False
1109,150.0888,2.4072307,0.5400000214576721,8.714996747549394,6.34850249071068e-15,4.437884579325139e-16,3.2175581211923876e+42,3.691978567974964e+41,1.6764027844265224,0.046503168145772225,13.56663849303479,0.03189312359711879,473.99530953618415,False,False
1114,150.29897,2.3022198,1.5160000324249268,3.2460890108753975,5.524020973286413e-16,1.6802415750079957e-16,1.3333479556489084e+43,4.107552045497774e+42,1.5511626672460441,0.1872290400582613,13.51927297314202,0.08562564596561224,313.2507860566259,True,False
1120,149.93872,1.9372204,2.268499970436096,2.099799126017573,4.405498726485693e-16,1.8775001937820267e-16,3.713803187649507e+43,1.7686468870443883e+43,1.849424671233163,0.31276706627314027,13.517979697940179,0.13236907520065092,246.37971189413472,False,False
1121,150.41901,2.0522002,1.1130000352859497,2.6579949947872303,6.26383192450428e-16,2.299426226207811e-16,5.515240629356635e+42,2.0749627595886894e+42,1.314194120563429,0.19144250293130594,13.462389356113187,0.10457072679338532,347.7298749582798,False,False
1122,150.48911,2.2371842,0.192500002682209,18.138956404329345,2.731831928947485e-15,3.6701818664210704e-16,9.38231509311158e+41,5.172466863017677e+40,0.5898050912912601,0.03144427493033858,13.416710735164104,0.015323288849833791,484.199519504294,False,False
1129,150.06379,2.06223,3.2144999504089355,2.3194235172283664,3.9110511123022153e-16,1.5851914167782453e-16,1.152331613090626e+44,4.968181121434967e+43,2.1698803136352947,0.3489984188437639,13.537187444472856,0.11983515143030903,195.97946420556005,False,False
1146,150.12883,2.3572309,1.5115000009536743,2.9506197349106817,1.5241191443352833e-15,3.813511024166392e-16,2.352940220356979e+43,7.974393285986089e+42,2.166534073827619,0.21511518625082526,13.652575673631858,0.09420003029515932,347.54435799537714,True,False
1147,149.96869,2.4272236,0.1299999952316284,5.080981531173171,1.241156274316382e-15,2.8362653666416915e-16,7.615138231867182e+40,1.4987533776980468e+40,0.34230383591142083,0.031040708109661922,12.856699804049054,0.054703695873089375,322.20826137579655,False,False
1154,150.27397,2.5422226,2.721500039100647,2.300342609137599,1.5785628593833246e-16,1.1839524126624933e-16,5.685245994739735e+43,2.471477932094272e+43,1.4637718599816287,0.43565752462431717,13.493413072825245,0.12082916141012769,213.7027269646553,False,False
1155,150.36405,2.4522103,3.4670000076293945,3.2946247710380847,3.5690079487280234e-16,1.7532210611543729e-16,2.6316088384098643e+44,7.987582869962716e+43,2.1937589792220376,0.4276392257307294,13.672081075329187,0.08436422589347067,205.38147227985624,True,False
1162,150.18885,1.7872292,0.7879999876022339,7.259358970351397,4.023875796776526e-15,3.819428911029511e-16,6.879643420116371e+42,9.476929641052528e+41,1.9044106662475127,0.07173216330153627,13.64208582440864,0.038288293712058545,453.9719012922771,False,False
1163,149.80857,2.3021991,1.3579999804496763,2.3643936616202277,3.9873118070020966e-16,1.7636051266884503e-16,7.603577053523032e+42,3.215867635304264e+42,1.2951663222161218,0.2273244537560939,13.445293052618451,0.11755591842841168,313.1201471014542,False,False
1173,150.0938,2.1972308,0.5049999952316284,6.280173459065535,1.9474419193424817e-15,3.0319459739499947e-16,1.682701193853685e+42,2.6793864927801918e+41,1.0782873227731984,0.06661789455679239,13.430476875904432,0.04425808781075273,433.0758126783661,False,False
1174,149.84867,1.9322069,0.3379999995231628,2.129254819856823,3.982279543363764e-16,1.8257226964837145e-16,1.8260927595494575e+41,8.576205828066408e+40,0.4722232714947955,0.08591122596075712,12.981953433555784,0.13053790735895635,328.1357856041038,False,False
1175,150.38898,1.992206,0.7974999845027924,2.646784181020315,4.663969461471885e-16,1.8102468024384746e-16,1.700209300756493e+42,6.4236793953524214e+41,0.9411023082039917,0.14495005642071018,13.314051491188438,0.10501365030485187,351.57129182092626,False,False
1176,149.85864,2.1522086,0.593999981880188,2.290425344831909,3.8322529571287543e-16,1.7540755652559733e-16,6.245134434671273e+41,2.7266264970228024e+41,0.7103069256119503,0.12901483137926928,13.164458175270095,0.12135233704309162,340.52808920176454,False,False
1180,150.36396,1.9522103,0.3070000112056732,3.1066564869290074,8.270716598723811e-16,2.663002033008154e-16,2.5692856829398318e+41,8.270259984487769e+40,0.5599363003689618,0.07154288363174685,13.073183283872156,0.08946868428727983,356.213452339513,False,False
1182,149.89861,2.532215,2.1024999618530273,6.501325980858177,1.9176058157222633e-15,2.743800897395236e-16,1.0642527756255651e+44,1.6369780238047427e+43,2.875839951279845,0.16328918729520842,13.810941584646091,0.042752581432840546,323.94119650681495,True,False
1191,150.19887,1.9822287,0.5860000252723694,7.374300668701531,2.3610067139602437e-15,3.642391935682175e-16,3.256353026817195e+42,4.415812662260996e+41,1.2839444590501645,0.07860228119385179,13.550721916507722,0.03769150200204982,459.54232309867143,False,False
1193,150.18887,2.0372292,1.006999969482422,2.292476662928137,2.1588740273014114e-16,1.539844085720874e-16,2.84024806088785e+42,1.2389430639874236e+42,0.8613782068734822,0.24380510040009323,13.349601344841366,0.12124375044370699,332.30724709991097,False,False
1196,150.314,2.4622178,0.7680000066757202,2.8777218530224964,1.1405266015157414e-15,3.5687196132366685e-16,2.398499595454655e+42,8.334716549952491e+41,1.2312475684695368,0.15288041522124585,13.40578687953424,0.09658628686651888,381.7552742063478,False,False
1198,150.20391,2.5572284,3.4915000200271606,2.353609676876576,2.6143843971047424e-16,1.582212688216302e-16,1.5009816486197773e+44,6.377360117807202e+43,1.9864684325050006,0.47706389223831336,13.536520771144632,0.118094546920346,184.1005832414117,True,False
1199,150.38407,2.5022069,1.274999976158142,3.535835314950927,8.833278263955511e-16,2.1636730815166897e-16,9.130445279591588e+42,2.5822597678643033e+42,1.6157257647921506,0.15704960192838652,13.518184011309444,0.07860899721285201,341.3906967291458,False,False
1201,150.13884,2.5922308,0.3479999899864197,2.7991585367200615,3.918564014953357e-17,1.2764316635197862e-16,2.6629142760538106e+41,9.513267080520934e+40,0.22394846902997334,0.2894797440777416,13.065537839202243,0.09929715118735996,348.50665098342347,False,False
1204,149.97372,2.1872241,3.424999952316284,2.453100705511089,4.3116088235429165e-16,1.7631001305851399e-16,1.6381932952537173e+44,6.678051543393155e+43,2.3200831701396454,0.37647889792963063,13.57135812507253,0.11330495637364064,191.86270214821283,False,False
1208,150.26391,2.0322236,2.555000066757202,2.1079221959542256,2.6203416110105545e-16,1.3934637574405415e-16,4.539345335536389e+43,2.1534691101259999e+43,1.669574031367731,0.35232454880846714,13.484963122416024,0.13185897892794748,221.82565355988203,False,False
1212,149.79857,2.277197,0.248999997973442,3.2116246756386375,1.0161819765921845e-15,2.633814257323001e-16,1.5781057738936347e+41,4.913730380340365e+40,0.513333227906576,0.052797394684686354,12.982277906018366,0.08654450519278391,339.67184792870825,False,False
1214,150.35903,2.4072112,1.8389999866485596,2.7145648005756438,4.704917539872391e-16,1.7136569770055866e-16,1.9376047045885942e+43,7.137809729860605e+42,1.6634277937703281,0.24042260042852734,13.49770853905023,0.10239153928435968,276.4613159657598,True,False
1215,150.27397,2.5422226,0.3930000066757202,3.14393374329637,6.353240472013674e-16,2.0253050114786168e-16,3.3913891618801647e+41,1.0787088529176004e+41,0.6169129967388313,0.07804022673861484,13.103887711452815,0.08840786451391817,352.5862092004569,False,False
1220,149.95365,2.6522221,3.0899999141693115,2.5113013992578153,4.4224039457218825e-16,1.999179967163008e-16,1.3467984038587989e+44,5.362950079416308e+43,2.2112241618955566,0.39666667233987357,13.602435948862036,0.11067905608630867,212.12832430138045,False,False
1225,149.93866,2.4722204,0.210999995470047,5.90410887689731,8.87333857455913e-16,2.798688981856481e-16,2.4396457437950783e+41,4.1321150992682e+40,0.43459040556085227,0.054393521754145586,13.097501561525176,0.04707712445915241,376.40370214309183,False,False
1229,149.96869,2.4472236,1.180999994277954,4.146974895371774,9.155557053801582e-16,2.223869637042251e-16,9.223077965258755e+42,2.2240496260423858e+42,1.5521890698152332,0.14961275912083968,13.555725072421582,0.06702439137702162,363.979647906479,False,False
1231,149.95368,2.3872221,0.9629999995231628,3.7926855088321894,4.500630972248056e-16,1.9982429515163265e-16,4.8017501984813897e+42,1.2660554605171847e+42,1.0645446459725543,0.18755913641728653,13.488695406093797,0.0732853983729499,376.215548475951,False,False
1232,150.24893,2.2872251,0.875,2.2910041375893027,4.864790599807609e-16,1.7728213673914428e-16,1.8354520257345875e+42,8.011561374419571e+41,1.0202908842008849,0.14754493044151007,13.300640787574062,0.12132167893443921,337.27132877531056,False,False
1241,150.37907,2.4922078,0.33918,6.131884671002965,2.9286332397754324e-15,3.5510463601405688e-16,7.35952646859402e+41,1.2002062764481602e+41,0.916658634985787,0.04410607869596251,13.304761430721465,0.04532839140508792,420.1994392011749,False,False
1243,150.24895,2.5472251,1.2899999618530273,2.1640970916924926,3.207125192439229e-16,1.413031233356607e-16,4.752667434186678e+42,2.196143348850269e+42,1.1643652645774523,0.20357504924988926,13.36120746851931,0.1284362284322021,300.9631613853878,False,False
1245,150.38906,2.417206,2.6700000762939453,7.153957219981331,2.3110204900197595e-15,3.0772898789736557e-16,2.51671957291164e+44,3.517940484578699e+43,3.521052424981585,0.18605295107885764,13.851797258353756,0.03885240851619272,285.15003677152004,True,False
1251,149.73855,2.167183,0.5370000004768372,2.5949186629021623,3.808048089155187e-16,1.8982106199817777e-16,6.376556328376606e+41,2.457324161846773e+41,0.6575820337885753,0.1300742627300864,13.19245781434519,0.10711259369772427,356.10443335281116,False,False
1253,150.0938,2.2022308,1.0950000286102295,6.060484993319678,1.5381305386039646e-15,2.862612667767899e-16,1.3529510996114067e+43,2.2324139092873448e+42,1.7496462480078465,0.1292168360648761,13.677437586044896,0.045862413441243866,412.98750981433136,False,False
1257,150.39901,2.0772041,3.5299999713897705,3.417416440048753,3.501850050602721e-16,2.2140551534870832e-16,3.387173539295267e+44,9.911503613083063e+43,2.2013108570275857,0.5522957793738579,13.716951469320634,0.08133292307042217,209.69000816633906,True,False
1262,150.29898,2.4322198,0.3689999878406524,2.4879387355958493,8.851017343588029e-16,2.893347237910381e-16,3.563751013524048e+41,1.4324110809225964e+41,0.6568250069646733,0.08520331734594569,13.124871730813364,0.1117183733029157,361.73788021110954,False,False
1272,150.33902,2.4322143,0.5199999809265137,3.143068449053895,7.88632237825813e-16,2.327150927522433e-16,8.280353555329659e+41,2.6344808232929684e+41,0.8170058165558142,0.09566974839554121,13.259943441828296,0.08843220340993443,377.6370998963664,False,False
1274,150.09381,2.1572308,3.0739998817443848,2.865081675742721,4.016400629017254e-16,1.8858619887931118e-16,1.6127485713164492e+44,5.628979393400272e+43,2.1356670028987916,0.39792926291090674,13.648027536192949,0.0970124065821014,220.518690586238,False,False
1296,149.93872,1.9372204,2.0280001163482666,2.0932045220835254,4.846081703072947e-16,1.927467010637372e-16,2.5515819883596326e+43,1.2189836021469364e+43,1.7842167015801211,0.2816068932313336,13.502287531049666,0.1327861016377979,261.4544462429327,False,False
1298,149.94372,2.012221,2.6600000858306885,2.273874527633009,1.212140765092676e-16,1.2211763634139854e-16,5.812481697631222e+43,2.55620159643625e+43,1.323776486625753,0.5292239068818386,13.51450623323824,0.1222356225202152,220.68760314809572,False,False
1305,150.35401,2.282212,0.3729999959468841,3.38349820431629,6.338883607547122e-16,2.01507800150273e-16,3.428603410758714e+41,1.0133309384898987e+41,0.5928456501555353,0.07478597866784716,13.11432829238571,0.08214825356298563,358.25504404062707,False,False
1310,150.30897,2.2372185,0.2399999946355819,2.2522977363914043,4.3920436631269686e-16,1.8843013835471855e-16,8.7475949854111e+40,3.883853739260227e+40,0.3784334630977829,0.06442771209603353,12.848816336292662,0.12340662778598968,307.6437614782464,False,False
1314,150.11882,2.552231,1.562000036239624,4.430128944269284,1.4840912103833901e-15,2.813962447728935e-16,2.703513933671364e+43,6.102562628946883e+42,2.193791330043681,0.1650640434721171,13.66724347568942,0.06274049173616697,345.3585064761085,True,False
1316,149.7986,2.162197,0.6499999761581421,3.528612872950263,1.0027085573792297e-15,2.5675076482691568e-16,1.650054660904932e+42,4.676213345912684e+41,1.0440478610736506,0.106085711100307,13.366993335277524,0.07876989582756048,388.8061474975266,False,False
1317,150.48911,2.2421842,0.9599999785423279,2.0516942741587423,1.595175556265929e-16,1.2373790627500856e-16,1.9556455785684326e+42,9.531856686446653e+41,0.7534334608783853,0.23192023380097682,13.281546449701494,0.13547265395184108,321.29409051508867,False,False
1328,150.39899,1.9972041,2.630000114440918,2.442278269115332,4.539550512014232e-16,1.696582615084268e-16,6.249042651964846e+43,2.558693958419587e+43,2.036454909389912,0.30202049657605173,13.539173155620734,0.11380704317479869,226.6841133016585,True,False
1329,149.78356,2.2921937,0.8500000238418579,2.3275241525056756,9.001364563062587e-16,2.3712678785695e-16,2.0304300023393627e+42,8.723561472621117e+41,1.2251191643533608,0.1280707815252738,13.334076566827243,0.11941808127699047,349.53132101319835,False,False
1334,150.11382,2.407231,3.2764999866485596,3.854029667250448,3.787507086062729e-16,1.624777064453115e-16,2.172511873617242e+44,5.636987935194494e+43,2.169565910016316,0.36932833939574977,13.670063415587043,0.0721189228977513,213.96139431244492,True,False
1335,150.23392,2.3522263,1.2225000262260437,2.9884050117186067,6.123452262371657e-16,2.220446294549541e-16,7.415124521774856e+42,2.481298382480787e+42,1.3909835290968768,0.20015451152370606,13.489488209118935,0.0930089687736922,340.5632930726438,False,False
1336,150.0838,2.2872306,1.2209999561309814,3.5535526821833523,8.437769572553152e-16,2.3688605484956848e-16,9.756311912145786e+42,2.7455092930130334e+42,1.5454779914430352,0.17217659630826174,13.553690784296307,0.07821706705282491,357.9673348100337,False,False
1346,150.05377,2.3672297,0.8159999847412109,7.574426727606321,4.205200804427384e-15,4.3159717000536363e-16,8.838408145795188e+42,1.166874862434416e+42,1.9818868903439104,0.080717959313713,13.688891420450005,0.036695644226783446,465.2764757598591,False,False
1348,150.06378,2.33223,0.3770000040531158,2.1927477850293537,5.583768116785771e-16,1.9718684535762647e-16,2.271797937609692e+41,1.0360507273659292e+41,0.5730116261897445,0.08029961397289573,13.017291418844973,0.1267580659826594,332.0158008667135,False,False
1350,150.29397,2.3722204,2.319999933242798,2.6020106095108506,1.1109668930722972e-16,1.2760357374824882e-16,4.471657842096988e+43,1.7185394347556528e+43,1.1876946508172967,0.5413348416741641,13.546326267844885,0.10682065146165272,248.11532817148458,True,False
1352,149.75856,2.1871879,2.438999891281128,3.0724663091636493,5.040552522884213e-16,2.2808767229273986e-16,8.0929601401081e+43,2.634027301119885e+43,2.018140985151076,0.36238868590570383,13.650609069744455,0.09046428518649599,259.9781471237812,False,False
1359,150.37398,2.0072086,0.3904999941587448,4.292741073767633,1.4130459206458794e-15,2.6837708751794606e-16,5.517903640010106e+41,1.2854033227695184e+41,0.8000285269926188,0.060296776098629566,13.217772730488637,0.06474848206349716,385.1756268891466,False,False
1362,150.12883,2.4372309,0.2184999957680702,5.381427560101762,2.567115989265893e-15,3.2882423576183144e-16,2.1194967483190314e+41,3.9385399592351887e+40,0.6338018445532639,0.03221597545420228,13.062096446512088,0.05164957909659667,365.29239037148557,False,False
1364,149.91866,2.3422178,1.2929999828338623,3.827394054225254,7.899555906961032e-16,2.2394525173658335e-16,1.1470977311081168e+43,2.9970724593716127e+42,1.5718051743892256,0.1768224301352568,13.564457610106857,0.07262081313818203,351.3838842580214,False,False
1367,150.17388,2.5172299,0.8999999761581421,4.6949665163400045,9.637859150527945e-16,2.2804983322337466e-16,4.8562382379644667e+42,1.0343499194431282e+42,1.3055424485666935,0.12258565167187058,13.51631580716979,0.05920137395032117,394.02567934313294,False,False
1372,150.4091,2.5072022,0.8790000081062317,7.082537407836064,2.4021491927162062e-15,2.870010953230211e-16,7.294383242276229e+42,1.0299110081940096e+42,1.736962901668756,0.0823518915837931,13.619061439850066,0.03924419348785382,429.95515759990406,False,False
1374,150.41402,2.0722012,2.4800000190734863,2.973997860352219,7.168097539672827e-16,2.509426431721257e-16,8.934455229445068e+43,3.004190200858764e+43,2.289882552536144,0.31811432703426934,13.662301346463027,0.09345953879911767,259.384520277214,True,False
1381,150.47415,2.4671879,0.5720000267028809,2.265051925146729,-2.3371013510281244e-18,4.4023014018770996e-18,6.050771139840415e+41,2.671360895820721e+41,0.0004567656516744076,0.0,13.166076547850148,0.12271174242509947,344.02566535313576,False,False
1384,149.81861,2.1522012,2.2375000715255737,3.5900082177919357,1.7714624115909415e-15,3.225422572877019e-16,9.528197160236175e+43,2.654087841084824e+43,2.9079805015115627,0.21010947077886966,13.745459526102525,0.077422794477344,296.02222572423574,True,False
1385,149.89866,2.212215,1.3089999556541445,2.4735548590019003,4.0663560616914096e-16,1.629596341226825e-16,6.718247404409737e+42,2.716029272591353e+42,1.2720023004570156,0.20228421425399423,13.434485154242317,0.11236802264827699,316.1514807341151,False,False
1390,149.86361,2.3222095,2.153999924659729,2.0276188829881976,1.404706840000901e-16,1.415029936075457e-16,3.2235790907035316e+43,1.5898348144957054e+43,1.2280517091290828,0.4909034041786503,13.518575547086515,0.13708121913347704,254.87969402884934,True,False
1391,150.00373,2.2972267,0.2179999947547912,2.6051392593798415,7.090900936431675e-16,2.6441631202535387e-16,1.1323622902671325e+41,4.346647827712265e+40,0.4132471586574955,0.06114995769055018,12.916891118317315,0.10669236487735682,326.82838598670446,False,False
1393,150.00375,2.0522267,1.944000005722046,2.1187330026968856,3.6642221674286234e-16,1.6590220023252079e-16,1.948177204159859e+43,9.195010422172449e+42,1.5848615928280845,0.28474830541356305,13.46568900334915,0.1311861702556608,260.91048477937267,True,False
1395,150.4241,2.4471991,3.0199999809265137,17.800630241253156,2.112223950903581e-14,8.278423050114442e-16,1.7773161616922902e+45,9.98456873495041e+43,7.853934496050886,0.12215025767295504,14.217512695832744,0.01561452963468296,345.84750547978786,True,False
1403,149.95866,2.6172226,0.8790000081062317,2.672970425154895,5.426932055940743e-16,1.8384351596824213e-16,2.249122300460142e+42,8.414317941171413e+41,1.0613733069263074,0.14267949161056737,13.346180216283878,0.10398486485385429,348.7086777641544,False,False
1404,150.02376,2.1472281,2.6234999895095825,3.1355933416464605,5.951858901211141e-16,1.801033028005494e-16,7.97919637749041e+43,2.5447165841029105e+43,2.224388211393387,0.2671032019002579,13.59757188912923,0.08864302163370903,237.48258504307216,True,False
1406,149.89361,2.4922143,0.4800000041723251,3.0510599572684307,7.966939765794135e-16,2.0643809536605839e-16,5.618099042190615e+41,1.8413597637787547e+41,0.7721972894873317,0.07940101276801963,13.186146283827888,0.09109898602809635,362.6755146660176,False,False
1410,150.19386,1.8122289,1.6139999628067017,3.5353988223963215,7.527318510962324e-16,2.0592960157583653e-16,2.1055632939092696e+43,5.955659883605727e+42,1.789501091586673,0.19427186658438886,13.591437573256426,0.07861870255126845,320.07226995665434,True,False
1415,150.22892,2.4722267,2.740000009536743,7.201968170933909,2.4002508716953064e-15,3.145750153483842e-16,2.7578397101693203e+44,3.82928616832765e+43,3.618587429493416,0.1881941502078171,13.854912387937683,0.03859340416691099,280.7002666846393,True,False
1416,149.70358,1.9621737,0.283500000834465,2.14221590136591,4.1865642586641514e-16,1.9494209924175701e-16,1.2868741121377503e+41,6.007210157095834e+40,0.4212587623767162,0.07783882718573867,12.921857991987817,0.12974811186904964,320.0418119544978,False,False
1417,149.86361,2.3322095,0.3350000083446502,3.8919381002605125,1.811226665231806e-15,3.3889705189799513e-16,4.530909532855111e+41,1.1641782104786889e+41,0.7746197808839672,0.05751525237728345,13.193889378266219,0.07141646687532781,386.5530093270832,False,False
1424,149.82358,2.3522022,3.01200008392334,2.1922553132767577,3.513090026258405e-16,1.6135502998069508e-16,9.044333371637583e+43,4.12558396682321e+43,2.0200187660659226,0.3681697414525808,13.528717919639583,0.12678654111807458,204.23181862910067,False,False
1426,150.17888,2.5722297,1.0479999780654907,2.477151109323709,6.758637015403122e-16,2.1020328496399276e-16,3.55022159508173e+42,1.4331873343209093e+42,1.2925431329928105,0.15952357730685535,13.385342208976759,0.11220489027573465,336.11549532336727,False,False
1427,150.09881,2.2372309,2.1700000762939453,3.3172419873855437,5.670298240168457e-16,1.6089301987165025e-16,4.0457737705219643e+43,1.2196197280472165e+43,1.9580179383189276,0.22046894640384831,13.56653571573326,0.0837890239768561,263.18782893958524,True,False
1428,150.35903,2.3922112,0.9819999933242798,4.631814858908998,1.5069202337259354e-15,2.5229506644719026e-16,5.981520047900137e+42,1.2913987778235714e+42,1.6104068968841645,0.10699255899422233,13.532158311916552,0.06000854457372475,386.0688073399634,False,False
1433,150.09881,2.3622309,1.6390000581741333,4.905053446693214,1.5775292960656077e-15,2.619481265711174e-16,3.3827280485273145e+43,6.896414249691431e+42,2.3089338163556206,0.15214189005380666,13.692907802224934,0.056665736966732265,343.0683319964037,True,False
1441,150.49411,2.252183,2.7200000286102295,2.8593677669604496,3.6862931650029207e-16,1.7479618326644678e-16,8.530382622000792e+43,2.98331075861176e+43,1.9377589234692307,0.3646206653018729,13.587907663706549,0.09720626763361202,229.86680185162257,True,False
1446,149.91363,2.5422172,0.6610000133514404,6.372984857319538,6.5924405198306625e-15,4.585357830593605e-16,3.7259387988756643e+42,5.84645795069845e+41,1.97203115925502,0.054430239412060336,13.551423197766887,0.04361354602919699,445.92212159590514,False,False
1449,149.98374,1.9672251,2.5399999618530273,2.127837529635402,4.3515637598066086e-16,1.692222835369667e-16,4.8283921451397255e+43,2.2691545185628227e+43,1.9681962002432065,0.3037246555801414,13.503308949264484,0.13062485483358624,225.88017055178543,False,False
1469,150.22387,1.7972271,2.506999969482422,2.540469428000973,4.491031601465352e-16,1.7749185777203527e-16,5.850664803781548e+43,2.302985715669595e+43,1.973834353349297,0.3095583239857801,13.556763952179534,0.10940831066673823,237.44952180618864,True,False
1472,149.98871,2.4122255,2.038000106811523,2.0206618692287006,2.6413408272716374e-17,9.478049159022786e-17,2.0858658003073895e+43,1.0322686007350539e+43,0.6828885119060883,0.9723973766437758,13.452491112039338,0.13755318128716695,250.8816296829239,True,False
1475,149.88361,2.4572128,0.31700000166893,9.331750381500875,5.079477966745541e-15,4.461070218496092e-16,1.0600809307046033e+42,1.1359936639605062e+41,1.0459569751652427,0.03645299852838572,13.398030194238121,0.029785244681328177,455.3090250075941,False,False
1476,150.11882,2.157231,2.869999885559082,4.454756029164047,7.630321773770949e-16,1.970292720243678e-16,1.729845115027333e+44,3.8831422051006136e+43,2.541780135696006,0.2604505869832782,13.713891691283207,0.0623936454877506,243.75894656203636,False,False
1480,149.81358,2.2922002,2.4660000801086426,2.320587078976867,3.451718966157747e-16,1.6146231255833416e-16,4.855050910625442e+43,2.0921649330073858e+43,1.7918087640644265,0.33260353081016064,13.524676811987575,0.1197750650842316,234.27906966187203,True,False
1484,150.24895,2.5522251,0.6589999794960022,4.756502756790552,1.819144408103694e-15,2.6458509020003434e-16,2.021310897510338e+42,4.249573690721913e+41,1.2846506102849065,0.07414513808337336,13.4103953487056,0.05843546879506631,400.50172282345267,False,False
1486,149.90862,2.5672165,0.8289999961853027,2.453170405587757,5.403713971327093e-16,1.956183967722915e-16,1.8321545329223843e+42,7.468517183923133e+41,1.016179698417231,0.14597796856521203,13.318686202494883,0.11330173712554925,348.3615770588849,False,False
1487,150.41911,2.5122002,0.2468,8.231720906434438,4.107361726818013e-15,3.8599809757198026e-16,4.351556279832253e+41,5.286326309278537e+40,0.8098714873099415,0.030202144477186436,13.218355669522062,0.03376553597690842,407.48672054374566,False,False
1488,150.12383,2.417231,0.7084999978542328,2.1711359619995574,3.696080874173305e-16,1.5604377906288193e-16,9.094093030544721e+41,4.188633595368807e+41,0.7993346319294486,0.1339161893715104,13.205006342261097,0.1280198353686234,335.25118705921875,False,False
1490,150.05876,2.6372299,2.801500082015991,3.4212606857840857,4.628768290229201e-16,2.0610340739822761e-16,1.4100704269116726e+44,4.121493672700104e+43,2.124854355186387,0.37544675689214196,13.683669592357253,0.08124153461120451,242.30068762943117,True,False
1498,150.20888,2.1172281,1.156999945640564,2.2076187164464964,4.107608165504895e-16,1.819361645736111e-16,4.6581369316575537e+42,2.11002783087269e+42,1.1737459502255871,0.2063020732944347,13.406400776363157,0.12590420000854227,327.5394515387488,False,False
1501,150.01875,2.2122278,2.309999942779541,2.7024811603573298,5.884782832158697e-16,2.1305389569238084e-16,5.968725150209201e+43,2.2086093467604413e+43,2.057500377147682,0.295595910782841,13.616145884263707,0.10284936394573423,262.520419743611,True,False
1503,150.44405,2.1421949,0.8790000081062317,3.3283095463396313,1.1984953821588112e-15,2.9104547182433377e-16,4.0671644463250124e+42,1.2219910407065202e+42,1.3797569546683786,0.13296169191126053,13.48357724411712,0.08351040206694717,387.4911289327371,False,False
1512,150.14885,2.3722306,1.2680000066757202,2.078107901712813,2.725555907850319e-16,1.2859795649331947e-16,3.9863686092856126e+42,1.918268346893815e+42,1.0905879693525213,0.2041921933887097,13.328570677031415,0.13375073940529802,295.9212310310776,False,False
1514,150.06879,2.2172302,0.6010000109672546,3.36808937183291,1.4494245978866236e-15,2.7345864246494426e-16,1.2692085285293558e+42,3.768333878381184e+41,1.1130772959616135,0.08333372778543614,13.32608801798572,0.08252407752078796,384.4045471070322,False,False
1517,150.1989,2.5772287,0.9100000262260436,2.6574720351415233,6.043781183227562e-16,1.799955943476969e-16,2.3341083144468203e+42,8.783190504288854e+41,1.127468528505259,0.1332468743583269,13.342410641902955,0.1045913050984482,343.4170751005634,False,False
1527,150.02875,2.2372284,1.5049999952316284,2.9371059178874135,5.258211667683196e-16,1.8329970215981416e-16,1.3025251169632776e+43,4.434723000729069e+42,1.518821595273061,0.21010186983394022,13.517695587656776,0.09463345081474024,314.0793308327128,False,False
1532,150.38898,1.967206,1.3899999856948853,2.1531454872236484,4.500634699185664e-16,2.168643579988149e-16,9.062389698990768e+42,4.208907272065565e+42,1.369166522830725,0.26180030469861093,13.474422116392853,0.1290894972343365,316.508322257584,False,False
1546,150.48414,2.3971855,1.1604999899864197,3.549138487867777,6.770547136352647e-16,1.8924704389214754e-16,7.153250448654977e+42,2.015489244251061e+42,1.3878412926930486,0.15393756147274648,13.504556769562177,0.07831434850125132,352.6982458505237,False,False
1552,150.05877,2.4572299,0.1829999983310699,4.485870012997567,3.0806952195571463e-15,3.898791184955717e-16,1.554903184004323e+41,3.466224343324873e+40,0.5915762893907903,0.029709234312505585,13.003302240239645,0.06196088330975719,353.7799666008026,False,False
1558,149.86362,2.2922095,1.0099999904632568,2.5700342462442727,8.201354719923683e-16,2.3450262118621264e-16,3.8844432267938674e+42,1.5114363680057613e+42,1.3428913425215434,0.15237104235756954,13.421040706587133,0.10814971388971255,350.6238914196097,False,False
1559,150.25392,2.1372246,1.8650000095367432,2.7323527442098112,5.024813113374838e-16,1.8253098868389348e-16,2.160417814547702e+43,7.906804196954038e+42,1.7149763802559215,0.24721470184017236,13.514628054784064,0.10172495809960405,277.7501644093099,False,False
1561,149.92366,2.3822185,3.1850000619888306,2.020134527159312,2.2223846507607273e-16,2.333557528989944e-16,1.506110757149312e+44,7.455497329017915e+43,1.790395551947799,0.746015296642601,13.606104341794783,0.13758908858853516,208.03980827497503,False,False
1567,149.83858,2.392205,2.9259999990463257,2.201117563243382,1.940758645567958e-16,1.4666680834352084e-16,9.029822627649311e+43,4.1023808897984173e+43,1.6329773130634397,0.4897110707878579,13.549270108760306,0.12627606678514686,211.86946137960618,False,False
1570,150.43411,2.467197,0.6690000295639038,5.666092557183214,2.2525636916985625e-15,2.90927074153924e-16,2.799203656750202e+42,4.940271674880247e+41,1.3942352943495626,0.07145664003953517,13.48183720896776,0.04905469962111909,421.35218520015616,False,False
1582,149.70855,2.0821751,1.2100000381469727,2.730073460430968,6.15320115611217e-16,2.0838093784035276e-16,6.514040719372439e+42,2.3860312968809768e+42,1.3835156589102728,0.18592612306564058,13.46413228772913,0.10180988623441815,335.57337600065813,False,False
1583,149.79359,2.1521959,0.2319999933242797,4.783838876106072,2.5919764401178395e-15,4.035783737503953e-16,2.7506358032261283e+41,5.749850432807801e+40,0.66442579269177,0.04105279955328726,13.117521092030097,0.05810155308665503,379.2475437941122,False,False
1584,150.25888,1.7472241,1.5169999599456787,2.1692705118852227,4.386159517015996e-16,2.0049306522084984e-16,1.0641004592619171e+43,4.905337777984875e+42,1.4377203529646247,0.26078872642746725,13.466608801067395,0.12812992519615626,300.73612486564326,True,False
1585,150.1939,2.5672289,0.621999979019165,2.8914245087519546,9.317835836072056e-16,2.0178691440535281e-16,9.243061281091495e+41,3.196715409001337e+41,0.9863670832816731,0.08476488451741629,13.243989767290188,0.09612855793978657,357.8477216068221,False,False
1588,150.13383,1.9872309,0.722000002861023,2.270257382670511,6.076701602538128e-16,1.8798211231147522e-16,1.0805865791138315e+42,4.7597536180797874e+41,0.9555009013008321,0.11729491229557122,13.239519285939204,0.12243037751566717,342.36225282989926,False,False
1591,149.8937,1.9472143,0.7800000011920929,2.523436245878308,3.1576386589010955e-16,1.8744511033028846e-16,1.7452274728931936e+42,6.916075156421274e+41,0.8138725612683012,0.19172005800149042,13.327185857534984,0.11014681622017293,357.6600995143527,False,False
1593,149.86863,2.2772103,0.3880000114440918,3.984576447608512,1.2987114234246194e-15,2.7113296356329776e-16,4.935772280235922e+41,1.2387194335795224e+41,0.7742590193263064,0.06414390457705753,13.192905330261404,0.06975608877698959,378.26938898191577,False,False
1595,149.96369,2.3522231,0.8140000104904175,4.418104805090134,1.430365820552505e-15,2.4986663596889797e-16,3.51777130206265e+42,7.96217259945893e+41,1.3842969272573202,0.09595991620595112,13.476024883514429,0.06291124377535239,395.46359097675355,False,False
1596,150.30397,2.2722191,0.2930000126361847,5.973019246596947,2.4136134836169477e-15,3.073822338240727e-16,4.174684084176176e+41,6.989235948895777e+40,0.7710680665896524,0.038967560258916935,13.19115692814035,0.04653399845922793,392.0896022477845,False,False
1612,150.16385,2.0722302,0.7744999825954437,2.2455070453926216,4.736792594544206e-16,1.629418085493227e-16,1.1784124630547145e+42,5.247868028170322e+41,0.9260664999752575,0.1264124348989688,13.238328249663724,0.12377982468965375,334.826655990324,False,False
1613,150.0938,2.3972308,1.6670000553131104,9.289547170585854,6.2764363110106166e-15,5.036356189722503e-16,1.100565683129545e+44,1.1847355559099193e+43,3.6871912337293393,0.11740820083763351,13.957080812670855,0.02992056160693914,416.2294701928636,True,False
1618,149.89864,2.332215,0.9335000216960908,2.358965175731889,3.5871868310803257e-16,1.572602517520912e-16,2.171113008143148e+42,9.203667059093156e+41,0.9659739377692755,0.16804664193335886,13.316280076958133,0.11782643986333763,333.4621578736056,False,False
1621,149.86861,2.3472103,2.1029999256134033,4.02812335816578,1.6601526969947248e-15,4.020324973256153e-16,9.75875319379556e+43,2.4226549998804514e+43,2.74217349674894,0.2635163173792276,13.790684691396494,0.06900197528822602,318.8956923402518,True,False
1627,150.36905,2.4322095,0.7900000214576721,2.9846835937944016,1.3372996835312614e-15,2.2213351333330694e-16,1.8080255878591363e+42,6.0576792515571454e+41,1.3247786464012448,0.08732289437559158,13.331341433322468,0.09312493592150839,357.35151483544826,False,False
1632,150.40908,2.3972022,1.7480000257492063,8.36216002708384,4.159915363734079e-15,4.320091376847771e-16,9.829319834740005e+43,1.1754522519186723e+43,3.315948476241315,0.13665189898203245,13.903932357891978,0.033238836319544926,388.9616192053153,True,False
1633,150.21388,2.0672278,0.3729999959468841,4.115165965162212,1.3438096358815904e-15,3.775682178444171e-16,5.312697026957168e+41,1.2910043171849942e+41,0.7603197374475877,0.08477219003027478,13.215901473398528,0.06754246870505623,387.3022685148998,False,False
1645,149.89365,2.2172143,0.9409999847412108,3.4685676918896458,1.0252493728124127e-15,2.2462406942856207e-16,3.992673856755978e+42,1.151101610642289e+42,1.3754692302363405,0.11958511275811566,13.454603010306935,0.08013349979243369,369.7089507374085,False,False
1657,149.91369,2.0722172,1.7580000162124634,2.0995207272624574,4.691514339969071e-16,2.2409869302556647e-16,1.734360551906623e+43,8.260745080464325e+42,1.61561242730138,0.30624070781552604,13.498309578981717,0.1323866274854524,283.9687316702821,False,False
1659,149.8286,2.2622031,1.2350000143051147,3.6340522890311973,1.6136329648555511e-15,2.9921454314619744e-16,1.04614315389338e+43,2.878723448892012e+42,1.9304597179553176,0.14204898795671492,13.56463235329808,0.07648444389670007,359.0955549035388,False,False
1660,150.48915,2.4071842,0.8870000243186951,2.412198950580368,7.035158683040544e-16,2.7717334866016715e-16,3.114818859686652e+42,1.2912777608734287e+42,1.1641489899959188,0.1820059542533643,13.418506038211989,0.11522617914712534,367.4341888143443,False,False
1675,150.06877,2.5872302,0.4860000014305115,3.179968790981099,1.7560995795595765e-15,5.227526982290645e-16,1.0876681124525454e+42,3.4203735443484435e+41,1.012561748529848,0.11961017353923614,13.336946138352543,0.08740603656437998,406.19132858411797,False,False
1676,149.84363,2.152206,0.3540000021457672,2.810500616499679,4.788457514089533e-16,2.290612646694699e-16,3.0882391003679022e+41,1.0988217124869841e+41,0.5195720864968627,0.09862824059146134,13.097553664422268,0.09889642677404938,356.33468786166037,False,False
1681,150.04377,2.2072292,0.7760000228881836,4.02568483385162,2.1810438316716958e-15,3.1338195754124615e-16,2.956642518240117e+42,7.344446076299806e+41,1.537619540836179,0.08767140052348214,13.451070874269146,0.06904377264728662,393.9761925892547,False,False
1685,150.02875,2.3522284,1.6480000019073486,3.067092485388761,7.680666731017642e-16,2.5579505248543727e-16,2.4275086538749464e+43,7.914690102888286e+42,1.825697232600131,0.24128006183468445,13.612907066686297,0.09062278680613392,321.6554118328368,True,False
1693,149.66356,1.962162,1.5299999713897705,3.8087904686262344,8.90593760000525e-16,2.3741040408036634e-16,2.0129405918409188e+43,5.2849864239629643e+42,1.8278269319444964,0.19335465432833393,13.609925242445193,0.07297552089241922,334.18512455240017,False,False
1694,150.01374,2.3472274,2.75,2.31285565155093,3.585652290604163e-16,1.8590317254734129e-16,7.847511747664474e+43,3.3929967667468445e+43,1.9321144906579255,0.3975126425251117,13.56085167749603,0.12017544987370803,223.4133024228631,False,False
1697,150.43405,2.162197,1.2719999551773071,2.8172305483782303,1.331289378755916e-16,1.3259302981104937e-16,7.365146149829014e+42,2.6143214136552798e+42,0.862069965679477,0.34071417422959266,13.469464221256343,0.09866017837201331,329.22692105778617,False,False
1700,150.414,2.0072012,0.3009999990463257,4.682087201811313,1.6810616080944403e-15,3.2801494526878574e-16,4.10612719604561e+41,8.769864846722874e+40,0.6978580042356257,0.05403517038586127,13.184238880128767,0.059364222928303005,388.81025861345216,False,False
1703,150.21892,2.5622274,0.210999995470047,7.852724313112534,4.853056585226307e-15,4.788623999358402e-16,4.0144707185605255e+41,5.112201267345059e+40,0.762829103820612,0.029869097189056018,13.213015171529412,0.035395164446809985,411.2997286378444,False,False
1704,150.39899,1.9972041,1.5190000534057615,2.3538099530209875,3.889115810681337e-16,1.7075006932741636e-16,9.958200633105582e+42,4.230673177469053e+42,1.3827721968146003,0.24091293064777258,13.450529348384132,0.1180844987342115,296.8398265529213,True,False
1712,150.20888,2.0622281,0.9739999771118164,2.595465470929283,9.552203089035182e-16,2.1492190887005351e-16,3.012718314401349e+42,1.1607622402014358e+42,1.3767998666034122,0.12292703773862715,13.376244080835173,0.10709002740790242,343.6089780685409,False,False
1719,150.36904,2.3972095,2.840499997138977,3.0395513780497216,9.474209847471032e-16,2.2688251515757303e-16,1.113447049830491e+44,3.6631953579442896e+43,2.7147632574655867,0.25798202659008435,13.619076241170504,0.09144391189611088,228.326902918178,True,False
1725,150.09881,2.3772309,2.2809998989105225,5.555300322407636,1.389774145545104e-15,2.4899536714537044e-16,1.0484717516679563e+44,1.887335860923455e+43,2.7143690718407685,0.1929813747810638,13.755100436280479,0.05003302293072427,294.49920245446316,True,False
1728,150.12883,1.8522309,0.9819999933242798,3.1856675024956247,6.90465694591756e-16,2.040430114036108e-16,3.911461296004085e+42,1.2278309939564875e+42,1.243658470765424,0.1458411936655282,13.433642653306936,0.08724967944719236,357.9531273442188,False,False
1731,149.95866,2.6472226,1.131999969482422,2.5535187394645305,5.498523174926119e-16,2.0285735673795444e-16,4.888022483008333e+42,1.9142301199768543e+42,1.273477085287888,0.18643836960773164,13.427108628613913,0.10884919860676903,335.98078045997397,False,False
1734,150.22891,2.2572267,2.4739999771118164,2.736678426218591,5.256634469080511e-16,1.8289237940562914e-16,5.882389690489586e+43,2.149463244981102e+43,2.0634742714221983,0.284895998225603,13.567004856458238,0.10156416835650539,241.48553934457144,True,False
1737,149.93365,2.5022198,3.2799999713897705,10.299007108133619,6.720073699627593e-15,5.255150123926295e-16,1.0252851862777765e+45,9.955184762112261e+43,5.626129455347611,0.17459036428763747,14.029148031726358,0.026987889754787327,281.63368669643006,True,False
1739,150.17885,1.7772297,0.9700000286102296,11.26248837266586,9.648021593314443e-15,5.457076800543201e-16,2.374143663700576e+43,2.1080098688160594e+42,2.952364421933412,0.06626607099628527,13.85661373749604,0.02467913477208679,497.59272159661526,False,False
1741,150.27394,2.1822226,1.1579999923706057,2.4104844252151056,-2.6073449895793015e-18,2.692953556580677e-18,4.1067329649975505e+42,1.703696121011475e+42,0.0004567656516744076,0.0,13.37680000015809,0.11530813703277826,320.0598653925849,False,False
1743,150.03875,2.5522289,1.4500000476837158,3.7643182455140147,7.907260377930467e-16,2.220488267733239e-16,1.5902278808615133e+43,4.224477786267429e+42,1.696694443867703,0.1890712693279686,13.583378574372267,0.07383766469514523,336.79738812302224,False,False
1753,150.06878,2.2872302,0.9860000014305116,2.384355449734774,3.5254804977413476e-16,1.5715667524640012e-16,2.5999253875736014e+42,1.0904101516671124e+42,0.9983480558033804,0.17660213581342807,13.337341734879118,0.11657174203997102,331.925768480118,False,False
1756,150.14385,2.4472307,0.3690000027418136,3.690679354198811,1.0317022077312652e-15,2.4442587831468176e-16,4.065964931513339e+41,1.101684687640928e+41,0.6910187221322757,0.06496539716972045,13.155448850741264,0.07531092293397551,370.3278382622843,False,False
1758,150.06878,2.3422302,2.9070000648498535,2.017264240858075,1.5580486241677453e-16,1.5514104218353854e-16,7.756649555985634e+43,3.845133125785356e+43,1.5128813844289388,0.5977919131226098,13.518699037162946,0.13778485871531204,207.92718795511988,True,False
1761,150.34902,2.3672128,1.4020000100135803,2.7148929986591415,5.384441347969646e-16,2.0030349194148772e-16,1.0767952514708111e+43,3.966253005192578e+42,1.4612029765911894,0.21570384040057383,13.510098098148644,0.10237916137223718,323.89105677304667,False,False
1765,150.05377,2.4322297,3.1600000858306885,3.817088736210087,8.215668232377325e-16,2.1217682468940984e-16,2.092108101341513e+44,5.480899832102741e+43,2.7484183097136117,0.28166789290430533,13.688139665968416,0.07281687370308575,222.8527755683314,True,False
1766,149.91365,2.3522172,2.4639999866485596,4.097653862464426,7.953465105439341e-16,2.0615874340189093e-16,9.32493086923455e+43,2.2756755895497513e+43,2.3611643494148584,0.2428684241474124,13.67659943504809,0.06783112428410834,263.39807632386425,True,False
1769,150.21889,2.1122274,1.637499988079071,4.037827529033049,1.217622019682476e-15,2.8659938408957526e-16,3.044478445850981e+43,7.539892241459979e+42,2.117956745408799,0.19782414846135205,13.668981006835061,0.06883614181625097,336.9968332973824,False,False
1770,150.16885,1.78223,1.5399999618530271,5.589883166555555,1.9348295107116425e-15,2.751525464066835e-16,3.021271492993599e+43,5.404892021840386e+42,2.3732727410554055,0.1339300231281496,13.7006322023373,0.04972348439785923,357.03544712761686,False,False
1771,149.91867,2.2522178,0.8809999823570251,2.0527548307355095,2.7367898899227385e-16,1.3348199893536494e-16,1.5286983847971613e+42,7.447057787458345e+41,0.8474749793500975,0.16402407194064006,13.25582661715356,0.13540266195281156,325.0849011493213,False,False
1790,150.35903,2.3822112,0.209999993443489,6.244842779712046,2.1400279979044815e-15,3.365243417952937e-16,2.482932617429853e+41,3.9759729828528076e+40,0.5796572517110409,0.0361716034382139,13.101950265365199,0.04450848135377675,377.83132619018954,False,False
1796,149.81858,2.3022012,0.8210000097751617,2.0200173404107384,3.054268355117897e-16,1.6711577329543077e-16,1.4006679025265936e+42,6.9339399940091096e+41,0.8353778608100975,0.18138136713675695,13.259624088161944,0.13759707050909015,333.9988744107384,False,False
1797,149.9637,2.3172231,0.3050000071525574,5.987750090453592,1.885747770321933e-15,2.9479065214541253e-16,4.71423414924275e+41,7.873131106053946e+40,0.7320681541901304,0.04541309271397857,13.214727545947566,0.046419517217530626,397.4003781768276,False,False
1799,149.84361,2.267206,2.6600000858306885,4.137368912595996,9.925323655266332e-16,2.4260356786488213e-16,1.3651630861500595e+44,3.2995923616912535e+43,2.6558038370436456,0.25760124591902317,13.712540416870842,0.0671800060110381,256.914923757605,False,False
1802,150.22887,1.7722267,0.3089999854564667,3.0750630914804455,1.1485447934951171e-15,3.2765531844454703e-16,3.1394725928140412e+41,1.020945749539918e+41,0.6272720244049501,0.07101084203404327,13.118895782721523,0.09038789128852211,368.64728082150424,False,False
1808,150.20389,2.2472284,3.0450000762939453,2.0938889363414237,4.4343036768920254e-16,1.5973666722111535e-16,8.190823619541046e+43,3.911775585314747e+43,2.1952308319483396,0.3138042636896543,13.497805921325371,0.1327426988098664,197.8683507539877,False,False
1810,150.03375,2.3122287,1.4675000309944153,2.551868739421925,4.46041432617842e-16,1.7470789938311434e-16,9.827261600229609e+42,3.8510059112428257e+42,1.4147690065351228,0.21989853512236024,13.465549394461027,0.10891957886558258,305.7706248520876,False,False
1813,150.48916,2.4621842,2.5195000171661377,2.0913666191887685,2.4870365057420555e-16,1.5646339628936355e-16,4.85167426265182e+43,2.319858325238912e+43,1.627708868349396,0.4063560984753621,13.509954068079628,0.13290279469311608,228.29509696955878,False,False
