ID,RA,Dec,z,SNR,f_X_erg_cm2_s,f_X_Error,L_X_erg_s,L_X_Error,T_X_keV,T_X_Error,log_M200_Msun,log_M200_Error,R500_kpc,R200_kpc,Aperture_kpc,L_X_300kpc_erg_s,L_X_300kpc_Error,SNR_R500,Aperture_R200_kpc,f_X_R200_erg_cm2_s,f_X_R200_Error,L_X_R200_erg_s,L_X_R200_Error,SNR_R200,Flag_Contaminated,Flag_FalsePositive,Catalog
65,150.2611777,1.918038983,3.74,2.0732502478778025,1.7547422397678356e-16,1.3150305396427026e-16,5.239241771758297e+43,3.9263675189955336e+43,1.8061968542561135,0.5371394487382259,13.334398551347832,0.29001122486583275,119.50401380922827,181.44228521398972,164.71879624123534,1.8625207421307055e+44,8.983579015785474e+43,1.3343737554905786,250.09164006338483,2.8298373964996376e-16,2.1551580013939798e-16,8.449219468829939e+43,6.434787725367798e+43,1.3130533328272302,False,False,CW-HCG
127,150.1101401,2.346713091,3.52,6.451415743717542,9.661119537274667e-16,2.393260388852062e-16,2.4387271404408028e+44,6.041234705684918e+43,3.0757712347613553,0.3023541871829724,13.894619594791564,0.23166984276594957,192.45070632212912,292.1968462237296,240.39730645829167,5.875181214957152e+44,9.1068091847568e+43,4.036802506854955,364.9939048299312,3.4608623063789994e-15,5.082326331972613e-16,8.736149887527332e+44,1.2829162411807752e+44,6.809602690419386,False,False,CW-HCG
375,150.0826307,2.415798044,3.122,4.516874608227039,6.550482049897401e-16,1.853130420493957e-16,1.1857098064309388e+44,3.354371320213891e+43,2.532832467598489,0.2843404512711997,13.759743685015302,0.20136213469345524,189.81664235093487,288.1975614206578,223.96669172902264,2.280169536563354e+44,5.048113428719609e+43,3.5348197716981793,340.04739308591314,1.942091459352183e-15,3.357907556532074e-16,3.5154006541789154e+44,6.07818461075089e+43,5.783635870422547,True,False,CW-HCG
520,150.1795707,2.075909546,2.994,3.313398345662144,5.191387162255527e-16,1.731532422215379e-16,8.366992243075822e+43,2.790721996356715e+43,2.2911826354670444,0.3032538879265062,13.679831448745999,0.19749663358108438,184.06225037289693,279.46069981047793,208.86468429034446,1.379007238406723e+44,4.161912014630237e+43,2.9981460905095254,317.11809846517593,1.0968834728081146e-15,2.856335475588613e-16,1.7678541826489629e+44,4.603574347456052e+43,3.8401773257466427,False,False,CW-HCG
814,149.8834261,2.348236066,2.757,5.293959257153254,1.4585226840377506e-15,3.1248139727635443e-16,1.8700352525795404e+44,4.0064596531634786e+43,3.0791492949511405,0.26178284648096395,14.012500937348884,0.22825142645751154,252.03575361612855,382.66449497455375,269.88511709979764,2.4507975086060738e+44,4.629422686422321e+43,4.667550442203932,409.76508512930866,3.3974194538174324e-15,5.57641427085017e-16,4.355978975143376e+44,7.149762827554038e+43,6.092480380406652,False,False,CW-HCG
1101,150.2385882,2.335949531,2.508,3.4490658438180923,5.665161556948641e-16,1.4714999127445029e-16,5.585846546975258e+43,1.450898200139854e+43,2.13211543986251,0.21976479162676857,13.689364907964805,0.17866326745245378,210.00761631323414,318.85340585333114,221.24526685881438,6.8639006518792525e+43,1.9900752733328403e+43,3.8499231348118235,335.91546871158187,7.951361484909793e-16,2.291022989791592e-16,7.840038566906856e+43,2.258947556556738e+43,3.4706598407522335,False,False,CW-HCG
1201,150.071522,2.41415537,2.468,2.7154555201854174,8.270845485028221e-16,1.9730304719955413e-16,7.799256519681718e+43,1.860531767894515e+43,2.3942195321315056,0.22664561128170863,13.811893135563167,0.18714679151671848,233.2466842560352,354.1371545692206,225.01573889925146,6.76679341822704e+43,2.491955168451807e+43,4.191950201693039,341.64015561996035,1.4476500322665243e-15,3.111676300963013e-16,1.3651075906097182e+44,2.934254027760025e+43,4.652315640346331,True,False,CW-HCG
1203,150.0763413,2.380616429,2.467,4.2400801182300185,4.535263210569534e-16,1.616117985649339e-16,4.271864309308774e+43,1.5222571264304687e+43,1.9618009026603342,0.2774118162433856,13.613777479656568,0.1922436779346865,200.3991914473199,304.2649873608656,244.18742325492036,9.329446886152607e+43,2.2002996702918652e+43,2.8062698706662266,370.74841826331294,2.0953533180336906e-15,3.394978378479324e-16,1.9736594413835076e+44,3.1978049106613025e+43,6.171919477649927,True,False,CW-HCG
1204,150.094718,2.358842931,2.464,4.364143504787084,6.358634690681551e-16,1.8970126034338346e-16,5.969151555921192e+43,1.7808155813674314e+43,2.19251851760537,0.2595667565898294,13.72499921314089,0.18720148897169805,218.437484281405,331.6524279065889,250.36476870484316,1.0234973243477517e+44,2.3452421379477207e+43,3.351920108053901,380.12744779766376,1.9727467018446678e-15,3.5062693388549756e-16,1.851910766632251e+44,3.291501100098836e+43,5.626341022874466,True,False,CW-HCG
1237,150.090414,2.39885915,2.456,9.487560856669393,5.367063174552857e-15,5.029756118757372e-16,4.9930599311502076e+44,4.679258082725534e+43,4.434710479318296,0.1649206172853434,14.427659223079702,0.310749880416982,375.4060189463995,569.9768885541914,352.0147612805325,3.871957565735623e+44,4.081088516037063e+43,10.670623083567754,534.4620710209545,1.2372556645170925e-14,8.120474806547412e-16,1.1510376312281055e+45,7.554600357739332e+43,15.23624780560261,True,False,CW-HCG
1653,150.1317192,1.917060413,2.208,2.4139260257138484,3.138626903480788e-16,1.6073854632086558e-16,2.1733053182034357e+43,1.1130151760695402e+43,1.6265919038477965,0.3305661721456251,13.475045858797905,0.23108862919322626,193.86554654670633,294.3449903351882,228.14056992000988,4.13594587331241e+43,1.713368938921533e+43,1.952628647776542,346.38456932826523,6.728011967664562e-16,3.032672020997744e-16,4.658732828054744e+43,2.099938104873733e+43,2.2185095918981235,False,False,CW-HCG
1718,150.0542989,2.233331427,2.176,2.0509110060356064,3.4040897011042784e-16,1.591746770510823e-16,2.2635893050912344e+43,1.0584506527466027e+43,1.656369364152634,0.3073474613501141,13.49923027594675,0.21952702244565336,199.3623218699939,302.69071399897484,211.97562675401812,2.884730997019196e+43,1.4065607861724617e+43,2.1385874714304203,321.8414252538415,4.2576429936514412e-16,2.2040916498247242e-16,2.8311695611897744e+43,1.465636550166604e+43,1.9316996160255053,True,False,CW-HCG
2051,150.0150542,2.194295035,1.966,4.92199831272989,1.1602201439381825e-15,2.289152249134149e-16,5.823000115422426e+43,1.1488969468916475e+43,2.337457766323196,0.1830111325085693,13.883582209545233,0.178822462425412,285.3570197567775,433.255989620368,300.0,5.627523512719195e+43,1.143341211264658e+43,5.068339794249269,429.52922345989225,1.8347026012417238e-15,3.4873699722689347e-16,9.208143398142558e+43,1.7502674692506186e+43,5.260992139724249,True,False,CW-HCG
2173,150.39912,2.349949455,1.802,2.1144539395272006,2.639734089249275e-16,1.2203390923297084e-16,1.0408753731501371e+43,4.811927509181912e+42,1.3563731340974094,0.24882784656738957,13.375791592221463,0.23742867254882719,203.59660240061172,309.11959878052573,220.70895457075406,1.4319703295429573e+43,6.772293795452226e+42,2.1631152405433864,335.1011887218792,4.643196737818236e-16,1.9955392606147754e-16,1.8308621147747992e+43,7.868624650442994e+42,2.3267879662702224,False,False,CW-HCG
2290,150.3683319,1.980210168,1.689,2.268390982941204,1.555694138737978e-16,1.214291939726835e-16,5.128117462124867e+42,4.002735206858978e+42,1.0929500354772927,0.3385311718091443,13.185123508613803,0.3428583040793852,182.5534946998486,277.16996439146124,234.81819706040656,1.3871971677439283e+43,6.115335399302653e+42,1.2811533107005095,356.52317379467826,5.72610010367965e-16,2.3055088985478146e-16,1.8875248803968372e+43,7.599771797892352e+42,2.4836599447897965,False,False,CW-HCG
2331,150.1854696,1.784741608,1.67,7.542224224164196,2.8366391863638293e-15,3.13293719338176e-16,9.062655425342449e+43,1.0009285068522875e+43,2.837819810984069,0.12437464836667289,14.13912247015654,0.2028874982765458,382.082008331626,580.1130064259602,345.34194240520384,6.077276327009741e+43,8.057671247082559e+42,9.054248493573851,524.3307669168811,7.89458569977025e-15,5.983610517794751e-16,2.522206922430819e+44,1.91167775524319e+43,13.19368243687055,True,False,CW-HCG
2358,150.0105362,2.255690957,1.659,3.8525326647220717,9.521109909807068e-16,2.494159654421653e-16,2.986799420500082e+43,7.824250198800861e+42,1.9686261378561496,0.2046441703148058,13.777489847145029,0.1750726532599881,290.54970908823884,441.1400211995139,300.0,3.0219351923996306e+43,7.844022245604082e+42,3.8173618488808514,442.44721826905425,2.2338554341166856e-15,4.2923012832437404e-16,7.007668411881485e+43,1.346507193683257e+43,5.204330466822533,False,False,CW-HCG
2611,149.8967834,2.49847045,1.564,3.806721401575424,8.540365592088968e-16,2.0266272231889107e-16,2.2764572365083615e+43,5.4020289391437813e+42,1.8284768667709663,0.1721814414786424,13.725117663367987,0.17066826748825265,288.2987360201038,437.72238120217,300.0,2.0162518547278046e+43,5.296557436258331e+42,4.214078195718031,424.48459105947063,1.9536975119897342e-15,3.505296750781192e-16,5.207632847986258e+43,9.343462019725166e+42,5.573558106184112,True,False,CW-HCG
2813,150.4041309,2.407586517,1.514,10.006118200859655,5.354406966072937e-15,3.8346997163563367e-16,1.3048508859592113e+44,9.345033640476073e+42,3.287951825624253,0.09344259468055638,14.320587700092716,0.2334318839570253,463.3212538735523,703.4581049740165,386.1535638978772,6.350749940873057e+43,6.346866800281696e+42,13.963041077856806,586.2948267913888,1.6677998452277016e-14,7.684924870986103e-16,4.064371870567968e+44,1.8727902249445112e+43,21.702227064370707,True,False,CW-HCG
2927,150.3496271,1.874423247,1.468,2.158957995445067,1.889266558467745e-16,1.1836032299055198e-16,4.228648251745938e+42,2.64919828621752e+42,1.0647443619241734,0.26470229860986033,13.208714607220237,0.31115128245727636,200.58045340169224,304.5401963866994,235.95108758496588,8.035068876472317e+42,3.721734694896598e+42,1.596199225156351,358.24323523128794,3.6914041800097607e-16,1.9490665295233795e-16,8.262280281373235e+42,4.362495453944846e+42,1.8939344163446534,False,False,CW-HCG
2994,149.9747124,2.483517468,1.457,2.7629561010354338,4.0270094814653097e-16,1.4326810960363379e-16,8.828573015347277e+42,3.1409237356605745e+42,1.3612628599477006,0.1921800637728014,13.455826524474219,0.2160351823199296,243.41796937402717,369.58016067876935,253.12793667569784,1.0304681196441733e+43,3.7295855669150857e+42,2.8108205605605137,384.32275049153253,5.572688636338794e-16,2.206384314363904e-16,1.221722688862681e+43,4.837144066566924e+42,2.5257107748907237,False,False,CW-HCG
3143,149.9248182,2.501049847,1.426,10.448116168716606,8.998921117840528e-15,5.34340162123465e-16,1.859404180981894e+44,1.1040816099045186e+43,3.754562739839831,0.08846799772489855,14.473008408252893,0.26581401733078436,537.2924168315194,815.7681138115066,417.93393706927674,6.888685546341466e+43,6.593232153148654e+42,16.841184241287163,634.5467921385715,2.5300141302870428e-14,9.872796512729186e-16,5.2276476148597404e+44,2.039968888865799e+43,25.626114414746088,False,False,CW-HCG
3225,150.3381495,2.443793639,1.409,2.875701109652652,4.759252016481349e-16,1.673491650884985e-16,9.51445254745282e+42,3.3455586814407705e+42,1.407313849020796,0.1963700578614398,13.500130127311516,0.2106714465238129,256.1914188027625,388.9740185128238,269.65229975654375,1.1648960241903003e+43,4.050824406890482e+42,2.8439054440244957,409.41159984081554,9.49856819971913e-16,2.9782202439362235e-16,1.8989050399518003e+43,5.953905170112061e+42,3.1893437763908152,False,False,CW-HCG
3237,150.1131511,2.365177477,1.406,7.393592893645062,2.784102196465681e-15,3.4266991670834645e-16,5.533279408549013e+43,6.810412334929787e+42,2.522327183003625,0.1231946039125517,14.081695987520224,0.18239223553202472,400.76342193875047,608.4768936951813,362.4313110261035,3.7188107568297427e+43,5.029774847390007e+42,8.124734797876316,550.277461062152,6.312070956146419e-15,6.556699704611246e-16,1.254496055902084e+44,1.3031149326925226e+43,9.626902619479765,False,False,CW-HCG
3264,149.8788372,2.274849414,1.401,2.0345732322833245,9.345757659582094e-17,9.382938511507094e-17,1.8393064514353024e+42,1.8466238871431923e+42,0.8178540283100709,0.32583640937203634,12.961705643932241,0.44682974853898305,169.95701101261713,258.0447926669318,230.2190033868694,6.103949773222793e+42,3.0001130833578114e+42,0.9960373978919929,349.54024340038666,5.911654160914204e-16,1.989911658860648e-16,1.163452342001992e+43,3.9162767591946936e+42,2.9708123647554308,False,False,CW-HCG
3273,150.2094192,2.565921064,1.397,3.3563822109518155,6.125867966810701e-16,1.7796319084576564e-16,1.1961628799092012e+43,3.474984508860211e+42,1.521374896024466,0.1753873462322521,13.580526667158935,0.19066344219453057,273.677032458778,415.5223293099915,300.0,1.1612711065297728e+43,3.4598893497306885e+42,3.442210682837089,412.42180783027163,1.0097452280101656e-15,2.6104883196979055e-16,1.9716712251309548e+43,5.097349866789367e+42,3.8680319708422095,False,False,CW-HCG
3534,149.8811888,2.45072683,1.315,7.524866681991402,3.598022906513873e-15,4.1300272633006924e-16,5.949394301234863e+43,6.829072883260983e+42,2.6263226889635938,0.11962901846367242,14.14350427225127,0.1885952687267661,434.36798795123934,659.498520974277,394.84001737046873,4.080294713175211e+43,5.422414622893212e+42,8.711862361020724,599.4834212011801,5.791203392443386e-15,5.95237906290864e-16,9.575856895718694e+43,9.842363708009327e+42,9.729224787665833,False,False,CW-HCG
3584,150.3756614,2.459976436,1.281,2.4179673932272516,7.820222156376599e-16,3.1375594203093304e-16,1.2033809221983618e+43,4.8280970452806325e+42,1.5567665072527608,0.24785392882411064,13.63108290292074,0.20925325687901766,296.8245372996193,450.66705827306015,300.0,1.1606633346660124e+43,4.800161234254195e+42,2.492453881751698,446.5648228384424,2.1470088154758385e-15,4.452312248801067e-16,3.3038312680524124e+43,6.851247333822255e+42,4.822233247576003,False,False,CW-HCG
3608,150.1433841,2.065415672,1.274,5.7279611548370335,1.119198785115507e-15,1.9874073523013074e-16,1.696538448924756e+43,3.0126131583559025e+42,1.7465173076803988,0.12306994742570268,13.747270192381224,0.1638778857851523,325.3540411447022,493.98324664759156,300.0,1.7321398408863655e+43,3.024007660079264e+42,5.631451367126809,496.58556257982656,2.6865762877770316e-15,3.6763572331242726e-16,4.072448995477491e+43,5.5728092997655126e+42,7.307712818468142,False,False,CW-HCG
3687,150.0896676,2.224672635,1.259,2.141800812009258,1.6752511369355252e-16,1.0748460370511386e-16,2.45828304448521e+42,1.5772416028013287e+42,0.9238058444842355,0.23520497463493362,13.116911062748713,0.3413989160349443,201.67792876158194,306.2064871740726,237.77186275775367,4.712472545601662e+42,2.200238471840347e+42,1.5585963749111544,361.00770813626406,6.013256342980213e-16,2.025749133785969e-16,8.823922446118786e+42,2.972607890346597e+42,2.9684111634010177,False,False,CW-HCG
3744,149.9953586,2.159353658,1.251,2.315707166395543,2.553102857641186e-16,1.2092725820602948e-16,3.681558590267365e+42,1.7437636126309812e+42,1.0575519315442674,0.19877284625464325,13.253456711771268,0.2815826563003569,224.6304929089548,341.0552387571632,245.18458257746624,5.203864461667472e+42,2.2472031598742336e+42,2.1112715987419013,372.2623997643359,4.3726587735339e-16,1.9728742408807651e-16,6.305347010141547e+42,2.8448724998656394e+42,2.216390017633248,False,False,CW-HCG
3880,149.8660938,2.063923325,1.235,3.449888032974218,6.708831546228109e-16,1.9114916204392033e-16,9.33882846152659e+42,2.6608347855989305e+42,1.443608814314381,0.16322042171468587,13.5671438543805,0.1959686531610501,287.4938164424586,436.50027624580787,299.99999999999994,9.1523398424076e+42,2.6529382272494172e+42,3.5097363098492798,434.2783479234139,7.786686100550076e-16,2.691136843519214e-16,1.0839223682352691e+43,3.746116618809725e+42,2.8934560200095154,False,False,CW-HCG
4046,150.4031586,2.39006303,1.189,4.584359175530699,1.4366900154200312e-15,2.8009167194669146e-16,1.8025449241057331e+43,3.5141736639980095e+42,1.810263956076367,0.14004850785215112,13.803751945932218,0.1649088090776927,350.766600306718,532.5669950968492,333.2422377736535,1.4720042243882454e+43,3.2109269104505565e+42,5.129356419042225,505.9598520933218,4.3851572175082126e-15,4.628556765892174e-16,5.501842985603336e+43,5.807224533299878e+42,9.474135112314984,False,False,CW-HCG
4098,150.1205601,1.998751257,1.175,3.6313069446317434,6.655256880803402e-16,1.8346386257218686e-16,8.083938964033828e+42,2.2284799726023682e+42,1.391759426650012,0.15224720917518778,13.5454998348466,0.1995808457337829,289.226691307456,439.1312905981537,300.0,8.098765733028667e+42,2.2302619570623975e+42,3.627557376965604,439.3349202920849,7.375560607024948e-16,2.727565318629024e-16,8.958870084294086e+42,3.3130909822297894e+42,2.7040821191890574,False,False,CW-HCG
4162,150.2859791,1.95200277,1.172,2.4085077685974987,3.6073968531422615e-16,1.524589587808744e-16,4.3512838225325474e+42,1.838977600608373e+42,1.1343170235510187,0.19023610109728978,13.342629772017064,0.25876490270263214,247.8047856769142,376.2406396822649,258.5962571623979,5.1497901037599416e+42,2.1381662832496163e+42,2.3661429160926426,392.6252713338301,4.570434614770004e-16,2.278767889354421e-16,5.512911113139239e+42,2.7486761939201317e+42,2.0056604431374607,False,False,CW-HCG
4263,150.3502397,1.929248614,1.161,2.4564645124609163,4.0571751447862715e-16,1.6102515858550981e-16,4.769316550162425e+42,1.8928932728509494e+42,1.1717250430797348,0.18454196924623684,13.377660412690506,0.2481653779823411,255.62489506253377,388.11386864188177,262.2937240815765,5.280373652893139e+42,2.1495827137364976e+42,2.51959083936053,398.23911496915656,7.9079224065233035e-16,2.6387204172700976e-16,9.295971671151179e+42,3.101885550469805e+42,2.9968777119269374,False,False,CW-HCG
4473,150.1155955,2.416516099,1.119,5.402342718090238,1.0172088038153234e-15,1.8696822214050978e-16,1.081339299443909e+43,1.9875573784789767e+42,1.5488062189953646,0.11296768554988829,13.665894518356719,0.1736442349466269,324.0834120784217,492.0540575425856,300.0,1.0744769304053915e+43,1.9889092315587596e+42,5.440543810973791,491.2621446352005,2.7806857671460075e-15,3.5879285776124173e-16,2.9559956501961376e+43,3.8141315332879997e+42,7.75011460511405,False,False,CW-HCG
4788,150.1298443,2.606321584,1.016,2.900934760243154,5.408133282073267e-16,1.8582961392434043e-16,4.4209011497413116e+42,1.5190719440611796e+42,1.1748046965896235,0.16018899317503477,13.416869547874452,0.23885318414363843,278.6188007380158,423.0253888391407,300.0,4.4056164663778793e+42,1.5186885712688705e+42,2.910264498679505,422.6548837469037,9.243124898675772e-16,2.8656926463870903e-16,7.555831071547299e+42,2.342572428311369e+42,3.2254418178198567,False,False,CW-HCG
4810,150.1173164,2.320047557,1.005,4.152881750932739,6.840318163158375e-16,1.6965378176216155e-16,5.428946924903849e+42,1.3464890884121155e+42,1.2601766322556898,0.12402753827866532,13.489521950549307,0.2120995450465302,295.8710160335062,449.2193321924961,300.0,5.623697559569082e+42,1.354167514715775e+42,4.031927901700329,453.2428347401162,1.304743949491186e-15,2.7978460518199913e-16,1.0355345297427613e+43,2.2205630435718133e+42,4.663387210466614,False,False,CW-HCG
4836,149.8829955,2.171242918,1.0,2.458086986538027,5.070719804303307e-16,2.0172400245849477e-16,3.970415568287141e+42,1.579515632432869e+42,1.1372618290419736,0.17953448711226846,13.38864074173006,0.2539360791961642,274.36496480292266,416.5668131948046,300.0,3.8665172658085636e+42,1.5729782090641842e+42,2.5136918475264842,413.781545146709,8.083640226898941e-16,3.1057665741390295e-16,6.32955719187515e+42,2.431840928572402e+42,2.6027842189459656,False,False,CW-HCG
4956,150.3228613,2.281242586,0.983,4.6585729077965885,8.625078167507486e-16,1.8436976859338443e-16,6.446922301559063e+42,1.3780948413380767e+42,1.3396965977056112,0.11364035573614989,13.556092634084045,0.19720433149256386,314.0890991071652,476.87974726758995,300.0,6.416977200771743e+42,1.3774555701451593e+42,4.6781412339511785,476.3183664479537,1.2410556895346104e-15,2.855888115499961e-16,9.276425612557204e+42,2.1346692082090283e+42,4.3456033266812595,False,False,CW-HCG
4957,150.2131051,2.160305994,0.982,2.612953893505648,2.6660650767411634e-16,1.2622926692946026e-16,1.9872983005287116e+42,9.409192965106902e+41,0.907520226530842,0.17050812807084226,13.168627683501198,0.31408520245163946,233.38296135412529,354.3440633358104,260.5847526918881,3.0726387120331403e+42,1.1759253462795548e+42,2.112081565229259,395.6443931315672,4.719931172061521e-16,2.062730925109735e-16,3.518260405074503e+42,1.5375699932010972e+42,2.288195282576871,False,False,CW-HCG
4964,150.2258021,1.76093181,0.981,2.279552750807007,2.793098532676118e-16,1.2271356586908155e-16,2.0762533368936344e+42,9.121928483263492e+41,0.9209545377819184,0.16056244427879032,13.183513764458908,0.30529215209714866,236.1578949143132,358.5572296590875,248.9762111489818,2.5586630035720213e+42,1.1224407957509227e+42,2.276112272424687,378.0192085171922,4.783079331698775e-16,1.982334458373143e-16,3.555508087840925e+42,1.473570833927232e+42,2.4128518330979016,False,False,CW-HCG
5052,150.277992,1.869574566,0.968,2.049125110397282,2.7139988408697284e-16,1.2885599893853447e-16,1.945903958167077e+42,9.238817445025668e+41,0.9036854426715779,0.17025964746967806,13.168023757904743,0.3152549522570959,234.56794832673572,356.1432225222329,244.45894390009602,2.2909714129268565e+42,1.1180241759287629e+42,2.1062262240226253,371.1606665617014,2.2262252352892715e-16,1.7591792390830364e-16,1.596176251767516e+42,1.2613099876490847e+42,1.2654908526829143,False,True,CW-HCG
5079,150.0031615,2.155185953,0.959,2.2791136619193266,2.231120018407639e-16,1.1835021171353768e-16,1.5597728027881803e+42,8.273846315392242e+41,0.8413457343652786,0.17710061229994298,13.099194394068904,0.3408174321288171,223.2913835044211,339.02207633219217,249.02801189609417,2.4005966544954618e+42,1.0533027354475291e+42,1.885184644880892,378.0978573059004,3.785991865776018e-16,1.8665143729390846e-16,2.6467814797472627e+42,1.304877519319402e+42,2.0283754149797684,False,False,CW-HCG
5102,150.1359309,2.123708222,0.96,2.5505214986865035,2.3202547366853007e-16,1.0119099788881843e-16,1.6266649203270156e+42,7.094214437582741e+41,0.852958857562241,0.1476161089538522,13.112582430654763,0.32267883623993615,225.5083897731566,342.3881447253029,246.91837760622272,2.3280516439839198e+42,9.127747580966661e+41,2.292945800608305,374.8948111962431,1.7299522476496165e-16,1.4254271954711177e-16,1.212820553967553e+42,9.993266595656021e+41,1.213637745334198,False,False,CW-HCG
5131,150.1217943,2.1187515,0.958,2.2065584984880124,3.3445250790987234e-16,1.2535936114646752e-16,2.3315656392749573e+42,8.739165415058805e+41,0.9613236356020562,0.1429853006197937,13.23215913618775,0.28585836991025804,247.3805287923799,375.5964927938553,245.7568847367818,2.2716635453491325e+42,1.0295052439832126e+42,2.6679500027054566,373.131322977115,4.2460522110142903e-16,1.885938880174117e-16,2.9600464052840054e+42,1.3147428070629416e+42,2.2514262024346614,False,False,CW-HCG
5169,150.2962318,2.03426429,0.96,2.871249073883771,4.399678789154359e-16,1.4618103746516938e-16,3.08449026474067e+42,1.024833876651414e+42,1.054248724941179,0.13899929985124548,13.323497375499434,0.2593036283926298,265.1353806948173,402.5535865359688,269.6862209508997,3.299112517984668e+42,1.1490164848437029e+42,3.009746589192646,409.4631022031626,7.862389634688952e-16,2.4852960820300606e-16,5.5120988253911324e+42,1.7423707359994048e+42,3.16356255962337,False,False,CW-HCG
5321,150.0229415,2.203966283,0.939,4.95260174159051,1.6205714435539095e-15,3.0828240645270507e-16,1.0702157511202767e+43,2.0358786926136086e+42,1.5982172442102869,0.12064680632057938,13.74311854829825,0.17128628685888955,368.9419998049072,560.162603934667,351.21574311045725,8.809456477617004e+42,1.7787532568261542e+42,5.256775636992208,533.2489261391651,2.6944859711374535e-15,4.3670201545727635e-16,1.7794225234279158e+43,2.883954159178669e+42,6.170079083138698,False,False,CW-HCG
5336,150.0306389,2.315167328,0.938,3.266949189939177,4.608130893330578e-16,1.6177533326061312e-16,3.034438061025533e+42,1.0652849060593695e+42,1.0530892772807905,0.14670744256260865,13.328102438371413,0.26221550356576656,268.40581799036613,407.519073448406,300.00000000000006,3.5563813909954775e+42,1.0885940319940173e+42,2.848475599124297,424.2161941221865,7.943919520214074e-16,2.430554215719157e-16,5.231043193835772e+42,1.60051144212044e+42,3.2683572614172736,False,False,CW-HCG
5337,149.9900556,2.431034299,0.94,2.2959734630138753,2.0631111364468597e-16,1.0820621318753738e-16,1.3663885690027175e+42,7.16644538350736e+41,0.8082729468990547,0.16822366000614722,13.06419548470484,0.34915025452288545,219.01704040740964,332.53236477699323,246.55219369521518,2.1820196976737113e+42,9.503679954599392e+41,1.9066475719570581,374.33883618332135,5.793204897385539e-16,1.9775219012539098e-16,3.8368117014340256e+42,1.3097032307621695e+42,2.929527553506323,False,False,CW-HCG
5349,150.0207175,2.20937755,0.94,3.9771572855124275,1.0168167593819476e-15,2.5496963775066903e-16,6.734328423929123e+42,1.688651630591649e+42,1.3706783418097992,0.1363894508997341,13.589970019651624,0.19826135764826197,327.8959740137985,497.8426493063646,300.00000000000006,6.715149385325082e+42,1.6884294241483298e+42,3.987991544217815,497.4835557222721,2.2997583081115084e-15,4.0991862521781703e-16,1.523118851020527e+43,2.7148713117004748e+42,5.610280105934426,False,False,CW-HCG
5391,149.9383506,2.090324954,0.937,2.2922680114607648,1.5491665482896677e-16,1.0224210774305423e-16,1.0171866370752044e+42,6.7132424113764134e+41,0.7334534226777973,0.19208952482430028,12.96827741296893,0.3952693583859072,203.71490657826234,309.2992193611161,245.72501816229158,2.1342475101372904e+42,9.310636886553353e+41,1.5151942604537214,373.08294013278066,4.692431072103398e-16,1.8600980652374284e-16,3.081061998924319e+42,1.2213450501483264e+42,2.5226794005102318,False,False,CW-HCG
5408,150.3926019,2.077955144,0.937,2.6723289070839122,4.792620081598612e-16,1.7977428572632073e-16,3.1468463535844716e+42,1.1804024643602144e+42,1.0660594993859631,0.15868485244878294,13.340547856469831,0.26322939252542893,271.0896625354997,411.5939398223967,300.0,3.1558179230670305e+42,1.180924217337719e+42,2.6659096779250477,411.89050519894477,7.454135363765754e-16,2.6956422593631707e-16,4.89440395633594e+42,1.7699654614842144e+42,2.7652539345212475,False,False,CW-HCG
5420,150.0616988,2.188671735,0.938,2.680607207932767,5.038840566761425e-16,1.816330579639951e-16,3.3180588731430946e+42,1.1960473280481205e+42,1.084712879500357,0.15515955797908704,13.357556048508405,0.25736528108853995,274.542633624713,416.8365667872519,300.00000000000006,3.189051910901692e+42,1.189675198016433e+42,2.774186936697541,412.6753402397085,7.55526746666814e-16,2.5009873139898126e-16,4.975117177176308e+42,1.6468913907581308e+42,3.0209139504251463,False,False,CW-HCG
5490,149.9846107,2.317015855,0.933,7.029604772316258,2.148670897522335e-15,2.876241790571298e-16,1.3946208790214717e+43,1.8668595822981954e+42,1.7467172520100442,0.0927849545683078,13.833124461123278,0.15928698555519183,396.2740820666942,601.6607537219375,371.8230716014962,1.0842532442481518e+43,1.542409963812076e+42,7.4704112309541,564.5369193570192,2.9940582316123787e-15,4.547485434918352e-16,1.943329770802801e+43,2.951600518206976e+42,6.583986412847379,False,False,CW-HCG
5613,150.4599548,2.476675568,0.927,3.542959481104652,5.762119982770983e-16,1.600143929996769e-16,3.675414015234701e+42,1.0206645200530198e+42,1.1245116119452532,0.12391964334922596,13.396284716042206,0.2382732192443164,284.06583513543967,431.2955911294631,300.0,3.606021342541605e+42,1.0177992048097855e+42,3.60100105668783,429.2207322796799,1.1378863211055603e-15,2.5482841168922353e-16,7.258098312496476e+42,1.6254432719260438e+42,4.4653039806772865,False,False,CW-HCG
5622,150.092829,2.197422926,0.927,6.085120848893537,1.305045159026981e-15,2.3726106581090295e-16,8.324334242160829e+42,1.5133885603880782e+42,1.4741033463852191,0.10634775546574723,13.665762537324548,0.1792847998443503,349.33728792546253,530.3968779897062,348.24529301758133,8.221957816403757e+42,1.3511576878376642e+42,5.500460661620318,528.738908142398,1.9430787026030633e-15,3.5874200396869233e-16,1.2394081896255446e+43,2.288264376969534e+42,5.416367977842475,False,False,CW-HCG
5861,150.2102181,2.400653758,0.905,5.857448886207698,1.3199587005804512e-15,2.1637984284111653e-16,7.891482870288885e+42,1.2936448863934714e+42,1.4545649222583112,0.09462132544225434,13.658210752605052,0.17920046785523094,350.3778987419254,531.9768316543491,336.51118194717685,6.727312576500469e+42,1.1485055537302261e+42,6.100192528329318,510.9230720068209,1.6177842157901182e-15,3.1457244001658566e-16,9.672057482644948e+42,1.880697495129363e+42,5.142803405488483,False,False,CW-HCG
5929,149.9670001,2.44175413,0.898,5.017299596764892,9.450967643479744e-16,1.8198037876986535e-16,5.533391811199437e+42,1.0654662841628244e+42,1.2950459361997808,0.09895390126206366,13.54440257000408,0.20070461275280954,321.9698768986022,488.84508873323,300.0,5.31028180150318e+42,1.05839440102943e+42,5.1933992595056395,483.781404614226,1.1312730700494221e-15,2.8555943365046637e-16,6.62342458273102e+42,1.6719052391025425e+42,3.9616028635010374,False,False,CW-HCG
5944,150.3742933,2.007498816,0.897,2.876430457086617,3.607767137827593e-16,1.3472446279487459e-16,2.1059626501283048e+42,7.864273825484488e+41,0.9406981067002872,0.13939836864980837,13.226429219085778,0.29063978092477266,252.34676417160057,383.13670058599536,267.81595545989694,2.6642804673063567e+42,9.262453958316323e+41,2.6778857105710765,406.6234884209333,8.582222156040125e-16,2.3869942359855884e-16,5.009702296531042e+42,1.3933606341578201e+42,3.5954096690545763,False,False,CW-HCG
5957,150.442191,2.141262842,0.897,4.076925686565692,8.744494985814551e-16,2.1399084035157674e-16,5.104425848683952e+42,1.2491291705743271e+42,1.2611504638060944,0.12246918122167035,13.51826186120991,0.21152563696069124,315.70051295882854,479.32634803313425,300.0,5.0936750350979874e+42,1.2493911900044423e+42,4.086387516142168,479.0707319468005,1.3620180981394778e-15,3.634928585918955e-16,7.950511033280554e+42,2.1218176077845387e+42,3.747028492982463,False,False,CW-HCG
6025,150.4794507,2.40439496,0.894,2.9446318099132927,8.876922717929374e-16,2.984506257962617e-16,5.1352018165862934e+42,1.726503929852589e+42,1.2644132871175744,0.16869358397512704,13.52161797196344,0.224318791744987,316.8947095299324,481.13949010216714,300.0,5.075224446573336e+42,1.7235514570912623e+42,2.974335434628719,479.7115013582392,1.522529718535656e-15,4.3695063617205124e-16,8.807666378168783e+42,2.5277112034525504e+42,3.484443304337365,False,False,CW-HCG
6089,150.102355,2.427785225,0.892,7.053308174235125,1.926706373836198e-15,2.4412834261108664e-16,1.1078791815071347e+43,1.403767133733778e+42,1.6316814595165865,0.08204223946798128,13.775991314872396,0.162942105630916,385.5259003105313,585.3418486276977,355.489441714372,8.039995873986826e+42,1.1398900594413201e+42,7.892186352592311,539.7376591640491,3.5317446176124912e-15,3.949738602623218e-16,2.030795345562813e+43,2.271146880325504e+42,8.94171734622358,False,False,CW-HCG
6133,149.9603106,2.656892121,0.891,2.0569465641708757,3.6705746380451153e-16,1.5404467082663512e-16,2.1042617854826182e+42,8.831050885546747e+41,0.9415634573286362,0.15680563774525727,13.228912787297068,0.29720742774601094,253.435714748099,384.7900482417518,252.6887284421509,2.079853691991989e+42,1.0111364720018124e+42,2.3827988455219278,383.65590305235975,3.947959242776935e-16,2.1805616426853374e-16,2.263280435469595e+42,1.2500692638239611e+42,1.8105240253217822,False,False,CW-HCG
6152,149.9069631,2.57174082,0.89,3.118413204945867,5.317722318535153e-16,1.6818355149304174e-16,3.039336829415881e+42,9.612507602607812e+41,1.063676141846748,0.13349553524539182,13.35056774375539,0.25517221110402377,278.3513034932715,422.6192492474418,300.0,2.9946032349288244e+42,9.602971248900957e+41,3.1618563595115683,421.03681306391684,7.87536867346805e-16,2.5784163365815477e-16,4.5011560628259815e+42,1.4736902876678606e+42,3.054343304351374,False,False,CW-HCG
6169,150.2056429,2.559180887,0.89,2.8248880233849794,3.8781896782300506e-16,1.3010358412389776e-16,2.216573941708197e+42,7.436052339334946e+41,0.9581051837601063,0.12754776816932042,13.246511417227042,0.2812652362089753,256.9850251885779,390.1789467124124,263.0412824799857,2.430338645412058e+42,8.603309672076329e+41,2.9808476871297005,399.37412876337766,7.301672006186807e-16,2.1562603114653134e-16,4.1732605268549817e+42,1.2324075959365952e+42,3.386266475973333,False,False,CW-HCG
6174,150.0827572,2.531346782,0.89,8.442223926703788,2.6325095260793877e-15,3.0161416255667243e-16,1.5046071752398776e+43,1.7238715706096585e+42,1.806442264433511,0.08213066208239654,13.877802764317385,0.15653921664473436,417.19420403545513,633.423659552254,386.36008487825626,1.1107612072463759e+43,1.3157210906629734e+42,8.72807000760366,586.6083864571289,4.479985501551333e-15,5.635717906170815e-16,2.560529511414001e+43,3.221086767302643e+42,7.94927208234817,False,False,CW-HCG
6262,149.9907956,2.589707995,0.887,3.189762203090986,5.691151352697453e-16,1.7911440755547468e-16,3.223349904657087e+42,1.0144667972026474e+42,1.085226915499392,0.13553466948746476,13.371319996544052,0.25065150312610357,283.1601913017976,429.9205570906208,300.0,3.239244501636251e+42,1.0155128487312676e+42,3.1773833441817403,430.4559251925915,5.8340794544722e-16,2.3593066387998707e-16,3.304301412476341e+42,1.336262270661259e+42,2.472794065225821,False,False,CW-HCG
6383,150.4091548,2.511464927,0.88,8.115478997451138,2.197957104466839e-15,2.496205843167343e-16,1.2186273853730106e+43,1.3839873370730492e+42,1.6879867773269477,0.0760728492176416,13.812903676675376,0.15939195846162538,398.51483559336083,605.0628774458211,368.86355829386434,8.9773598194773e+42,1.106202088908967e+42,8.805191729212256,560.0435066209822,4.386747558189467e-15,4.2219758400255843e-16,2.4321724460699194e+43,2.3408170107516407e+42,10.390271579959784,False,False,CW-HCG
6547,150.3979691,2.461591401,0.852,9.323494002392886,3.967301662776761e-15,3.3292895407733774e-16,2.0166285229518302e+43,1.692319067159019e+42,2.00548374948436,0.06678438769631773,13.991821230709213,0.1554959067448762,462.3450355760308,701.975918115818,394.10474760032474,1.072747028160173e+43,1.1505847785013334e+42,11.916361176130017,598.3670651634937,1.1315712427997576e-14,6.339373456151707e-16,5.751916637427748e+43,3.2223819653712624e+42,17.849890854776582,False,False,CW-HCG
6587,149.8419298,2.267293887,0.85,4.689890984906892,9.156168732453586e-16,1.9523912801116165e-16,4.6249410183427914e+42,9.8618699360986e+41,1.2320560222789152,0.10425166193808251,13.507347756330642,0.21220703886823114,319.02482214851494,484.37362834538754,300.0,4.630658873519125e+42,9.873702583752184e+41,4.689720152781125,484.5250637845814,1.97424874295903e-15,3.5771710038921234e-16,9.972275805009252e+42,1.80689165839496e+42,5.519022548295729,False,False,CW-HCG
6971,150.3697785,1.999887457,0.827,4.221171699303974,7.661987052308047e-16,1.80079314723129e-16,3.595891247035701e+42,8.451405975555969e+41,1.1387506691648739,0.10620635887878649,13.435008433474966,0.23053959758172168,304.60431068297135,462.47904530284944,300.0,3.566691904302986e+42,8.449530505691335e+41,4.254784656465575,461.5260285654641,1.4941261422051435e-15,3.0141485255521717e-16,7.012169402066861e+42,1.414587394406218e+42,4.957042194632494,False,False,CW-HCG
7051,150.1890572,1.786505217,0.809,7.248176500878885,2.5962003403282176e-15,2.997732483692172e-16,1.1487819201834586e+43,1.3264542128427794e+42,1.6788806328469528,0.0769261415889208,13.826202065838155,0.15988838140412434,414.27735775859594,628.9950279337704,371.1348086214651,7.438148228755431e+42,1.0262095891088621e+42,8.660547111697555,563.4919334695627,6.863880124370431e-15,5.230794859174836e-16,3.037169846525206e+43,2.3145527211697983e+42,13.122059475016798,False,False,CW-HCG
7083,150.3008379,2.165807705,0.8,2.062547281164931,2.9086099105369302e-16,1.653351618610153e-16,1.2491196888113736e+42,7.10041608485358e+41,0.806710042484703,0.18196868971823726,13.098975561057248,0.3569653869427036,237.93773225113975,361.25954687345757,256.9705752195934,1.6931647805428357e+42,8.209095597491141e+41,1.759220408894012,390.1570074041814,4.0799037620625735e-16,2.2504134574775534e-16,1.7521387447611283e+42,9.664533382485694e+41,1.8129574138948055,False,False,CW-HCG
7260,149.8944718,1.947950609,0.773,2.0419269324961244,3.7816601955426047e-16,1.428060130253192e-16,1.481949619408734e+42,5.596254176977552e+41,0.8583125942740883,0.12862012766431122,13.167852236419169,0.3129957302622179,253.61422604691214,385.06108096241735,244.8972413452398,1.2906100095886756e+42,6.320549423435969e+41,2.648109918783409,371.8261311558639,3.287340761710826e-16,1.9615537795004116e-16,1.2882366840961428e+42,7.686898681184399e+41,1.675886124594595,False,True,CW-HCG
7368,150.1117314,2.586652245,0.754,2.512795549120425,4.0191703561348236e-16,1.5342257983413962e-16,1.4741037750361735e+42,5.627051955239574e+41,0.8600786108537186,0.13028381683647422,13.1749428570385,0.31303095789129337,256.97311737664467,390.16086714721473,262.63319786892527,1.6066711156541342e+42,6.393958777173618e+41,2.6196732974245536,398.7545361486087,6.009730594315572e-16,2.3610947493119373e-16,2.2041779200796327e+42,8.659744113275055e+41,2.54531530175437,False,False,CW-HCG
7565,149.94701,2.342763489,0.742,3.7260159093210774,5.597297674273564e-16,1.4676322303428788e-16,1.967256467328923e+42,5.158219492368005e+41,0.9486067868353364,0.09870167509585374,13.275660895962698,0.2750451787014954,278.98389503188054,423.57970949236295,300.0,1.914242888087224e+42,5.13750594381123e+41,3.813828531801788,420.6622800846915,1.4277167985970446e-15,2.46760694373212e-16,5.0179305604265584e+42,8.67278462104089e+41,5.785835553038692,False,False,CW-HCG
7589,150.2952792,2.383851156,0.739,3.757980826922115,7.434927702634038e-16,1.919364138095997e-16,2.5851700840625505e+42,6.673747141442119e+41,1.0390321331509829,0.10644102897719739,13.367098015308116,0.25321457972241207,299.63197476096343,454.9295750902342,300.0,2.496508651141609e+42,6.643218169865743e+41,3.873641043439241,450.9305836656273,1.262664028873272e-15,3.232593830114597e-16,4.390360477222446e+42,1.1239927539008612e+42,3.9060398405465935,False,False,CW-HCG
7617,150.2973762,2.374999693,0.74,3.2762612905627133,5.383013237743515e-16,1.6213506524419506e-16,1.8784363568960733e+42,5.657805170289352e+41,0.9345810175329894,0.1117037923767555,13.261364150868587,0.28291387953915625,276.1638708596478,419.29808234145054,300.0,1.8508400203042117e+42,5.649244233466866e+41,3.3200796074779038,417.7309872677263,1.1158215985119217e-15,2.6322620871986905e-16,3.893729712121795e+42,9.185444261596955e+41,4.239021653422828,False,False,CW-HCG
7621,149.9512763,2.48094177,0.736,7.4969896778243115,2.4077483844129885e-15,3.197024925238923e-16,8.282011591620808e+42,1.0996912161145412e+42,1.528704786786264,0.08054860191950053,13.752282526516412,0.16996268512192134,403.1930978507015,612.1658572349126,382.13370600006414,6.699615742131696e+42,8.936407851739206e+41,7.531215554201693,580.1914987108855,3.1455301017642697e-15,4.76924904327097e-16,1.0819783717124246e+43,1.6404943355128243e+42,6.595441070963491,False,False,CW-HCG
7670,150.0469728,2.61942346,0.736,2.2627906977882266,1.612470539188642e-16,1.4205606931623443e-16,5.546468137268932e+41,4.8863495054279794e+41,0.624514313326204,0.21832821331039012,12.861125969037955,0.4745786761613816,203.4515032594574,308.8992955545969,266.488984828692,1.6118706802702695e+42,7.123375051195847e+41,1.1350944362673323,404.6087562285735,3.919004211723903e-16,2.7420167959334994e-16,1.3480328143599289e+42,9.431805680092593e+41,1.4292415048426816,False,False,CW-HCG
7703,149.9451669,2.48577667,0.733,6.810004132157757,2.123987141180392e-15,3.075370302440454e-16,7.227222352568342e+42,1.0464463066320797e+42,1.4621595595183638,0.0840116975703234,13.708775678071772,0.17665935589126336,390.4280490392549,592.7847540117659,372.3725126076643,5.99367477433668e+42,8.801279203390993e+41,6.90644355736578,565.3711326070323,4.927628144936354e-15,5.54553162737157e-16,1.6767080922362441e+43,1.8869601118178602e+42,8.885763306469347,False,False,CW-HCG
7802,150.321981,2.169738942,0.733,2.2618963946465294,2.0263422131364957e-16,1.1075874055515675e-16,6.89496911388744e+41,3.768751843938594e+41,0.6715850643825372,0.14566851914613124,12.934262407752001,0.39781867585082664,215.46161981172136,327.1341892913699,244.23974501583936,1.1317110488882063e+42,5.003372619394714e+41,1.8295099808645778,370.8278581044108,2.918543819809376e-16,1.746414484124997e-16,9.930834665860659e+41,5.9424680836357825e+41,1.6711633156613732,False,False,CW-HCG
7854,149.9602168,2.440124415,0.731,3.7478444602604304,6.206241355998927e-16,1.6271286061305101e-16,2.0965323665038296e+42,5.4966083198158264e+41,0.97095548614623,0.10101642591581347,13.301768851873216,0.2694470025196456,285.90753254629556,434.0918301531315,300.0,2.0537571385244263e+42,5.4798355702886205e+41,3.814229147355505,431.8338014874354,7.407787893476971e-16,2.3328958911590077e-16,2.50242718450803e+42,7.88076303022125e+41,3.1753615416574394,False,False,CW-HCG
7983,149.9228056,2.52532876,0.731,26.334158488101092,4.037480168672611e-14,1.089989704116106e-15,1.3639024599901385e+44,3.682097686430588e+42,3.8692227939339774,0.04145101698798309,14.678049693455499,0.2731306826634164,822.2159134274018,1248.3658876071613,645.2258162787164,5.232147557883904e+43,1.9868292204013337e+42,37.04145234974199,979.642799040711,5.3130387920055867e-14,1.4783698995332578e-15,1.7947993242581922e+44,4.994086059899321e+42,35.9384941054535,False,False,CW-HCG
7998,149.9142154,2.529447068,0.733,21.944800255048357,3.355252971392841e-14,9.682591664263233e-16,1.141681077216662e+44,3.294664150737993e+42,3.6464761114945894,0.0417579509169057,14.618492878414406,0.25793739247492725,784.8380993659207,1191.6153586212051,578.6038711203114,3.421602979533504e+43,1.5591862034590042e+42,34.652426620204366,878.4910670642524,4.825523933590433e-14,1.3522185539646423e-15,1.6419654224609223e+44,4.601150340928967e+42,35.68597634932771,False,False,CW-HCG
8051,150.0065134,2.443368001,0.73,4.92890527793532,8.58451095412597e-16,1.8165071259100339e-16,2.88943012756779e+42,6.114116977185941e+41,1.0799807723418589,0.09068532827673742,13.40797205565536,0.23965116168775025,310.3154846919087,471.1502893088505,300.0,3.064839790947374e+42,6.218094319376353e+41,4.725833899399267,478.22815835459534,2.2382611563145712e-15,3.3418485646394416e-16,7.53368392559586e+42,1.1248209683741388e+42,6.697673796466781,False,False,CW-HCG
8071,150.0842049,2.519036369,0.404,5.9429366891510265,1.3049492860310382e-15,2.1810952134147586e-16,9.557430076530348e+41,1.5974310431532568e+41,0.7992808310129391,0.05301269064319097,13.195012605830733,0.3111322424881345,300.8282443082492,456.7458645475736,300.0,9.485133068518555e+41,1.596034681950069e+41,5.983000090986344,455.8692573037777,2.639952567070766e-15,4.255541294627182e-16,1.933497518656485e+42,3.116752413029738e+41,6.203564680253081,False,False,CW-HCG
8097,150.0436326,2.326836368,0.727,2.798438167411162,5.144676517537884e-16,1.8216157501271104e-16,1.7128289156701812e+42,6.0647469659591995e+41,0.9088245356477463,0.1276962672301099,13.237004012422856,0.29610724669091815,272.4862010696944,413.71429657826417,299.99999999999994,1.696181600539556e+42,6.061172336384675e+41,2.8242380519486034,412.69327739694666,8.640847481130335e-16,2.5709341824787443e-16,2.876817108154925e+42,8.559469955055429e+41,3.3609757651591594,False,False,CW-HCG
8117,150.1355243,2.074246614,0.726,3.7992703942830874,5.798804454888079e-16,1.5216143506026666e-16,1.9235795457272814e+42,5.047499470062545e+41,0.9446151191298026,0.09836044463759666,13.275721260232347,0.27608277463134406,280.81938945637216,426.36653055603824,300.0,1.9169241004587887e+42,5.045505851184639e+41,3.810955418888724,425.99282238499865,8.315399223266493e-16,2.247815650450067e-16,2.7583844195588885e+42,7.456454587163464e+41,3.6993243736876504,False,False,CW-HCG
8132,150.0184374,2.353988472,0.724,2.9277907650715425,5.433352467222667e-16,1.8418654958375224e-16,1.7892256019149625e+42,6.065339806899807e+41,0.9226083804762504,0.12411003198265759,13.25278767562423,0.290579261815526,276.1444064076517,419.268529571313,299.99999999999994,1.7754446055607367e+42,6.064110272980359e+41,2.9499181560768877,418.4491568667528,1.4787307678648193e-15,3.037771752604196e-16,4.8695220200863106e+42,1.0003508929932941e+42,4.8678139382827075,False,False,CW-HCG
8162,150.2315564,2.346369253,0.723,3.983471876740117,5.897727973534053e-16,1.482935126033298e-16,1.9350478863401124e+42,4.865518542203535e+41,0.9470477524621626,0.09449498317297232,13.279080521044213,0.27434599135663007,281.8885221375554,427.98978881061464,300.0,1.9410298154224857e+42,4.8727087211443594e+41,3.977064046833849,428.324139819202,7.786362383004579e-16,2.2611187242110607e-16,2.554709905089551e+42,7.418743332488497e+41,3.4435884766384217,False,False,CW-HCG
8177,149.9474482,2.516934567,0.725,2.5976648846825934,5.847140999029655e-16,1.5171543340975018e-16,1.9325423741476997e+42,5.014356656102229e+41,0.9462606415171727,0.09743083650122297,13.277720174657832,0.2753590407324714,281.36510435596233,427.19508647898004,261.30978154424014,1.4427596141614498e+42,5.554063661825029e+41,3.8540185844098063,396.74520044023905,2.3781824430645143e-15,3.178663472639684e-16,7.860146258554357e+42,1.0505821315154011e+42,7.481705639916579,False,False,CW-HCG
8235,149.8963894,2.4759203,0.724,3.6983377046237753,5.777499026540714e-16,1.570340325721613e-16,1.9025544975567258e+42,5.171196110413217e+41,0.941562566211382,0.10155528878714672,13.273031725061903,0.27785148725924114,280.4686131613461,425.83394884150243,299.99999999999994,1.9146556666936297e+42,5.1770709427099335e+41,3.6791381663626326,426.5175800601191,7.95891933272289e-16,2.305928623866304e-16,2.6209052918230558e+42,7.593519019610193e+41,3.451502900110729,False,False,CW-HCG
8271,150.3335225,2.281231584,0.718,3.1693981544966796,1.4988598609949475e-16,1.0650873447191676e-16,4.828213160596713e+41,3.430920307349152e+41,0.598647810165108,0.1688087882460487,12.82380906422173,0.4527900165344554,199.16118516671995,302.38532925147433,267.4560734262735,1.5484745548270273e+42,4.885705359012979e+41,1.407264736011067,406.07708151369485,1.2816092895660268e-15,2.49999121117938e-16,4.128393187151038e+42,8.053114758293662e+41,5.126455180462107,False,False,CW-HCG
8274,150.2959073,2.429404793,0.718,2.210519306641357,1.3687830831947258e-16,1.0469564240322905e-16,4.409202399946847e+41,3.372515948041e+41,0.5809199599498307,0.17632331199684656,12.793884426341657,0.4695925256610769,194.6389812068413,295.51929191490433,247.11954820579422,1.1327958520380015e+42,5.124568912990683e+41,1.3073926018075699,375.2002474083056,7.46647984652462e-16,2.8978233143797463e-16,2.4051452171379357e+42,9.334634296154148e+41,2.57658215719158,False,False,CW-HCG
8340,150.2797069,2.533825499,0.703,2.0471319547053906,1.1195446317895827e-16,1.0510732185480584e-16,3.41046119169387e+41,3.201877191583598e+41,0.5351702578553729,0.19938064067502548,12.716225183129136,0.5216895828871909,184.50081000465855,280.12656248113655,240.31623623624043,9.694113888318546e+41,4.735461173392537e+41,1.065144284939645,364.8708163588171,3.838315554530844e-16,1.8599683629399696e-16,1.1692634548456942e+42,5.666008964238749e+41,2.0636456140919455,False,False,CW-HCG
8573,149.9956909,2.470294497,0.692,3.8020624522350874,7.410711198800855e-16,1.8995328775725652e-16,2.165424124203153e+42,5.550471752938165e+41,0.9891428906679369,0.10061098924208807,13.330637358665241,0.2644161996265379,296.99592658778204,450.9272776842264,300.0,2.1006653128237968e+42,5.5250678788532156e+41,3.9013334732437417,447.47669591067597,1.138730397362116e-15,2.815419005821694e-16,3.327392212788391e+42,8.226708707705213e+41,4.0446214045137205,False,False,CW-HCG
8577,149.8880322,2.57531153,0.693,4.178829735210407,9.338391369946943e-16,2.2462740893260127e-16,2.7391157476190055e+42,6.5887201422533435e+41,1.0689777769731579,0.10203726572069245,13.407639130440442,0.2448731840945517,314.9492697579911,478.18573962370436,300.0,2.7567087361192487e+42,6.596843879260007e+41,4.157280455809779,478.9609278457593,1.901424785125883e-15,3.643228685864442e-16,5.577215995265124e+42,1.068623563769665e+42,5.2190651454390515,False,False,CW-HCG
8698,150.216733,2.415213749,0.682,2.661320913773357,3.3316472548243396e-16,1.2207667432300875e-16,9.368468947369347e+41,3.432750964067858e+41,0.7510107226919037,0.10919915384579156,13.059131702769625,0.34521244320831207,242.1142984598859,367.60080431835115,251.62116865213875,1.090893128813534e+42,4.099066456689773e+41,2.7291431989775274,382.03503290977545,6.288616105266935e-16,2.0013583240719948e-16,1.7683356069226572e+42,5.627745639781488e+41,3.142174007337186,False,False,CW-HCG
8820,149.9822946,2.466893915,0.678,3.1263404884964143,4.214098350267567e-16,1.3487955808521931e-16,1.1667622635553719e+42,3.734425858591237e+41,0.8082713309092969,0.1026592533501416,13.133345307954354,0.32110460785020806,256.7244425702053,389.7833055598062,266.5283727959799,1.3530545080855638e+42,4.3279179381267686e+41,3.1243417535554383,404.66855876211895,8.446536721747352e-16,2.3477419204650605e-16,2.338602349905711e+42,6.5002200937994855e+41,3.59772794791439,False,False,CW-HCG
8836,149.9598464,2.239791198,0.675,2.0063006394250484,1.907623538045181e-16,1.2170723664170118e-16,5.2203263288353905e+41,3.3305915930432603e+41,0.6196731079363894,0.15688659522636975,12.869641214289747,0.43218727473051494,209.94116385828664,318.7525114574073,239.26909036136038,8.753063818851427e+41,4.362787733228166e+41,1.56738710916682,363.2809405510142,2.8831929887896806e-16,1.8225148650908185e-16,7.89003069542534e+41,4.987421336118019e+41,1.5819859930997089,False,False,CW-HCG
8936,150.175001,2.216710549,0.677,3.632034535137241,5.913328199047493e-16,1.6414183075609654e-16,1.630876439745482e+42,4.526977626574624e+41,0.9032401479909323,0.09949241707663022,13.244200924866794,0.2886121391581883,279.63809491309024,424.5729775647048,299.99999999999994,1.647819718177643e+42,4.536905423767889e+41,3.602572343569319,425.6846349168399,8.54155026443445e-16,2.447010237386386e-16,2.355731428438521e+42,6.748773634130914e+41,3.490606673373606,False,False,CW-HCG
9019,150.4414103,2.147568,0.67,3.5252004422390804,7.095581304673624e-16,1.992254704844455e-16,1.9041124044072205e+42,5.346252453952342e+41,0.9521195988925762,0.10608350112666824,13.298533997396547,0.27612468313076977,292.3803692578279,443.91950244062707,300.0,1.8814556569679725e+42,5.337159369505069e+41,3.5615834097014267,442.5771425228804,1.2790461293543286e-15,3.1717896758038724e-16,3.432344012615951e+42,8.511556427224543e+41,4.032569180458542,False,False,CW-HCG
9061,150.0444458,2.488228176,0.668,2.8944001760834532,5.8493863575348675e-16,1.5671417168779315e-16,1.557394262210395e+42,4.172501812591526e+41,0.8911716110818279,0.09474553799586882,13.233213385471027,0.29096210821431445,278.31027907632904,422.55696210140934,265.2183797661064,1.287326096968414e+42,4.4476437902596964e+41,3.7325190788667455,402.6796035682451,9.451129103751954e-16,2.486915334984246e-16,2.516355278640906e+42,6.621391435904e+41,3.800342122950408,False,False,CW-HCG
9241,149.8854296,2.176822389,0.66,2.54164482598135,5.454660908809267e-16,2.140695751636249e-16,1.4070090196980004e+42,5.521843211403029e+41,0.8630953089999074,0.1344142784071351,13.20348283024799,0.313597902164377,272.9213615784887,414.3749983792644,299.99999999999994,1.4030699610645352e+42,5.520322693092252e+41,2.5480785415862925,414.0811899491179,8.7298224473473e-16,3.085544705041469e-16,2.2518244725245525e+42,7.959045123526225e+41,2.829264613500381,False,False,CW-HCG
9598,149.9942356,1.972675323,0.6,3.1392702283798677,5.672261410964922e-16,1.8483020137271843e-16,1.1401912175507204e+42,3.715304304133876e+41,0.8148455441775346,0.10536380683578203,13.162248390600915,0.3196468320386506,270.9779315736131,411.4242993190557,300.0,1.1717546512375513e+42,3.7325702026049445e+41,3.068903982594571,414.2764669514904,8.440899379094143e-16,2.60878035820834e-16,1.6967199927824324e+42,5.2439551660965696e+41,3.2355730341711055,False,False,CW-HCG
9624,150.0909059,2.457859687,0.598,4.172317042546762,7.193567485631052e-16,1.7627566939075293e-16,1.4334718784857244e+42,3.512668998207423e+41,0.8793627520925019,0.0855097379310615,13.238637309861428,0.2921082227481326,287.57524100288686,436.62390270692606,299.99999999999994,1.4714257594794038e+42,3.526639381606659e+41,4.080862384748608,439.52020946884426,9.744510617144049e-16,2.6329173667478564e-16,1.9418017509647632e+42,5.24664988706733e+41,3.701031692149281,False,False,CW-HCG
9799,149.9382864,2.496133881,0.547,8.27141706152405,3.711046529023139e-15,3.5362932204110725e-16,5.869070014161816e+42,5.592695305456501e+41,1.416886347059666,0.053577980963245106,13.72711419133106,0.177549059508416,427.1787012002705,648.5830665424551,372.35125987093585,3.410136843194931e+42,4.1227963936890354e+41,10.494170866837088,565.3388646940465,1.1870975712419981e-14,7.020132141565738e-16,1.8774107801592834e+43,1.1102433430917556e+42,16.909903507560376,False,False,CW-HCG
9855,150.3870365,2.495767597,0.536,4.495969462999015,1.0658396472247785e-15,2.3201682370197385e-16,1.5996164441977546e+42,3.4821178541309993e+41,0.9233288015626946,0.07975968826620972,13.303748978313877,0.2774169813956896,310.0505159719843,470.74798876244313,300.0,1.5594992537410997e+42,3.4686606894808467e+41,4.593803286411041,467.73267381615887,2.6126280194592662e-15,3.641576199747178e-16,3.9210426759603235e+42,5.465292257688245e+41,7.174442813089155,False,False,CW-HCG
9929,150.0892153,2.300179082,0.531,5.353460584657636,1.1684338277523344e-15,2.1950530610720866e-16,1.7117834126027767e+42,3.2158050635646195e+41,0.9452316702387066,0.0704658385743964,13.328419306387541,0.2691781694493629,316.6206601675708,480.7234024664187,300.0,1.72463635176515e+42,3.2215355366727596e+41,5.3230322695783,481.6340599874047,2.19234630642053e-15,3.584986537283795e-16,3.211839603472255e+42,5.252090741614019e+41,6.1153543635943075,False,False,CW-HCG
10047,150.190275,2.555501825,0.516,3.0454206935988566,3.95784214944727e-16,1.310298764660587e-16,5.386732767891684e+41,1.7833529041351212e+41,0.646514956532422,0.08493562714664377,12.954293557985217,0.38134906379979716,239.0442741855929,362.93960339099675,252.50681350297532,6.689225696122253e+41,2.1964865839988146e+41,3.020564665244486,383.37970260329973,1.0703202625086297e-15,2.360302994072983e-16,1.4567355171046544e+42,3.2124377375943098e+41,4.534673155083642,False,False,CW-HCG
10141,150.4022923,2.464143316,0.503,11.008444122312081,5.035419725416605e-15,3.7018529788415624e-16,6.419593351580103e+42,4.719445859010721e+41,1.4725182772276912,0.042957959372957856,13.777161719875656,0.17078723752921698,451.9175113795983,686.1438656263912,385.72317606435774,3.432703002234059e+42,3.1182453797231936e+41,13.60243033474647,585.6413713169416,1.3546154934560611e-14,6.469812901654506e-16,1.7269822755477375e+43,8.248283192716805e+41,20.937475535183545,False,False,CW-HCG
10174,150.110024,2.556556769,0.501,5.779407033650173,1.5414649697817856e-15,2.7267486949496643e-16,1.9452652830745487e+42,3.4410445102137485e+41,0.9920560561033853,0.06963813411386753,13.384527828441117,0.2564792281024818,334.6057839451198,508.0301167267807,330.70859786672264,1.85724129175969e+42,3.2135499039019732e+41,5.65312444317587,502.1130405932766,2.7670975402501146e-15,4.1742449819725e-16,3.4919630905991484e+42,5.267725187182647e+41,6.628977341292865,False,False,CW-HCG
10346,150.0082555,2.27509357,0.473,2.226526257565364,5.440732547250694e-16,2.4913611434100764e-16,5.92939714390825e+41,2.7151251269729122e+41,0.6731525841620347,0.12231853914356375,13.005894813381428,0.3847719084122693,253.07224866328497,384.2381996893532,258.9800537271868,6.4956462948251525e+41,2.91739038457509e+41,2.1838393689497924,393.20798754187115,1.1038519783734335e-15,3.428402831521775e-16,1.2029954994152966e+42,3.736328110387355e+41,3.21972659754065,False,False,CW-HCG
10574,149.9071085,2.462389012,0.427,2.9209477615904675,2.860666514685546e-16,1.207347232547844e-16,2.4070452406356823e+41,1.0158959092155496e+41,0.5040036606665997,0.08441081793961139,12.729941848920507,0.45903040640210463,208.59358133221704,316.70648433872964,237.9971725177013,4.053696935207575e+41,1.3878019280291138e+41,2.3693817632303924,361.34979470242064,8.360313537157127e-16,2.1769897090827012e-16,7.034602882415389e+41,1.8317803530260097e+41,3.8403091674144103,False,False,CW-HCG
10622,150.2271496,2.214333002,0.425,3.7332514348838566,6.669261537904853e-16,1.6441670110821743e-16,5.545874679587816e+41,1.3672194655959973e+41,0.6647122589331254,0.06502813952883559,13.00598696782607,0.3666013317824949,258.0263481712372,391.75998165506445,262.58155699425794,5.9430614756359644e+41,1.591926388912205e+41,4.05631635530457,398.67613009335207,1.1536441735918095e-15,3.008930652938145e-16,9.593215043695449e+41,2.5020989544230046e+41,3.8340670047191185,False,False,CW-HCG
10778,150.4132345,2.408998015,0.385,25.631019582423843,3.2667207616239994e-14,8.455632778803631e-16,2.1219067437340655e+43,5.4923776854935774e+41,2.2394460429069527,0.023002453594443858,14.22558328936741,0.16180464553665086,668.5378258444515,1015.0372946204969,493.7777381349361,6.406045420914703e+42,2.499333044600212e+41,38.63366405661482,749.7000170891276,6.816560672132809e-14,1.3378710593593597e-15,4.4277142476299124e+43,8.690175347861626e+41,50.950804447454914,False,False,CW-HCG
10811,149.8175429,2.281554107,0.382,3.7327198299007978,5.034955218041477e-16,1.524044495687052e-16,3.2075272229314294e+41,9.708952705991579e+40,0.5591937565139972,0.06716821508226244,12.845145687982239,0.41913266442582875,232.0049301577784,352.25180616894653,253.64839161481686,4.563233776194304e+41,1.2224956557523309e+41,3.30367993342063,385.11295435577597,1.377619539646199e-15,2.7672928009365065e-16,8.776149905810437e+41,1.7629088260845958e+41,4.978221094565727,False,False,CW-HCG
10824,149.8329798,2.252421234,0.38,3.1067104053468593,2.984804164887492e-16,1.4691172669158485e-16,1.8768582532324715e+41,9.237875301213524e+40,0.46845320761358933,0.09149688258342266,12.669405869946932,0.486786158878587,202.8905336121924,308.04757843237593,245.15445102434674,3.96502287460292e+41,1.276276948047313e+41,2.031699056368427,372.2166511933818,1.2272938268687653e-15,2.7953788008101724e-16,7.717278658336139e+41,1.7577467342516326e+41,4.390438342428097,False,False,CW-HCG
10876,150.4410536,2.159770991,0.377,2.875173212554454,5.490657575392326e-16,1.42876797625373e-16,3.3853343348609256e+41,8.809249566461813e+40,0.5698298733811119,0.058841267652882785,12.86520156686611,0.41067417982567556,236.07143800402176,358.4259626089208,231.1895288638022,3.1169574382445536e+41,1.0840937946396926e+41,3.842931579268024,351.01378688047595,7.323276230731419e-16,2.261715194373109e-16,4.515258532725841e+41,1.3944890931649192e+41,3.237930332232325,False,False,CW-HCG
11191,150.2334198,2.207399197,0.361,3.4724126838412825,6.119375417097411e-16,1.5162582289208544e-16,3.3892316699830766e+41,8.39783484270778e+40,0.5718264098430941,0.056225035971910815,12.872829423407584,0.40883760010108333,238.9644537959379,362.81841253351814,242.3152192567799,3.580997149842451e+41,1.031270610923195e+41,4.035839872376271,367.9058612563855,1.39310708571365e-15,2.8662972371249004e-16,7.715759097548715e+41,1.5875060295379919e+41,4.860302231289296,False,False,CW-HCG
11199,150.095339,2.298692616,0.361,5.138055809558846,1.102402244255808e-15,2.1701034555179093e-16,6.105682924523746e+41,1.201917329345628e+41,0.694881733160586,0.05428135800434286,13.066854863714914,0.3509777613786201,277.33740702041047,421.07985582338523,300.0,6.1909659148654555e+41,1.2049238358500845e+41,5.079952485457485,422.5601903711534,1.4487184013055097e-15,3.067139552052239e-16,8.023763786208192e+41,1.6987430575069878e+41,4.72335339399919,False,False,CW-HCG
11242,149.8835047,2.448847482,0.36,9.02397234754166,3.2408060474876486e-15,3.274073927640149e-16,1.7826879205558456e+42,1.8009877654775548e+41,0.9910184323102678,0.039729823181327506,13.420500702709353,0.25217975873915716,363.96673489272376,552.608686652419,342.89146024897394,1.4082635031364236e+42,1.5605804726563323e+41,9.898389954265697,520.6102133711881,5.684749571586834e-15,5.026008807596827e-16,3.127041311376561e+42,2.7646841738202783e+41,11.310663767628736,False,False,CW-HCG
11319,149.7862583,2.1738353,0.355,2.6869387683810375,1.1131821546884378e-16,1.0589644977307355e-16,5.915866590436649e+40,5.627733669820797e+40,0.321180624598888,0.12124503477065471,12.300154333503105,0.6520659599030333,154.33649658967744,234.32825175107016,225.04554471267778,2.6269768444133518e+41,9.776839261566742e+40,1.0511987484697416,341.68540962213433,5.829519265841153e-16,2.147031781011689e-16,3.0980247139111513e+41,1.1410130434086695e+41,2.7151527599159535,False,False,CW-HCG
11336,149.7750963,2.141203399,0.354,2.2909583520801093,3.017340650128163e-16,1.8073619786318882e-16,1.5924288066825904e+41,9.538516238642178e+40,0.44589384037141716,0.1059867878941289,12.627007123407203,0.5130558973064859,198.42233876791556,301.26354283821456,230.1083098253974,2.8600603421079212e+41,1.2484121937489992e+41,1.6694722395411836,349.372177976375,5.625337904289536e-16,2.6569934931745696e-16,2.9688229354327747e+41,1.4022523368449201e+41,2.117181663688757,False,False,CW-HCG
11423,150.3248305,2.484184158,0.349,3.4545749557444982,5.274558449661967e-16,1.4466627250681457e-16,2.687974766952198e+41,7.372357209393879e+40,0.5308095673414812,0.05777226350529748,12.801831139701696,0.4318066957156402,227.36282453882254,345.2037228045449,238.17084388450508,3.2295730087626043e+41,9.34868413664684e+40,3.646018078895,361.61347898100405,6.537942250010945e-16,2.2043917875656518e-16,3.3318094706005882e+41,1.123383039168494e+41,2.965871260675902,False,False,CW-HCG
11720,149.8684751,2.444885578,0.332,7.248174181287005,1.922677921180826e-15,2.6298641705867553e-16,8.669436466720871e+41,1.1858169323026822e+41,0.7848084135695267,0.042598066636612066,13.195469597345204,0.31441399999189334,309.61840058930386,470.0919103596306,300.0,8.585259502545044e+41,1.1844720184443228e+41,7.310940019962523,468.9329014849653,4.1154291553325404e-15,4.34560035929294e-16,1.8556644980628904e+42,1.9594496722317296e+41,9.470335086225347,False,False,CW-HCG
11921,149.9256837,2.074548142,0.31,3.6097514245270252,2.5680641518350545e-16,1.2411992801501277e-16,9.799332506159535e+40,4.7362229809974705e+40,0.38290261460198144,0.07343843911647417,12.486672370275238,0.5427884928052593,181.25196330652975,275.19385645371017,235.95688497867218,2.7794766771144565e+41,7.699911573491915e+40,2.0690184025279468,358.2520373821851,9.235354018434187e-16,2.4842269974263197e-16,3.5240671372662034e+41,9.479422993060191e+40,3.7175966721246057,False,False,CW-HCG
12055,149.8957379,2.423526434,0.282,3.976918275997996,2.90773404369919e-16,1.3729655781405224e-16,8.830142359818065e+40,4.1693914670020355e+40,0.37189698951693356,0.06968304014686837,12.464727714511714,0.5500776006914162,180.16125905535804,273.5378462033673,234.71580164217556,2.5121321891184764e+41,6.316781021827922e+40,2.1178491944694513,356.3677073957929,1.3518812723793492e-15,2.697052510903708e-16,4.105363114122747e+41,8.19034934601063e+40,5.012439568432323,False,False,CW-HCG
12278,150.1306103,2.429353475,0.25,4.122464698007996,3.323782226450225e-16,1.310581190930866e-16,7.574602156976404e+40,2.9866972140108426e+40,0.35561063881283683,0.055642364150527944,12.428152073355886,0.5564085874567427,177.3241528538407,269.2302835015835,224.50422922170043,1.9245391750963433e+41,4.668418812722141e+40,2.5361131759333757,340.86353329703064,1.270928491764869e-15,2.502020115782794e-16,2.8963322622271416e+41,5.70187986896094e+40,5.079609407405743,False,False,CW-HCG
12399,149.9141428,2.40547772,0.223,4.276797508455689,5.449620145562112e-16,1.561224971532375e-16,9.490432357892203e+40,2.718850046795672e+40,0.385097228690914,0.04377932990589086,12.514113879245347,0.525678172574845,191.3514910514277,290.5279137393649,228.2050130872851,1.9038431923819868e+41,4.4515626204371e+40,3.4906052906732565,346.4824130337956,1.5567873292642169e-15,3.0900654569786353e-16,2.7111219588465008e+41,5.38130299316304e+40,5.038039973387465,False,False,CW-HCG
12400,150.1221425,2.350449296,0.222,10.616721853784195,3.5497486167413813e-15,3.3534535949969807e-16,6.117205123037682e+41,5.778934151685368e+40,0.7138704476914997,0.02676169182532812,13.1287755249952,0.3387401854692817,306.8183029721917,465.8405375874815,300.0,6.140387501898859e+41,5.783694427023344e+40,10.585351835603905,466.2865520597498,7.597986262567695e-15,5.279209013915456e-16,1.3093445623429971e+42,9.097546872250287e+40,14.392281575781865,False,False,CW-HCG
12428,150.0301242,2.375309807,0.222,9.977179357865154,3.2640518097821154e-15,3.228985906231545e-16,5.624869986142535e+41,5.564441671914355e+40,0.6943093196199712,0.027255964806706046,13.101117143750141,0.3466302131506607,300.37363005486776,456.05562623343576,300.0,5.542426101704523e+41,5.555103203928422e+40,10.10859726418408,454.35512989438394,6.361638284491129e-15,5.625940539271013e-16,1.0962873855705763e+42,9.695061821117499e+40,11.307688447975393,False,False,CW-HCG
12520,150.1131654,2.355703625,0.22,10.647899026152981,3.646043631489859e-15,3.409210763296873e-16,6.1516727955581305e+41,5.752083964592477e+40,0.7154624830077536,0.02654717508235346,13.131482877433335,0.3380902198586775,307.6860864333826,467.1580884315958,300.0,6.120922711625825e+41,5.748479297739243e+40,10.694685323485123,466.56618629663006,7.802235561335834e-15,5.369842149100537e-16,1.316407731182121e+42,9.060097794706014e+40,14.529729822026013,False,False,CW-HCG
12643,150.324946,2.499126307,0.217,3.9479429107263266,4.297140355289863e-16,1.3411628986061326e-16,7.021562151226586e+40,2.191471040942281e+40,0.3489152399583192,0.043213693764628816,12.4173614391335,0.5563035112909446,178.05450279193815,270.33916978540185,210.8585635659162,1.3699465922813073e+41,3.470026348555456e+40,3.204040582807555,320.14539437490225,8.629726937955273e-16,2.280689987786747e-16,1.4101043725130983e+41,3.7266659156737327e+40,3.783822871222331,False,False,CW-HCG
12757,150.0560151,2.207021854,0.185,8.328951403711601,2.4813139491561872e-15,2.853694639577934e-16,2.803234689522382e+41,3.2239273106449615e+40,0.5550402997629769,0.025330849738825087,12.887228392623957,0.41090416027256205,258.40785288180257,392.3392181534752,263.9754188815951,3.0496603644665188e+41,3.6615177789457494e+40,8.695092722055145,400.79242291105504,3.7833931430271705e-15,4.467721467136228e-16,4.274243050236162e+41,5.047354771071644e+40,8.468283376341036,False,False,CW-HCG
12975,149.733526,1.953287303,0.124,3.871171079625305,7.997410850492118e-16,1.9516783340239798e-16,3.669350102556653e+40,8.954636980627066e+39,0.2861475215508183,0.027710750063398504,12.242060340754584,0.6118186640618578,160.97408575134756,244.4060667751546,178.85564916544286,5.564243486384242e+40,1.437354064683396e+40,4.097709500111639,271.5555459067231,1.202427611631212e-15,3.076068086554351e-16,5.516945374620138e+40,1.411353119137915e+40,3.908975932252878,False,False,CW-HCG
13353,150.1925433,1.792636697,1.872,4.047760104776833,1.0740537866279759e-15,2.581253161941483e-16,4.70639654876378e+43,1.1310793857900972e+43,2.2105947544560873,0.21082065814404094,13.847341152364196,0.17863664935413495,285.8706694396929,434.03586110164224,300.0,4.556519734233909e+43,1.125689175318636e+43,4.1609780956941425,430.4965073471255,2.5011360407566057e-15,3.9689294472317637e-16,1.0959728625101788e+44,1.7391452909805296e+43,6.301790127564727,True,False,CW-HCG
13362,150.2412237,1.761973375,1.73,2.6667535967097487,1.1326687650589868e-15,4.316582057316711e-16,3.9897191871626144e+43,1.5204754283253737e+43,2.141362670599852,0.3238372206961092,13.845749897457871,0.20120835109160187,299.0025176271477,453.9738737948275,300.0,4.07200401504273e+43,1.5269517288986823e+43,2.623994517002372,456.3246449680045,1.5240126605783518e-15,5.247432888845403e-16,5.368191249691203e+43,1.8483588782360713e+43,2.904301384812339,True,False,CW-HCG
13434,150.199899,2.562118457,1.399,3.547885573279402,6.266525778585263e-16,1.7482993217266583e-16,1.2284547024325789e+43,3.4272683124901627e+42,1.5343057897266499,0.16986360685978452,13.588481889064928,0.1878890814696316,275.15487962440807,417.76613651262653,300.0,1.2146616233850825e+43,3.4236211915435016e+42,3.5843552077777545,416.5743862492712,9.961682755801268e-16,2.567670248205081e-16,1.9528326313321806e+43,5.033517298345606e+42,3.8796581308542013,False,False,CW-HCG
13461,149.9125186,2.064741595,1.284,2.027735066277506,3.576816997136959e-16,1.397568813101098e-16,5.5394644432972423e+42,2.1644335601825655e+42,1.2034177365433254,0.18659171112014133,13.374075726480585,0.2422493251942311,243.41546918154452,369.5763646503092,238.56573350498866,5.115898118393056e+42,2.5229618027885492e+42,2.5593136907514964,362.21303771433844,2.8660851662263793e-16,1.8455547373459228e-16,4.438744526902271e+42,2.8582353678898767e+42,1.5529667629084105,False,True,CW-HCG
13676,150.2185019,2.113892437,0.991,3.42846884081185,6.850315709185988e-16,1.9835103375195314e-16,5.2340226619247165e+42,1.5155123497180857e+42,1.2484078818776922,0.14344315940279667,13.48377812121478,0.2194244423973569,296.1958560569492,449.7125350089015,300.0,5.2116601109304994e+42,1.5201130163097518e+42,3.4536324714861903,449.2256398265177,1.4700974932563265e-15,3.2732889335375363e-16,1.1232363472860523e+43,2.500975018448993e+42,4.491193790422742,False,False,CW-HCG
13935,150.0587181,2.594767327,0.699,2.4640563333661665,1.5503966183526359e-15,5.488382162191724e-16,4.652291803503027e+42,1.6469047368529026e+42,1.2723931685624146,0.17874023297190056,13.579448114379502,0.2261847435472995,358.465663610117,544.2564404572862,339.7895751648119,3.7654689829047315e+42,1.5281586430942895e+42,2.8248700118460817,515.9006383518921,1.6276706595057587e-15,6.214659523833506e-16,4.8841688496889346e+42,1.8648395656985724e+42,2.619082595375606,False,False,CW-HCG
14579,150.3663146,2.436204482,2.285,3.501337063617514,2.6518749599421716e-16,1.3929674363886817e-16,2.019429130778806e+43,1.060758543204812e+43,1.5700425905570061,0.3272644371009108,13.425285211589134,0.23661066608470618,182.48556002826243,277.06681955418793,239.76516715002967,5.940673322876452e+43,1.6966870698071736e+43,1.903759478266953,364.0341312038525,1.5170601574221166e-15,3.0528222002470776e-16,1.1552563832455019e+44,2.3247544380454636e+43,4.9693695142132235,True,False,CW-HCG
14785,150.4503795,2.443581272,2.002,5.318629280355685,1.374985159535553e-15,2.5620054792563074e-16,7.256774308604538e+43,1.352152451350912e+43,2.500318872498413,0.18487445282891904,13.943361612523514,0.1867662791703909,295.44177554598315,448.5676187271486,300.0,7.179658963300556e+43,1.3499077647352806e+43,5.366831455546615,447.35680687272907,4.995387543886323e-15,4.86380098178886e-16,2.6364211816105834e+44,2.5669735969174505e+43,10.270542652937799,False,False,CW-HCG
14932,149.8723099,2.34382258,1.738,4.940886603322399,2.3987913331191346e-15,4.236785848115142e-16,8.558038846587193e+43,1.511535304143918e+43,2.7533805773062747,0.19297886396954886,14.094276211315956,0.2021380570187524,360.8846202482162,547.9291289826349,335.20243960006684,6.392196679781365e+43,1.2937347470154567e+43,5.661818697270968,508.93601571769034,4.485515200453708e-15,6.7668430697800975e-16,1.6002731376607693e+44,2.414170213990067e+43,6.6286673921632335,False,False,CW-HCG
15042,150.3506693,2.369796246,1.619,3.3142779483234905,5.510721218342785e-16,1.7521286894762836e-16,1.615992099047778e+43,5.1380318592129654e+42,1.6171440831894888,0.20403549928906792,13.59054473174679,0.1898666728336858,255.14770688544036,387.38935646384607,268.78817593893854,1.9853650920597413e+43,5.990339745234788e+42,3.145157802301585,408.0996054133781,1.0901189416550034e-15,2.9636472945287446e-16,3.1967205869045516e+43,8.690751033424657e+42,3.678301880481852,False,False,CW-HCG
15633,150.2260721,2.113996203,1.123,3.00490094294454,6.488006363826119e-16,2.1566689648931314e-16,6.96449890520764e+42,2.3150591726663805e+42,1.337820665664523,0.17646946990159929,13.519110855957384,0.21454303660710908,289.1091896406309,438.9528884653247,300.0,6.962774726487645e+42,2.3171395193030008e+42,3.0083459582530865,438.92539237156365,8.046541037715716e-16,2.850723050248249e-16,8.637495573421627e+42,3.0600860185956815e+42,2.822631625690542,False,False,CW-HCG
15638,150.1574132,2.135385131,1.121,2.5224878920757483,2.9951921439289667e-16,1.5473916850851094e-16,3.199570791744928e+42,1.6529788411146082e+42,1.034449538382362,0.21207249228335925,13.263601840048853,0.29397790767555526,237.8075639533647,361.0619130647018,265.5342600039206,4.947657454855598e+42,1.9614197040938758e+42,1.9356392908135769,403.15920279153505,4.3877495954640737e-16,2.2109489714531814e-16,4.687150196889144e+42,2.361814338168169e+42,1.9845548911878121,False,False,CW-HCG
15750,149.8089659,2.36082078,1.07,2.490259522485606,3.319882220480434e-16,1.3986557112472586e-16,3.123910302786609e+42,1.3160933720667797e+42,1.036335861256795,0.17325593973997785,13.278270432078815,0.2765739090096281,245.28126254629888,372.40918842791507,259.4539525482932,3.9005433554334544e+42,1.5663200241636663e+42,2.3736236114318023,393.92750550884926,6.17188456798197e-16,2.311626686549307e-16,5.807559578646258e+42,2.1751718713872996e+42,2.6699313534899027,False,False,CW-HCG
15852,149.8680635,2.281842302,1.011,3.1920942805295125,5.3833877070178645e-16,1.6706223570506212e-16,4.3421641869345357e+42,1.347500303428043e+42,1.1689686265418875,0.14395440050988587,13.413192820288087,0.23482439336451924,278.37897962611265,422.66126976732676,300.0,4.295220233295588e+42,1.3455806300881207e+42,3.2223845708146137,421.5004959168202,1.219744581268172e-15,2.8525580049818316e-16,9.838286830216114e+42,2.3008328369585205e+42,4.2759676723066,False,False,CW-HCG
15965,150.4545228,2.48976157,0.984,2.260573523782529,2.3023478404000058e-16,1.0594282386791782e-16,1.725664125076997e+42,7.940665057216276e+41,0.8657381654606149,0.15808353164903127,13.12119213825271,0.32279673786519225,224.86134078746642,341.4057338181978,242.73862825979194,2.334945853632971e+42,1.0328997615286576e+42,2.1731984822968418,368.54872081095516,5.932955140081774e-16,1.9127273953535075e-16,4.4468901098591194e+42,1.4336343923775013e+42,3.1018299599275907,False,False,CW-HCG
16029,150.3067203,2.004240538,0.97,2.6244009368454093,3.0669816577607092e-16,1.3760838589342452e-16,2.211303865787906e+42,9.921609896850094e+41,0.9423968638674705,0.16779036294693234,13.209262895844768,0.301592451810368,241.91996989596268,367.30575633128626,264.1571133039302,3.130396682398703e+42,1.1928042847605107e+42,2.2287752580253626,401.0682885506122,4.842011841887255e-16,2.1865233629581996e-16,3.4911064684924493e+42,1.5764905384779054e+42,2.2144798102392014,False,False,CW-HCG
16138,149.8152596,2.15050052,0.952,5.399669691971589,1.4387516011293292e-15,2.6370109252490865e-16,9.861032382252992e+42,1.807375929647963e+42,1.5515157304427152,0.11284485206121272,13.710225674172763,0.17338616386406058,357.89319048071064,543.3872576615609,342.04722559207835,8.244907197605614e+42,1.5269280655934234e+42,5.455994085399657,519.328416546786,2.4738458750808307e-15,4.982904164017902e-16,1.6955445445709172e+43,3.415223258863774e+42,4.964666775943119,False,False,CW-HCG
16187,150.0138224,2.19966176,0.941,5.3130140066300235,1.0313588862488807e-15,1.9318351733523545e-16,6.850284491452205e+42,1.283124691559992e+42,1.3781779250308137,0.1024389227560683,13.595142407500393,0.18962496789246183,329.06958061674334,499.62452974027605,300.0,6.81398684052264e+42,1.2825087289473691e+42,5.3387519829610595,498.953416989248,1.697026584036024e-15,3.3877391884093827e-16,1.127164854562449e+43,2.250135964586582e+42,5.009318869180172,False,False,CW-HCG
16269,150.4384857,2.157000017,0.936,3.484926410152731,5.999710268682401e-16,1.6991653770141814e-16,3.928082750118093e+42,1.1124640871221757e+42,1.1475085559460825,0.1289617040996782,13.414098788467053,0.23479854421345572,286.9475497449843,435.67088253118123,300.0,3.869957363926304e+42,1.1104846726897454e+42,3.530974883224876,434.0307508341382,1.1358245094991112e-15,2.8156282905370284e-16,7.43638019691344e+42,1.8434258361665674e+42,4.0340002027841315,False,False,CW-HCG
16270,149.9244314,2.37399164,0.93,2.2280563063964736,3.4989081458867733e-16,1.2636097779805065e-16,2.251351806969345e+42,8.130622578088697e+41,0.9554832314338111,0.13693137378992118,13.233353938323182,0.2853372723347292,250.37463585421267,380.1424290361435,249.92449664874414,2.2353957166069868e+42,1.0032940865046554e+42,2.768978372008728,379.4589851625762,5.263103426725336e-16,2.301172836443814e-16,3.386512853718133e+42,1.480676087357969e+42,2.287139559173152,False,False,CW-HCG
16271,149.8395075,2.131462452,0.928,2.0018132918013927,2.2723302010797686e-16,1.1124047280331204e-16,1.4536470385130134e+42,7.11623617802039e+41,0.8269615094231824,0.16064830239276157,13.090067599475141,0.3381537478094738,224.478008080772,340.82372188334404,240.05843291009447,1.8951751373587745e+42,9.467292205125402e+41,2.0427189347689585,364.47939499027325,5.801263656097e-16,2.1103602411070734e-16,3.711163865758323e+42,1.3500321886419428e+42,2.7489447266376272,False,False,CW-HCG
16374,150.2274871,1.764942609,0.176,5.035226082055946,6.589316024704642e-16,2.2939611500496065e-16,6.641115113401125e+40,2.3119941441619254e+40,0.3450908836890788,0.047673678951875846,12.416298330087328,0.5618429906070894,180.61550734192247,274.22752887210476,228.30761480459392,1.676778275469551e+41,3.330095308818589e+40,2.8724619092010992,346.63819265543333,1.8873364973805927e-15,3.7458969539283414e-16,1.9021729857598718e+41,3.77534372015369e+40,5.038410080665281,False,False,CW-HCG
16426,150.5163201,2.295179163,0.907,2.6112510648323917,2.1877520407647995e-16,1.1470771574722373e-16,1.31576856209933e+42,6.8988076984108854e+41,0.8034383986798416,0.16716547131580187,13.066809579764595,0.35053230225635196,222.35975229493332,337.6075858038992,256.6305156731283,2.3186505304700294e+42,8.879462268860217e+41,1.9072405256380929,389.64069686989285,5.525038888334373e-16,2.0372527664312848e-16,3.322895985554766e+42,1.2252545504119835e+42,2.712004607073253,False,False,CW-HCG
16559,150.0650158,2.405946389,0.891,3.102694619154806,4.741747191006101e-16,1.602003519362757e-16,2.718342056590827e+42,9.183942892928254e+41,1.0248781229118236,0.13740316995463264,13.313316878387853,0.26625939880622934,270.39740145317165,410.5428836382686,300.0,2.894778568731473e+42,9.329885548066052e+41,2.9598856267758187,417.12697243881826,1.7284493472170972e-15,2.848485492510139e-16,9.908829728710753e+42,1.632975694395088e+42,6.067959102343734,False,False,CW-HCG
16872,150.1095361,2.007702,0.844,4.858462834717913,8.893196950202206e-16,1.8435610046299542e-16,4.407572539234388e+42,9.136904202066044e+41,1.214021419089243,0.09986778352460413,13.494246885590922,0.2144512824298596,316.59667399671656,480.68698439547194,300.0,4.4453992949228183e+42,9.149806113893887e+41,4.823923335255878,481.7273718331781,2.056219891733729e-15,3.4451711572952195e-16,1.0190866546846267e+43,1.7074671651696083e+42,5.96841143111175,False,False,CW-HCG
16937,150.5075249,2.280935874,0.832,3.3954130770177224,5.559584976753559e-16,1.639287945742458e-16,2.6516588697567183e+42,7.81862754070454e+41,1.028469208639894,0.12033823177622135,13.332290165969388,0.2598482663094771,280.94463813572105,426.55669493526466,300.0,2.656438269341575e+42,7.823608524459098e+41,3.3914633430892094,426.751079068716,8.653064496770614e-16,2.4496729689392276e-16,4.127102170284147e+42,1.168378050385345e+42,3.532334563220337,False,False,CW-HCG
16984,150.4914727,2.234435844,0.827,9.72811659070237,4.370600389962438e-15,3.525834930944001e-16,2.0511916268277308e+43,1.6547298866623725e+42,2.0268699891055677,0.06488528663057522,14.008963995459661,0.15580385101825592,473.21071047909606,718.4732124071351,398.2098458254455,1.0370281272143384e+43,1.0660112032430577e+42,12.395930256418048,604.5998131629278,1.265120113252504e-14,7.016351949012937e-16,5.937408025667588e+43,3.292884520338281e+42,18.03102413399433,False,False,CW-HCG
16992,150.0029268,2.154863426,0.827,2.3563794022085407,2.1130383084731518e-16,1.154034724776889e-16,9.916821715067872e+41,5.416066794775405e+41,0.7433367158555632,0.1611003744948723,13.010397994796142,0.37264678434096327,219.8868370193959,333.85297217685934,250.27227971910298,1.6540945147405844e+42,7.0196442609805e+41,1.831000630316101,379.9870222806046,2.981377007894223e-16,1.7705762394908135e-16,1.399207204816522e+42,8.309593266509776e+41,1.6838455986236518,False,False,CW-HCG
17117,149.9680819,2.323335234,0.801,3.405078793210559,5.387414509616043e-16,1.5052551866979537e-16,2.321389012206329e+42,6.486010765888239e+41,0.9902641846036487,0.10979442078011106,13.302792081679005,0.26670541742662923,278.11628728111526,422.2624254284191,300.0,2.1872852356402555e+42,6.42359654056029e+41,3.579070550445536,415.9530227146208,1.280859780998832e-15,2.468431277453689e-16,5.5191109139281793e+42,1.0636250904101701e+42,5.188962693424074,False,False,CW-HCG
17588,149.8898051,2.523160771,0.732,4.880427986899864,9.642239305647065e-16,1.8705261328225572e-16,3.269076722384053e+42,6.341777304614334e+41,1.1245892691877093,0.08657236236736854,13.447731411530922,0.22904033375676974,319.6708337056821,485.35446413048663,300.00000000000006,3.063309906186751e+42,6.276723915216748e+41,5.154827369932153,477.4366800062522,4.2303758496550144e-15,4.305278995700964e-16,1.4342543032450502e+43,1.4596492476568468e+42,9.826020227444623,False,False,CW-HCG
17608,149.8999928,2.507469731,0.721,9.613040140013414,6.677994898754259e-15,4.4891625950858885e-16,2.1750363435776978e+43,1.4621292685268173e+42,2.1109859953084116,0.05631240348506686,14.077551972480975,0.1576516766245368,520.7008615061851,790.5772468479192,411.63170645307235,8.58994385875421e+42,8.935720369042612e+41,14.87581426893381,624.9781501448797,1.9858480914214244e-14,8.32728618025981e-16,6.467947096622886e+43,2.7122138246640633e+42,23.84748222210692,False,False,CW-HCG
17651,150.1399532,2.070375047,0.725,4.059917472780547,6.302614574554313e-16,1.5520270188337013e-16,2.083081241801488e+42,5.129614593210609e+41,0.9700584948816717,0.09479292196636548,13.30244625639754,0.2680298153117042,286.75583335478365,435.3798005930757,300.00000000000006,2.08263687649208e+42,5.129751751002289e+41,4.06089230282249,435.35630116233176,1.8389394233871454e-15,2.769710923639867e-16,6.077890647371359e+42,9.154189585922555e+41,6.639463373926651,False,False,CW-HCG
17784,150.398846,2.399477851,0.701,6.507955719092901,2.3248656096177183e-15,2.8586768823900013e-16,7.029105127744278e+42,8.643054570313707e+41,1.4581260055935217,0.07114784188019678,13.714551551447808,0.17523161417605285,397.30851281603077,603.2313242247398,352.84751452122475,4.397252764144165e+42,6.7567343017464e+41,8.132663134960572,535.7264356744444,7.401324960062967e-15,5.041578518739777e-16,2.237750475281658e+43,1.5242939321480293e+42,14.68057064380115,False,False,CW-HCG
18033,150.3065154,2.410673591,0.676,4.157588827008472,9.670890167349748e-16,2.310863978595331e-16,2.656835214894779e+42,6.348520858909152e+41,1.0618685931241494,0.10068810492721077,13.405533757311845,0.24619905652915625,316.62936803153514,480.73662356826,300.0,2.6373422339918078e+42,6.3434417007741156e+41,4.184967292288766,479.84180507463367,1.873823721882256e-15,4.2387962429069726e-16,5.147862052667992e+42,1.1645032599936098e+42,4.420650615178391,False,False,CW-HCG
18230,149.9934445,2.257944621,0.659,2.3356838148528625,6.457251214081307e-16,2.776183973964705e-16,1.6589995037553927e+42,7.132582708099556e+41,0.9116710949423279,0.1555386069330049,13.258256679625017,0.3060876550030575,284.75594827215434,432.3433860996102,300.00000000000006,1.6675829858096798e+42,7.139592162283876e+41,2.3259449930688927,432.9082307880144,1.2408367032527025e-15,3.735231904123119e-16,3.187962503996504e+42,9.596572395756163e+41,3.3219803618699295,False,False,CW-HCG
18480,150.3920194,2.433588958,0.615,10.657685533513817,7.610927757995517e-15,4.1412576990027384e-16,1.6316468189223304e+43,8.87811600079493e+41,1.9607718794108524,0.042337107717109024,14.03236726928875,0.1532462003758618,525.1865415861672,797.3878301790372,399.2947148637504,5.523206377866462e+42,5.182369437058697e+41,18.378300292271874,606.2469638417508,2.327764934745533e-14,7.929696708038732e-16,4.9903117881870335e+43,1.699985181845671e+42,29.355031099559714,False,False,CW-HCG
18552,150.3831121,2.50836918,0.602,3.8969609683006468,6.001958377036376e-16,1.5529826631930838e-16,1.2169694377692044e+42,3.1488596217566777e+41,0.8322843720365583,0.0854564460083866,13.182793945019544,0.30742379092120015,275.06024640099145,417.62245541132654,299.99999999999994,1.2294641730263214e+42,3.1549306832355973e+41,3.8647941920328743,418.7031253239622,1.0217743669798382e-15,2.3674953763214395e-16,2.071770743475954e+42,4.80038236863906e+41,4.315845248101174,False,False,CW-HCG
18566,150.1192458,2.32421431,0.604,4.6161432053241755,7.514778056005391e-16,1.6626553130778296e-16,1.536939592229155e+42,3.400500666626267e+41,0.8988045081853588,0.07891340214433867,13.25880349129434,0.2844930039306299,291.34643783744195,442.34969006621725,300.0,1.5766184269398094e+42,3.415445225185749e+41,4.519745010825116,445.21151316797244,1.0717367772036237e-15,2.563853698973468e-16,2.1919405643869685e+42,5.243652213369728e+41,4.180179148415264,False,False,CW-HCG
18746,149.9234429,2.53844624,0.55,13.814698659834356,1.2796660152452523e-14,5.83866715858586e-16,2.0525909776470385e+43,9.36525264281599e+41,2.143469165915745,0.03880911880359666,14.138407591788706,0.15803858404802576,585.0281596719356,888.2450289482568,445.96985084299996,7.02114696605392e+42,5.08237431661655e+41,21.91709135814466,677.113565429444,2.914475801825761e-14,9.777173269718183e-16,4.674834420957613e+43,1.5682637032811358e+42,29.808981813306538,False,False,CW-HCG
19243,150.103142,2.389932516,0.472,10.424777453071947,4.172474339010477e-15,3.4507665456934524e-16,4.5228315158490954e+42,3.740522869315332e+41,1.3194271838261074,0.04330188390433606,13.676099218954313,0.18882006764419776,423.4688161083992,642.950368464004,377.3167192562553,2.86632798259162e+42,2.749533978537813e+41,12.091441955752451,572.8778942989252,9.0105331322814e-15,5.507482860913354e-16,9.767135736285818e+42,5.969938945686852e+41,16.360528684036804,False,False,CW-HCG
19369,150.198327,1.986507136,0.44,7.613396553751755,2.076676201329273e-15,2.7443764576721068e-16,1.8844524173412955e+42,2.4903482047150104e+41,0.9936744501426473,0.052109689042736905,13.402282541564706,0.25311303763712006,347.65518170611256,527.8429453921055,337.5162831361274,1.6764049811450377e+42,2.2019147029966973e+41,7.567023815277861,512.449111599814,2.314534980571797e-15,4.3413978071431225e-16,2.1002942280398103e+42,3.939544155739988e+41,5.331312824555204,False,False,CW-HCG
19547,150.3799202,2.495110266,0.393,5.3113653579081594,1.2910735243011044e-15,2.4103658402629867e-16,8.826500271200354e+41,1.6478608183286963e+41,0.7801821220969584,0.05779994724859888,13.173808223585064,0.3188037546816616,297.271633583881,451.34588209613787,300.0,8.740375416853748e+41,1.6455986037262702e+41,5.356338455909413,450.2275806910385,3.0038295697415765e-15,3.6958551833797334e-16,2.0535857960774222e+42,2.5266931870574444e+41,8.127562960934732,False,False,CW-HCG
19778,150.2148882,2.474069954,0.373,5.0793798461650725,1.0250925289270129e-15,2.016532911284081e-16,6.1554727667027365e+41,1.2108871217275975e+41,0.6951271543834823,0.054263269729152575,13.064098508887893,0.3508772599161032,275.442125760071,418.20226073651054,300.0,6.152329802737237e+41,1.2112364085907537e+41,5.0834406083372965,418.14822666103595,1.9275329562721556e-15,2.99687541912248e-16,1.1574444534947982e+42,1.7995629181805033e+41,6.431808756456615,False,False,CW-HCG
19820,150.2120951,2.066171603,0.371,4.2113301562459915,8.78153094488946e-16,1.8397591770591486e-16,5.203410998913287e+41,1.0901314585507883e+41,0.6577642309487192,0.054684022593843674,13.009618614835151,0.36699352302453125,264.3711666566367,401.39328457572293,269.00907349939473,5.5736700750779664e+41,1.3234939718063744e+41,4.773195891283293,408.43499296137577,1.4634592020704278e-15,4.006630215055218e-16,8.671585576938351e+41,2.374089877998951e+41,3.652593634848977,False,False,CW-HCG
20008,149.8083464,2.125125787,0.354,2.367971740265913,2.23895772065136e-16,1.1755831505613405e-16,1.1816301786005424e+41,6.204246356887281e+40,0.40394729209112495,0.08416501796638844,12.528657079073088,0.5318668788529504,183.99550619346627,279.3593624908799,217.6402797734161,2.294830342400561e+41,9.69112216745822e+40,1.904550707095673,330.4420366979446,7.324267397269741e-16,2.2238065665352543e-16,3.865448334699315e+41,1.1736340200402056e+41,3.293572160226656,False,False,CW-HCG
20088,149.9206327,2.230726833,0.344,2.9386146885794284,1.6172549789747473e-16,1.0584823750729727e-16,7.9547515740888925e+40,5.206330757191351e+40,0.3550258792020016,0.09220715129922899,12.402723470380455,0.5829472845843321,167.701323878789,254.61999532963966,223.70590947674572,2.484591206906792e+41,8.454974435957379e+40,1.5278997714659655,339.6514488302507,6.775423612623076e-16,2.0456373954153574e-16,3.332610648804442e+41,1.0061825440482694e+41,3.312133239159601,False,False,CW-HCG
20512,150.4194655,2.352124612,0.31,3.617142389102837,5.605109380034778e-16,1.4314284585866344e-16,2.1388223697256922e+41,5.462107873919964e+40,0.4958299734083029,0.050247885557531895,12.743956841917784,0.4501294974912198,220.8229513648804,335.27426942581576,232.09067325441467,2.6037751965572717e+41,7.198431569632204e+40,3.9157453845574355,352.3819894397766,9.397037019842293e-16,2.3417421994194767e-16,3.58576285036822e+41,8.93572321369747e+40,4.012840107750478,False,False,CW-HCG
20751,150.092535,2.482732732,0.25,2.036657442871,1.0000661458842187e-16,8.884743792292666e-17,2.2790612229200823e+40,2.024753576143794e+40,0.238923156389131,0.08423137409855515,12.032254762352757,0.7232945103207882,130.85855593034236,198.6818239068261,182.30017700424202,8.450191149697037e+40,4.149048814897962e+40,1.1255993073787405,276.78535353103126,3.179426923993018e-16,1.6394284564203285e-16,7.245629345020815e+40,3.736110694433874e+40,1.9393508216486963,False,False,CW-HCG
20766,149.9169996,2.60124629,0.247,8.594509078780098,2.2243871655923686e-15,2.5705745105123377e-16,4.926413638868714e+41,5.69312461616538e+40,0.6614228537581146,0.030331820149694863,13.04664927078894,0.3608216927104676,285.381930690555,433.29381175376204,299.99999999999994,4.88806153153682e+41,5.687423780382614e+40,8.653268584496423,432.4379018164351,4.269883725162952e-15,4.1338611460530933e-16,9.45663315514793e+41,9.155380073271577e+40,10.329044867023967,False,False,CW-HCG
20812,150.0062775,2.294788723,0.224,2.248386522172727,2.0814916536929209e-16,1.3533701369881882e-16,3.6630301717095914e+40,2.381674524845267e+40,0.28092350416419065,0.07248188039819647,12.199880564481095,0.648579845177317,150.28828597309294,228.1818758939949,196.73687421109207,1.0620268537423741e+41,4.723506582471795e+40,1.5380061941702854,298.7045112953458,6.065071575623094e-16,2.6789120479948963e-16,1.0673374613666935e+41,4.714376654718658e+40,2.2640054869149813,False,False,CW-HCG
20904,150.3966482,2.517172328,0.219,10.676774316391327,2.514393895671471e-15,2.589333801724247e-16,4.197440972282376e+41,4.322543022787042e+40,0.6305169757444334,0.025766235396059448,13.005909620392881,0.37395777870658187,279.5194615426611,424.392857172534,300.0,4.792682440441911e+41,4.488886154579507e+40,9.710582289533804,438.8735040107257,4.6200113429829305e-15,4.3599878014950803e-16,7.712484880284507e+41,7.278410700945315e+40,10.596385938049382,False,False,CW-HCG
20975,150.4472032,2.419458491,0.215,28.719823565387998,3.576057542755403e-14,8.963317491541534e-16,5.718532694130824e+42,1.4333389077335898e+41,1.4983423040992363,0.014903037087052155,13.868550263070402,0.16686201790189967,542.7575401855916,824.0657804649644,433.9543691094541,2.362029473620426e+42,8.224387131914874e+40,39.896584564030476,658.8856642496,6.148175454671885e-14,1.3241425417013633e-15,9.831648939212444e+42,2.1174582136545494e+41,46.431371706947964,False,False,CW-HCG
21050,149.913851,2.082969303,0.188,3.8138530273060844,4.488053099173398e-16,1.641834476582519e-16,5.261127554540102e+40,1.9246431389889594e+40,0.3187868001789365,0.04627763690886882,12.334495035630272,0.5864199282375967,168.88233256888492,256.41311431165695,207.15980456564975,1.1796571469618302e+41,3.093084968182638e+40,2.7335600288497344,314.52958897998474,1.0110021170359018e-15,2.740464773233636e-16,1.1851488781662602e+41,3.212514293416325e+40,3.6891629730491324,False,False,CW-HCG
21201,149.9106877,2.270269903,0.125,2.6350358844551596,8.34610782379261e-18,6.314330975328009e-17,3.898043496586271e+38,2.9491036197140566e+39,0.06352692712139894,0.19072194144451055,10.74358692558642,2.7132514227542064,50.94623984448228,77.35139503514367,154.8581687456495,3.15670477493621e+40,1.1979741124432222e+40,0.13217723075339832,235.1203037089498,3.8412896889553343e-16,1.9882456626837724e-16,1.794071512933322e+40,9.286086686954027e+39,1.9319995315721135,False,False,CW-HCG
21250,150.2806479,2.435611054,0.123,4.571779421556464,9.8032301441857e-16,1.7289423040953972e-16,4.41802884331947e+40,7.791836828863081e+39,0.30434540630343754,0.021299897458312643,12.303668230706215,0.590718965600336,168.82801444440247,256.3306434027688,184.4455373780233,6.267590859031989e+40,1.3709302836177045e+40,5.670073617242458,280.0426423568929,1.5043181684820633e-15,3.15518182448848e-16,6.779521606789055e+40,1.4219480825689976e+40,4.767770138654194,False,False,CW-HCG
21366,150.0675347,2.423157694,0.083,11.10616476095301,3.5215026772128302e-15,3.180166374557757e-16,6.733456064067824e+40,6.080787811996983e+39,0.3523044158907236,0.012625231911601779,12.45842813155198,0.544543157744723,192.77047115123707,292.68234340056097,194.37553965381616,6.756205449241353e+40,6.083293013079349e+39,11.073328444026894,292.93220607040166,1.1448258307530093e-14,6.087514963349658e-16,2.189018478465705e+41,1.1639921448963037e+40,18.806127584827625,False,False,CW-HCG
21581,149.9532026,2.651897777,3.084,2.532447698377553,2.6737367295622506e-16,1.6573920373317678e-16,4.678168458368217e+43,2.8998962637078864e+43,1.8698225078228936,0.45994557862832924,13.463470421574472,0.2543687694585091,152.5724118957329,231.6498516875268,199.24691541419355,1.3435080210703307e+44,5.30517578677367e+43,1.6132192440520554,302.51549301349155,7.917280354901192e-16,3.080920789436128e-16,1.3852662015239274e+44,5.390607945992774e+43,2.5697773152909322,False,False,CW-HCG
21953,150.4167264,2.072789895,2.251,2.436753129237747,2.5850016368691827e-16,1.7060813912840155e-16,1.8883213974099587e+43,1.2462777396096454e+43,1.5430118067612542,0.40411747614419985,13.41438083025206,0.27196288198494084,182.74566434168315,277.4617344990233,232.9009538720256,4.924668951820671e+43,2.0209962563426284e+43,1.515169000772983,353.6122340335576,1.2797673229477927e-15,3.926598777747116e-16,9.34858990091492e+43,2.8683465361530447e+43,3.2592261022453086,True,False,CW-HCG
22640,150.440881,2.166088202,1.157,3.382757257561068,5.960649023994764e-16,1.792607793007758e-16,6.941148693745096e+42,2.0874836264883907e+42,1.3277572182799666,0.15845642742700597,13.503104351924668,0.21060393873028666,281.8898530405566,427.99180951330266,300.0,7.091638346150752e+42,2.0964076953200444e+42,3.325127251619043,430.3206741110153,6.407757287277668e-16,2.4817752162975397e-16,7.461804233964921e+42,2.890015958233301e+42,2.58192492422305,False,False,CW-HCG
22906,150.0418764,2.484636802,1.059,2.2222096570024696,1.508833123918377e-16,1.1372922492750148e-16,1.3804116685552268e+42,1.0404937872649582e+42,0.7924503007428865,0.2370294798506901,13.013956362844441,0.3962982304410426,201.1014156382656,305.3311704778706,250.63117913877915,3.2957416871269214e+42,1.4830921451275375e+42,1.3266890061725178,380.5319372905052,7.428353078355511e-16,2.3292076850264483e-16,6.796102965237396e+42,2.1309616126063732e+42,3.1892188601769793,False,False,CW-HCG
22965,149.9340198,2.356705213,1.032,2.346712543380888,2.229514111451633e-16,1.092137489406414e-16,1.901494161104793e+42,9.314554451856832e+41,0.8857063783414119,0.17216954080679073,13.131583699495186,0.32229928525509866,222.4309997672368,337.7157604482347,246.74462737238767,2.865284092659781e+42,1.2209778742358413e+42,2.0414225617906343,374.63100717428114,3.989295804199615e-16,1.8222697403673544e-16,3.40236585166372e+42,1.554166108870418e+42,2.189190609835516,False,False,CW-HCG
23102,149.9132154,2.216976686,0.994,2.327758207707632,3.336698151894305e-16,1.3679900508613018e-16,2.5703905783615545e+42,1.0538168506581823e+42,0.9859138067568711,0.1604000228423346,13.248017959725544,0.2854533470004803,246.8762786099428,374.83089252232793,254.86745842154215,2.9152984206838764e+42,1.2524060321346056e+42,2.4391245753530755,386.96385676641694,5.086533385380003e-16,2.1751768033020784e-16,3.918357878095655e+42,1.6756247364791215e+42,2.3384459496158065,False,False,CW-HCG
23180,150.2171241,2.37526787,0.974,2.254271529115062,6.710201444919458e-17,7.440211737999534e-17,4.892262446195908e+41,5.424497129683118e+41,0.571427177942957,0.2514259434258422,12.710201819847196,0.5425719704480519,164.67653544613793,250.02747573121704,237.01105262733017,2.063272994301467e+42,9.15272613637376e+41,0.9018831292997107,359.8525743103965,4.2420955853141175e-16,1.6209503335046776e-16,3.092819954148904e+42,1.1817997580024741e+42,2.6170422977379126,False,False,CW-HCG
23181,150.3213662,2.274998006,1.095,2.6043678004449884,4.2759774140493756e-16,1.4234364048629732e-16,4.284707198451493e+42,1.4263424756209127e+42,1.145139137195171,0.15127263894833784,13.371335774808589,0.24220940207511968,260.90613693952764,396.13234906262545,258.6650909723865,4.141073637274198e+42,1.59004946865287e+42,3.003982053178555,392.729781327982,7.086443983595333e-16,2.2021087426565717e-16,7.100911582968334e+42,2.2066045415563147e+42,3.218026360971809,False,False,CW-HCG
23233,149.9513236,2.35598543,0.96,3.0171480725480646,4.9804931191621e-16,1.6492027833717028e-16,3.491682751371061e+42,1.1562093902020904e+42,1.0984357651423844,0.14433639001464516,13.36437056811569,0.25041280699639923,273.5848744443369,415.38240630483057,300.00000000000006,3.4894400783823205e+42,1.1565359055896096e+42,3.0199397972029614,415.31489072441303,1.3710029401626054e-15,3.0598064216156455e-16,9.611713546650066e+42,2.1451436733813163e+42,4.480685217461193,False,False,CW-HCG
23380,149.9883686,2.385661848,0.93,2.1494537675362464,2.17202371846604e-16,1.1062076459732977e-16,1.3975758492252335e+42,7.117827844589212e+41,0.8159386658321649,0.16490319331842498,13.076189343016955,0.34446479202480135,221.92290678282535,336.94432567165904,243.6865567500217,2.022861068950322e+42,9.411047120445736e+41,1.9634864452188656,369.98795541073434,4.750708659054598e-16,1.9077867849631866e-16,3.056815462995465e+42,1.2275541530543795e+42,2.4901675053516366,False,False,CW-HCG
23398,150.0851512,2.256835937,0.093,2.105461051612737,1.4688512276789564e-17,5.887707542769506e-17,3.5902241478287496e+38,1.4390967170178705e+39,0.06215860423610615,0.09887104670659372,10.729215278584238,1.7037221213365954,50.95085739196323,77.35840583202257,117.5670334944037,9.782144349021667e+39,4.646081836341148e+39,0.24947761365674537,178.50137868262144,1.469963999925079e-16,1.3121438250492995e-16,3.5929440296750385e+39,3.207193728911821e+39,1.1202765823859666,False,False,CW-HCG
23440,150.1654335,1.807210544,0.919,3.4788418908609686,6.406871145435423e-16,1.8251137409769257e-16,3.992228090697357e+42,1.1372587617337876e+42,1.1575475881883697,0.13085257064036157,13.427190388761755,0.23324724060208604,291.8129190175731,443.05794586980414,300.0,3.9524011414772053e+42,1.1361255456479046e+42,3.510395544995474,441.9354948866157,9.005105135478698e-16,2.6099409482899692e-16,5.611230952748907e+42,1.6262976626661008e+42,3.4503099165438336,False,False,CW-HCG
23538,149.9527808,2.42672269,0.891,2.667510535235644,3.086183726864003e-16,1.2718622054307602e-16,1.7692429986594454e+42,7.291313484127816e+41,0.889020453920945,0.14538831301823113,13.171750764826779,0.3093489905975167,242.55699811345286,368.2729527612884,259.9370244945918,2.325837240645547e+42,8.719130477361303e+41,2.426507929621794,394.6609509812257,6.049724201891511e-16,2.0931268215963786e-16,3.468177249088586e+42,1.1999447544811968e+42,2.8902807701243485,False,False,CW-HCG
23848,150.4106426,2.449774085,0.816,15.011936202828435,2.1735463153211404e-14,7.337598698705189e-16,9.84175364729891e+43,3.322443062122088e+42,3.414272099097404,0.04573857664171311,14.530982144017717,0.2416502979593739,709.5603022057766,1077.3214942794118,483.99889252535513,2.1695672371194413e+43,1.445228122346182e+42,29.622038551995082,734.8528497212637,5.287314574802459e-14,1.2919124867683819e-15,2.394080454333011e+44,5.849741659066114e+42,40.92625954895957,False,False,CW-HCG
24067,150.2242469,2.104896703,0.741,2.5169605964185235,4.583681605372168e-16,1.6192303333119419e-16,1.605248282788058e+42,5.6706964745128374e+41,0.8870107846289923,0.12434334537349435,13.209093038416517,0.301848495562085,265.1957110614462,402.6451857989561,266.26922731830007,1.63108624480691e+42,6.4803805316930406e+41,2.830778000555854,404.27509961230186,6.201206734440379e-16,2.4056025827479365e-16,2.1717207517222206e+42,8.424645836003925e+41,2.5778184555142514,False,False,CW-HCG
24122,149.9391842,2.48881916,0.732,6.500010796315262,2.340983708758845e-15,3.0687409745015755e-16,7.936802963707679e+42,1.0404169994924264e+42,1.508517620326744,0.07847145175829362,13.740113760088704,0.1714151445505119,400.0956195654334,607.4629730340778,363.9520428119815,5.4590540776859713e+42,8.398530785180558e+41,7.62848258686632,552.5863797472409,6.354814202228943e-15,5.456875876227234e-16,2.1545176929404276e+43,1.8500832989558757e+42,11.645517227015475,False,False,CW-HCG
24337,150.0361119,2.456378541,0.73,3.597423923085385,6.065274678837738e-16,1.685242456694722e-16,2.0414893151932768e+42,5.672297877713946e+41,0.962632892565472,0.1061382871295087,13.293465455727869,0.27319343787974865,284.2068758830515,431.50973251885466,300.0,2.040469640643901e+42,5.672029997770908e+41,3.599051670424684,431.45519358794,8.209043463884289e-16,2.4547346080465867e-16,2.7630528552893786e+42,8.262304247237421e+41,3.3441674048897814,False,False,CW-HCG
24415,149.8948059,2.517910273,0.67,8.219952754984105,4.764764988944641e-15,3.92654227919626e-16,1.2786335227473007e+43,1.0536949038019511e+42,1.788752613014821,0.058494971481395444,13.926267607047848,0.15457286288151217,473.36129762532784,718.7018480409118,389.00272909130916,5.886114426350647e+42,7.160764303397785e+41,12.134760433344832,590.6206985941025,1.5622840898444057e-14,7.372614611009166e-16,4.192418333253963e+43,1.9784548060198976e+42,21.19036694948795,False,False,CW-HCG
24527,150.113304,2.404388138,0.726,4.615008665580018,7.486190411046503e-16,1.6280160207099795e-16,2.483319253500625e+42,5.400455114354225e+41,1.0279788175644162,0.08871180790601482,13.359911365860942,0.2515094878003542,299.56457827731225,454.827247380735,300.0,2.5010484037389203e+42,5.419379647956926e+41,4.598351807239444,455.646593798118,2.1818042873544426e-15,2.970459279605937e-16,7.23748167848177e+42,9.853608198236888e+41,7.345006552804461,False,False,CW-HCG
25028,149.8610226,2.316247439,0.426,3.4148086081774003,4.622943734971433e-16,1.6051532733718613e-16,3.867015784375852e+41,1.3426840992063058e+41,0.5897874817169333,0.08126301111601242,12.886672887881495,0.4080657111158576,235.3524239064479,357.33428746926285,260.1043754919282,5.741587689928801e+41,1.6813790606534991e+41,2.8800637370039173,394.91503907769777,1.633490554932338e-15,3.2736130128835316e-16,1.3663877653901953e+42,2.73832300769653e+41,4.9898706673746185,False,False,CW-HCG
25137,150.425655,2.44703525,0.388,28.601554677155413,4.1096143166574635e-14,9.380681065272178e-16,2.721427118384918e+43,6.211979488312516e+41,2.4303594118733605,0.022014218251188187,14.30624334010114,0.17232068154143348,710.3872847714861,1078.577097348895,528.4461774410431,8.4511075848461e+42,2.954772102509573e+41,43.80933844847889,802.3369173236606,7.440661631268495e-14,1.4302567620072484e-15,4.927279491893986e+43,9.471301291226146e+41,52.02325784376041,False,False,CW-HCG
25389,150.2185041,2.499607505,0.312,2.9723912302273265,1.9516911467353557e-16,1.0768176244614211e-16,7.56445258727664e+40,4.1735783241152326e+40,0.3513156422561784,0.07691800461066753,12.4004567793787,0.5742566058027219,169.51457151458843,257.3730392167138,217.95221271997914,2.0427593815038567e+41,6.872444517835653e+40,1.8124621128034653,330.9156427706936,7.115786352877141e-16,2.0651104286108351e-16,2.757968573950195e+41,8.004048156311809e+40,3.4457171172506302,False,False,CW-HCG
26074,150.0631674,1.943682904,2.15,2.4579952069975217,3.1542510703294585e-16,1.53223402062607e-16,2.0286879702953328e+43,9.854715607647197e+42,1.6034637504907021,0.30909177409300975,13.4719288390117,0.22574153905345867,196.73561292031565,298.7025962845148,224.4118053873729,3.4131458486995386e+43,1.3885893019574872e+43,2.0585961595087374,340.7232066990019,4.621498946606785e-16,2.322759907668039e-16,2.972363045511931e+43,1.49390615315802e+43,1.9896584797033936,False,False,CW-HCG
26561,149.9312166,2.397945077,1.212,2.195442893083333,4.4397931252486835e-17,7.997160086222347e-17,5.8701880612935285e+41,1.057365339736771e+42,0.5799800765837748,0.41455827600756,12.664994352070584,0.7140990968352067,145.0983427589703,220.30201372966204,239.21888878783324,4.2353107606626497e+42,1.929137293438991e+42,0.5551712204558266,363.2047197787425,6.443632657117335e-16,2.0262562135168846e-16,8.519616664132878e+42,2.6790674020520738e+42,3.1800680556253065,False,False,CW-HCG
26731,150.4210858,2.433001566,2.451,27.261923129851148,7.715997667352798e-14,1.6994613536669256e-15,7.137835226726794e+45,1.5721201119577718e+44,10.707256686403795,0.09358298178283561,15.306031649386757,0.5659836541094947,737.7161356447624,1120.070340936808,550.1115870018747,2.237984485125119e+45,8.20919520044637e+43,45.40260742442892,835.2313891954559,1.2654357903046218e-13,2.471406612301217e-15,1.170616237925335e+46,2.286223238698989e+44,51.20305918119755,True,False,CW-HCG
27162,150.3542286,2.385459964,1.0,4.132736316438384,6.78750868688534e-16,1.613265842921587e-16,5.314675470220832e+42,1.2632005051996379e+42,1.2525483454729216,0.11813796814913816,13.484761097751978,0.2119305511189718,295.3716246332216,448.4611089831191,300.0,5.203473604671909e+42,1.259086766308936e+42,4.207309487563016,446.06832741233046,1.6608240720225998e-15,2.8412763016825035e-16,1.300438992142375e+43,2.2247428565135412e+42,5.8453451747692355,False,False,CW-HCG
27253,150.327235,2.380008874,0.987,2.5542383395370774,3.641402540193865e-16,1.485993221839236e-16,2.751914808282793e+42,1.1230087053131837e+42,1.0098214623409283,0.16352802575456407,13.273670337948719,0.279932631681742,252.48020496131338,383.33930300121557,263.9242583162538,3.2789119214288083e+42,1.283714158805974e+42,2.4504839501803692,400.7147461068001,9.762864709510927e-16,2.6322951204784586e-16,7.378083490855766e+42,1.9893027046192902e+42,3.708879233775422,False,False,CW-HCG
27371,150.4431678,2.292518823,0.91,3.9031722613392565,7.188083414722106e-16,1.8229800490439882e-16,4.3617348164631193e+42,1.1061857648100499e+42,1.1940970983808716,0.12017327854259123,13.46048168342063,0.22303234503191,300.44170154034526,456.1589787944858,300.0,4.31122290692463e+42,1.1045433350782634e+42,3.9430400889421136,454.81665146045015,1.2849761310230413e-15,3.806077199436346e-16,7.79724553213738e+42,2.30953071592447e+42,3.3761168355001767,False,False,CW-HCG
28708,150.0406913,2.403390039,0.44,3.5558426909625696,9.464140467750116e-16,2.628138896854881e-16,8.58810938898098e+41,2.384869963895538e+41,0.7660109561062336,0.08441149205707718,13.14324524677917,0.3307738393658983,284.972493112811,432.6721649371375,300.0,8.463390726603716e+41,2.380136429576605e+41,3.6010807796634876,431.0737753508004,1.5039441402997928e-15,3.488986075355609e-16,1.3647342657079213e+42,3.1660343772252372e+41,4.310547843463393,False,False,CW-HCG
31740,150.4475942,2.282982475,0.991,2.0095860734454223,2.2182123119533916e-16,1.0338822434449665e-16,1.6948377275744696e+42,7.899436057663895e+41,0.8594125841453208,0.15895314784781092,13.112090147134953,0.3254357649872402,222.6809097117285,338.0951973389374,233.9861681034406,2.0612791584785198e+42,1.0257232500345058e+42,2.1455173701041197,355.2599088171763,3.453992249545482e-16,1.6728781041120213e-16,2.6390424143505052e+42,1.2781720258262991e+42,2.0647004949466368,False,False,CW-HCG
32328,150.2780911,2.411662339,1.641,3.456522960475954,5.486359198025343e-16,1.5528809530443535e-16,1.669974320679222e+43,4.72676181244079e+42,1.6287896056265545,0.18294408551821298,13.592814206737213,0.1832180757424153,253.68990221984566,385.17597967849923,263.35930351525855,1.9360706082603493e+43,5.601208585617951e+42,3.5330198282550778,399.8569783476447,1.4886908792830479e-15,2.7996235782307033e-16,4.531375817913731e+43,8.521679522726274e+42,5.317468001265604,True,False,CW-HCG
32973,150.1124864,2.385682433,0.263,11.422209457781477,3.0592570731588855e-15,2.6467174680252124e-16,7.863552948809176e+41,6.803155946899234e+40,0.7698914375468774,0.026431423888857906,13.193836985402731,0.3176719878406758,317.5796636266168,482.1794521302835,300.0,7.761097957981527e+41,6.794743159515617e+40,11.558683955191787,480.5822203751261,8.933035110428119e-15,5.539227291318426e-16,2.2961586066348428e+42,1.423809966247614e+41,16.126861456703125,False,False,CW-HCG
33091,150.4095099,2.345571455,1.196,3.291319101198477,5.919563417328199e-16,1.739951838516499e-16,7.547199825296436e+42,2.218367012208304e+42,1.3551078647134598,0.15805959861128893,13.51374112689012,0.20635837928288858,280.0261219048084,425.16211680662553,299.99999999999994,7.268352607407586e+42,2.208340298806318e+42,3.4021421089306014,421.1318089885234,8.820384096456108e-16,2.547025483916789e-16,1.124562685095231e+43,3.247352706953284e+42,3.46301368092015,False,False,CW-HCG
34184,149.8891747,2.343160882,1.16,3.653473006683417,7.768585072880321e-16,2.1243674214618637e-16,9.110703915132154e+42,2.4913780826649083e+42,1.452063723171277,0.15756974835352436,13.591448412163158,0.1934216947642785,301.32222962253945,457.49587972639466,300.0,9.107195292160185e+42,2.492750124470633e+42,3.6568933388812948,457.45129819776247,1.5652648931195057e-15,3.333238268378507e-16,1.8356836999501937e+43,3.9090962713142986e+42,4.695928604830724,False,False,CW-HCG
35382,150.3068281,2.51625813,0.541,2.8096896609478796,2.1121838889021172e-16,1.1409280829010243e-16,3.2467407687143697e+41,1.7537761462858824e+41,0.5439927140534682,0.11660551372320715,12.775758014282623,0.45173515153889177,206.32495622755079,313.26204335165477,253.82674256964708,7.364139061432552e+41,2.620979520901315e+41,1.8512857388271944,385.38374362705656,6.018308987360472e-16,2.1500511528145325e-16,9.251035977809626e+41,3.3049483851014114e+41,2.7991468851716306,False,False,CW-HCG
36165,150.2724334,2.417203548,0.261,5.06335086621697,8.152191977738336e-16,1.5365867072456392e-16,2.0577219942082024e+41,3.8785498086178647e+40,0.49408320923064797,0.03695576764547302,12.752795066296187,0.4475345873630449,226.55272979696704,343.97376042489844,238.55853326869723,2.523629863138385e+41,4.984110186746526e+40,5.305390147719875,362.2021056352797,1.264186155564672e-15,2.4853173785511294e-16,3.1909744816885786e+41,6.273272570613989e+40,5.086618580286342,False,False,CW-HCG
36847,150.2470265,1.761941974,0.491,2.7881492430919583,8.129440214854608e-16,2.9840321683298447e-16,9.743893115616043e+41,3.576641162651813e+41,0.7906513650367207,0.11516681154711876,13.161284451351047,0.3320360934414733,283.060270825226,429.76884838200976,300.0,1.0023472616444715e+42,3.595027289618486e+41,2.7243138666982385,432.85577286782234,1.8872026056993125e-15,4.2128743571719433e-16,2.2619885246028666e+42,5.049523258784088e+41,4.479608091056793,False,False,CW-HCG
37674,150.3136022,2.001697334,0.899,4.67821634403042,9.432248611539906e-16,2.0004749910298136e-16,5.539008265968155e+42,1.1747620283905646e+42,1.2952249414244905,0.10900904758503834,13.5442789598425,0.20280875982831437,321.81067613558855,488.6033750925893,300.0,5.4909361640871045e+42,1.1737242915440937e+42,4.715004513345268,487.52703201128656,1.0560578557444562e-15,3.0566119505587063e-16,6.201610488884429e+42,1.7949695303077506e+42,3.4549948532113253,False,False,CW-HCG
38312,150.2583495,2.047375095,1.13,2.108405871466706,4.2918487352544006e-16,1.486129902281498e-16,4.68581822451073e+42,1.622548931629161e+42,1.1717429611138848,0.16100678505027524,13.385407259807343,0.2397819859953426,260.212462545414,395.0791470550065,249.1770360662723,3.948187604977334e+42,1.8725937251496977e+42,2.8879364641446075,378.32411988175335,5.38153042883903e-16,2.3922261841876805e-16,5.875527054827163e+42,2.6118201601422344e+42,2.249590972797757,False,False,CW-HCG
39523,150.3122632,2.242769471,0.891,2.9933166645964175,5.502151151877686e-16,1.8279355268036605e-16,3.154265353125093e+42,1.0479162677992939e+42,1.0766164335993949,0.14193477727958875,13.36234381645726,0.25478036737385257,280.7662014489129,426.2857754975948,300.0,3.1339025163937616e+42,1.0469665817386209e+42,3.0100356775158157,425.5878464648231,5.293352430042719e-16,2.3621521555784293e-16,3.0345655201177646e+42,1.354171213673053e+42,2.2409023980703378,False,False,CW-HCG
39844,149.7808467,2.113342584,1.69,2.392940659154705,1.6762110070274143e-16,1.3616893210718839e-16,5.534433100597355e+42,4.495960484494611e+42,1.1207108327576218,0.36127871241541437,13.209874706146985,0.3470955648103686,185.99244685969413,282.39130649315865,243.66914167669162,1.6096452053157445e+43,6.726640709445525e+42,1.2309790354439645,369.9615142009251,8.462963394964388e-16,2.79974050681118e-16,2.794260659658623e+43,9.244048910917092e+42,3.0227670651532805,True,False,CW-HCG
39875,149.8575038,1.988604777,1.344,2.1725175233993523,6.599544266568443e-16,3.017419330537929e-16,1.1586354756286492e+43,5.297470461588026e+42,1.5198084893397183,0.27574652447463377,13.592043731739489,0.223467259789746,281.46516107335367,427.3470020412763,300.0,1.1497589295841515e+43,5.2922884036632124e+42,2.1871485344371777,426.5163007781786,1.8752465705737717e-15,6.412325782874271e-16,3.292238243213551e+43,1.1257668458960901e+43,2.9244405759640117,False,False,CW-HCG
40877,150.2865707,2.090714364,1.219,2.519568329233425,3.110537115583073e-16,1.3352015996051398e-16,4.178029237870771e+42,1.7934238089155218e+42,1.1093578466561365,0.18896552348350476,13.308887669940562,0.2642090787537115,237.21931510677916,360.16877808457167,255.5446437974287,5.606677874714093e+42,2.2252533537837874e+42,2.3296385478439774,387.9920235885832,7.140527130368908e-16,2.300496484555935e-16,9.59105454007691e+42,3.08999417687126e+42,3.1039069949925375,False,False,CW-HCG
43042,149.9610551,2.485183205,1.703,3.186095116117057,2.770698307863119e-16,1.476171306852408e-16,9.344057471192654e+42,4.9783224284684206e+42,1.3300793124893167,0.28120595793065273,13.377545792661058,0.2554717396561056,210.6206488040394,319.7841697038215,259.8192939228888,2.1423627996007215e+43,6.724101828484178e+42,1.8769490336260424,394.4822013033827,1.1278502143180701e-15,2.9043866713518e-16,3.8036249531667314e+43,9.794915562859574e+42,3.8832646680379166,False,False,CW-HCG
43088,150.0919821,2.142245989,1.648,3.0983057553171185,4.617203585439738e-16,1.9152888711165707e-16,1.4220435901230905e+43,5.898861100676405e+42,1.5425645999247972,0.25392068485149377,13.53712433568302,0.2129272752611958,242.49973160590682,368.1860053386523,269.01608015667716,2.1431040497196282e+43,6.917019232339375e+42,2.410708721315762,408.44563113049253,1.0264870345775748e-15,3.1413852539385787e-16,3.161457537780367e+43,9.675091604272638e+42,3.2676254314576507,False,False,CW-HCG
44492,150.4959403,2.358841742,1.631,2.5365325829206635,2.334758173298074e-16,1.209237807147517e-16,6.987675253101568e+42,3.6191161880304715e+42,1.2226575649494102,0.2512893663196419,13.309511732711378,0.26439623001314283,204.80555268907062,310.95514133726584,238.7862065801355,1.2818601745179039e+43,5.0535923849317125e+42,1.9307684224706456,362.54778076863175,4.922054126550437e-16,2.0256860630558253e-16,1.473116839588507e+43,6.062656310727395e+42,2.4298207981573063,False,False,CW-HCG
44786,149.9348227,2.356648968,1.099,2.039092834902227,1.5111074762297047e-16,9.817470348332542e-17,1.5293105340785945e+42,9.935733267080284e+41,0.8135275186032744,0.2097374344322966,13.02997117329082,0.3699138863893573,200.4590935644961,304.35593641507023,235.67297264956565,2.899333148894337e+42,1.42187403107292e+42,1.5392024855836315,357.8209748584128,4.93684207644647e-16,1.8414721328484036e-16,4.9963121163489986e+42,1.863654819578929e+42,2.680921415199547,False,False,CW-HCG
45933,150.4305711,2.488886542,1.308,3.354914121305799,5.719131119605503e-16,1.5110688049461722e-16,9.319107528987461e+42,2.462229381088801e+42,1.423355167597694,0.1492337073375871,13.535385164070938,0.19470307704226894,273.0673204929701,414.59660699429503,269.9499342230836,8.905633650914653e+42,2.654504207531966e+42,3.7848250859822574,409.863496610188,1.1271057392333667e-15,2.5357922960416553e-16,1.8365761093407435e+43,4.131977495144445e+42,4.444787299783058,False,False,CW-HCG
47549,150.3098419,2.027347428,0.939,2.6891346746594147,8.550019055115174e-16,3.2098926931353605e-16,5.646381775737103e+42,2.1197940598445888e+42,1.293247971509699,0.19266582950718414,13.53234341399455,0.22731245039898862,313.8338028542948,476.4921323745762,299.99999999999994,5.712369409055952e+42,2.12424073174373e+42,2.6636463808899737,477.89488659481924,1.2680553474799468e-15,4.325559041896948e-16,8.37416216090562e+42,2.856573486749121e+42,2.931540952736247,False,False,CW-HCG
47885,150.4573114,2.329019689,1.741,2.1452181319890093,2.234276938573837e-17,7.205026965382771e-17,8.009229107640231e+41,2.5827913584119646e+42,0.5859631433429214,0.7498395906248627,12.55329468912149,1.1335913267237707,110.4784995071648,167.7388966164137,220.49991795067956,1.2299230218568387e+43,5.733323821556901e+42,0.31009973304869365,334.78380957426094,4.246257067409735e-16,1.851877719658243e-16,1.5221589193204298e+43,6.638439792313623e+42,2.2929467871093374,False,False,CW-HCG
47956,150.265779,2.369071261,0.695,2.050453194485983,6.702381285121515e-17,7.303116476269663e-17,1.980940241068385e+41,2.1584921384832597e+41,0.4477808420927303,0.19361725774399333,12.540883490357462,0.593457859642316,161.79600459134676,245.6539816178138,227.12674314342334,7.569840215825171e+41,3.691788837795351e+41,0.9177426249327747,344.8452817236778,2.820432642173683e-16,1.44379911821364e-16,8.336005190434912e+41,4.26725913018032e+41,1.9534799589456056,False,False,CW-HCG
48342,150.0352992,2.218544974,2.098,2.128249882826344,1.848416781039742e-16,1.2368967025196528e-16,1.1107964440854339e+43,7.433066356858012e+42,1.3237059546128072,0.3514993374975619,13.29119299031645,0.288802248637301,173.93438952757313,264.08362453467714,218.55274205173455,2.73913815260278e+43,1.2870378495993002e+43,1.494398665041613,331.8274231437417,4.950112625334079e-16,2.483388441278956e-16,2.9747444182748327e+43,1.4923793584604025e+43,1.9932897097583127,False,False,CW-HCG
48568,150.2659853,2.413704113,2.474,2.419378324386156,1.7920694557339439e-16,1.0570454626860036e-16,1.701312368824676e+43,1.0035127345782357e+43,1.4449287459008728,0.33820865633466995,13.308106978268384,0.2595269447933051,158.18785732231692,240.17575151479417,200.2796700963359,4.322938083863769e+43,1.7867970628200876e+43,1.6953570295644702,304.0835187527147,5.018094295300672e-16,1.929560726872357e-16,4.76395926798892e+43,1.8318405687472673e+43,2.600640770417497,True,False,CW-HCG
48869,149.8372806,2.127734727,1.0,2.046932945716582,1.2861514677109843e-16,1.0321774995370764e-16,1.0070672424536904e+42,8.08203523673257e+41,0.7220763924024,0.22995606879577868,12.936445622660049,0.4263691735693028,193.90854459794843,294.41027403929513,241.99549740038793,2.417333042993549e+42,1.1809537034674571e+42,1.2460564857186032,367.42042932479177,2.403563267087582e-16,1.728305375763396e-16,1.8820099282371655e+42,1.3532774113966573e+42,1.3907051964274102,False,False,CW-HCG
49336,150.1303744,2.54761252,0.983,2.8315562811960233,2.568527793622549e-16,1.2433599922988556e-16,1.9198781498886783e+42,9.293649411103542e+41,0.897032516731936,0.17231388127893538,13.156798847518358,0.31845608721852264,231.18248890171424,351.0030981448566,265.66114908897987,3.32584929689358e+42,1.174565845284478e+42,2.065795754674061,403.35185778970623,7.284726379072539e-16,2.2468453468545553e-16,5.445059632145947e+42,1.6794325910412994e+42,3.24220195629873,False,False,CW-HCG
49995,150.1908095,1.991012478,1.648,5.540291281136652,1.5965665722742569e-15,2.7016490167919096e-16,4.917234465179364e+43,8.320756483873755e+42,2.3262511895558418,0.15620609031682609,13.946079613649648,0.17508824896237662,331.9171465474548,503.9479733912197,300.0,4.572330875760183e+43,8.252870911910101e+42,5.909600256550387,494.76063315664504,3.483578741914727e-15,4.958873574321983e-16,1.0729006700615525e+44,1.5272738682853109e+43,7.024939615225076,False,False,CW-HCG
51043,150.2469229,1.761733732,0.555,2.5766631211248225,7.687015969281667e-16,2.982945101544311e-16,1.262171941292367e+42,4.897855845012078e+41,0.8504061871703459,0.13095236549030567,13.216784980639925,0.3165694746024194,287.79591608236456,436.9589524632809,300.0,1.2627405696664662e+42,4.9006816580478184e+41,2.5769887502461897,437.00874888125537,1.7118802419064994e-15,4.1996271392346e-16,2.8108270059819896e+42,6.895590642993262e+41,4.076267214090099,False,False,CW-HCG
51406,149.8557164,2.012743965,1.342,2.5084103178064767,5.138358011416662e-16,1.691648806492603e-16,8.98421119482322e+42,2.957779530198599e+42,1.3975506734721999,0.182579859936616,13.509036057354807,0.2076470109275113,264.28500706497334,401.26246894278984,259.69363245907016,8.38293422773741e+42,3.341931010341248e+42,3.0374850806476363,394.291410195772,5.811005419222715e-16,2.8293748196091985e-16,1.0160307986435028e+43,4.9470474560560246e+42,2.053812516796678,False,False,CW-HCG
51900,150.1937745,1.980123759,0.992,7.136469481320719,2.6243941125782855e-15,3.168040038885255e-16,2.0106705677837393e+43,2.4271830336827972e+42,1.9490217680621404,0.09336363579387201,13.92696648919183,0.15713764666236468,416.0422522385998,631.6746574910225,374.78083710628204,1.3306141537459738e+43,1.864527210869151e+42,8.283967627826245,569.0276784136325,2.9892783129380306e-15,4.50437405210266e-16,2.2902253491316796e+43,3.45101076452039e+42,6.63639004745315,False,False,CW-HCG
52568,150.0468643,2.190920601,2.362,2.7103487807721978,3.699429383900928e-16,1.415015704111828e-16,3.088456956300086e+43,1.1813213988233478e+43,1.7876950986510973,0.2713435025570366,13.540266349696152,0.19764434570374007,195.00966919501104,296.0821054433458,217.95239481135937,4.793716892856499e+43,1.7686715919604762e+43,2.614408711614245,330.91591923903206,1.0403679976422901e-15,2.7390138877763096e-16,8.685479423970461e+43,2.286657107692971e+43,3.7983304950926016,True,False,CW-HCG
53258,150.0279446,2.338380749,0.38,2.1846210098923855,1.5614387801657154e-16,1.0068635630408583e-16,9.818397119469748e+40,6.331203267546764e+40,0.3779988066126321,0.0967242901597021,12.455830191529104,0.5643321773783783,172.2145699757666,261.4724319923612,215.0271680028975,2.3613530501013677e+41,1.080898260800709e+41,1.550794802276853,326.4745635056269,6.595729787529188e-16,2.0743022359391054e-16,4.1474244888297495e+41,1.3043305544193473e+41,3.17973421290899,False,False,CW-HCG
53285,150.0506651,2.147133818,0.979,3.783329646584587,8.241232836470597e-16,2.1541813671222057e-16,6.092371314309665e+42,1.5924890155750337e+42,1.3158642391727982,0.1364899342093927,13.539254997423084,0.206291597368841,310.5457289067785,471.4998678307063,300.0,6.015292374370959e+42,1.5899466703360848e+42,3.825691263628442,469.9834669301039,1.266574331055049e-15,3.2098437192533593e-16,9.363212125026415e+42,2.3728925255036364e+42,3.945906535753917,False,False,CW-HCG
53881,149.8239559,1.926321352,1.468,2.198151940185269,3.3432289381408237e-16,1.3476668742259398e-16,7.482977529608873e+42,3.016413510358934e+42,1.2862413337289127,0.205749295613719,13.39685012315253,0.23330146008957847,231.73970368766584,351.8491142818499,237.98608110413898,8.312487464194593e+42,3.781580022850461e+42,2.480753220309786,361.3329546703676,1.5952192914397597e-16,1.6814601027257702e-16,3.570497364527029e+42,3.7635257406654964e+42,0.9487107596866509,False,False,CW-HCG
53994,150.0480977,2.638802828,3.043,2.2558373602873703,2.510559258218579e-16,1.6932968986105834e-16,4.232617749186075e+43,2.8547736860775964e+43,1.8176704454418615,0.48649372311045036,13.441678017211633,0.26920270633028437,151.51523267881169,230.0447423118273,201.5258996080193,1.3068684114869496e+44,5.793274083023735e+43,1.4826456366149325,305.97566214851673,8.0189526425968e-16,3.520296604828283e-16,1.3519362737138287e+44,5.934960444856551e+43,2.2779196024557584,True,False,CW-HCG
54007,150.286751,2.095868563,1.661,4.18352044171495,8.962564282647795e-16,2.1172646338579324e-16,2.8209600358129786e+43,6.66407372822649e+42,1.93109281491483,0.18102788056932909,13.757887388875421,0.17060705887683003,286.0181384132322,434.25976243101377,300.0,2.7827543240844907e+43,6.651704856840037e+42,4.233086473615173,432.7641804801867,9.899632683527415e-16,2.963646729491133e-16,3.1159015755710223e+43,9.328054695628298e+42,3.3403551729079437,False,False,CW-HCG
54234,150.3198097,2.453894435,1.334,2.9402305043062897,7.28903652007447e-16,2.4924737994772134e-16,1.253692199109589e+43,4.286979424898938e+42,1.5628394987434913,0.21206759624204044,13.622222443359924,0.19713705491719655,289.115429703783,438.9623627188003,300.0,1.2623657427538624e+43,4.293424413170972e+42,2.924418512083584,439.72872528503814,1.4018215679409615e-15,5.184946264154976e-16,2.4110906282757946e+43,8.917950494926439e+42,2.7036376010917547,False,False,CW-HCG
55438,150.2733461,2.415261433,2.462,4.917800495209994,7.524803317050057e-16,1.8900784076125187e-16,7.047992144339875e+43,1.7703130843108565e+43,2.317145155472532,0.2309603174114374,13.78039205186053,0.185012884770255,228.04984711570967,346.2468253947474,256.55885210390915,1.1227106839923027e+44,2.282952887344329e+43,3.981212253810743,389.5318904679048,1.9166466570350007e-15,3.3219755780576747e-16,1.7951978295100073e+44,3.1114777079672677e+43,5.769598878736022,True,False,CW-HCG
55558,150.3156133,2.524846034,0.588,2.123279071459797,2.0561829283545342e-16,9.00130567649617e-17,3.9214865740039924e+41,1.7167003417897924e+41,0.5736403805333169,0.0996512924151315,12.816044221569257,0.4250185564447426,208.76601450666408,316.9682886766854,222.4329732520674,5.0385083724287754e+41,2.3729845219849975e+41,2.2843163006046474,337.718756779371,2.61626168927137e-16,1.3932590099871633e-16,4.98965094354177e+41,2.657179196671501e+41,1.8777999428085341,False,False,CW-HCG
55942,150.4381074,2.430432953,2.326,20.378414561373173,3.5573748507356466e-14,1.1178810637933222e-15,2.8459767333281994e+45,8.943290014899784e+43,8.034889261200448,0.10019483257341329,15.042972286143627,0.4801162414994341,624.2759636691115,947.834753342338,473.04175871754575,9.506860984131295e+44,4.665162226187771e+43,31.822480637290287,718.2166938791837,8.145450369929682e-14,1.9012143117885772e-15,6.516536268452446e+45,1.5210125228444644e+44,42.8434097062251,True,False,CW-HCG
57159,150.402756,2.371239055,0.69,4.007936026182938,7.264612575191028e-16,1.785656883686731e-16,2.106582709508953e+42,5.1780241235936694e+41,0.9805558408112892,0.0956439148966049,13.32249118587302,0.26540100279683404,295.3856632375315,448.4824237186332,300.0,2.0703570651302818e+42,5.165643991333963e+41,4.068313818605648,446.51855645761145,1.4239318283742933e-15,2.8951678249853154e-16,4.12909861073201e+42,8.395369220471242e+41,4.918304963483474,False,False,CW-HCG
57989,150.2687691,1.788420142,2.483,2.533392668839165,4.534391056795125e-16,1.5887110181638458e-16,4.348343211516741e+43,1.5235255813549783e+43,1.9690782522923997,0.2737715849947146,13.614610528469653,0.1911374195943075,199.65148108806682,303.12974284533306,212.90789253882204,5.606301922366523e+43,2.2129620849244055e+43,2.8541320636371945,323.2568792543379,6.728451931158794e-16,2.533050409872947e-16,6.452380906809153e+43,2.429118357071246e+43,2.6562645200165127,False,False,CW-HCG
58066,149.8331165,2.022342493,1.647,3.0946535672137983,5.969414714389259e-16,1.8890163564620944e-16,1.835427260123754e+43,5.808194406584982e+42,1.6788540795926918,0.2108222170583794,13.621627373994842,0.18709996901493306,258.83665252773255,392.9902622914627,266.17780261488144,2.0499597012253251e+43,6.62419769031194e+42,3.1600651280591716,404.1362899892229,1.2311763632050082e-15,3.206717460784763e-16,3.78552130680318e+43,9.859754975394357e+42,3.839366511896277,False,False,CW-HCG
58798,150.4187688,2.467125712,1.425,6.143640749765418,2.0198025270103565e-15,2.656782234685881e-16,4.1653686271105936e+43,5.4789897633238284e+42,2.288216865360054,0.1194383207650214,13.980280610632237,0.16957322919842915,368.2336619379524,559.0871384570885,332.0210906556467,2.7666522089839207e+43,4.503277977459146e+42,7.6024391485332385,504.10579115753313,5.719094483569873e-15,5.60572740524192e-16,1.179428999556899e+44,1.1560497005858553e+43,10.202234375902659,False,False,CW-HCG
59060,150.2431626,1.791864205,2.357,2.4747456446935803,1.8375286902279387e-16,1.2392863142238272e-16,1.5250626001372592e+43,1.0285494962531791e+43,1.4161918265607492,0.37901732993338455,13.309280787923315,0.28290204459532997,163.55817869561722,248.3294808435901,215.58471837642415,4.543404192443381e+43,1.8359075415226921e+43,1.48273136654365,327.32108916338507,6.375468348565693e-16,2.523483721393481e-16,5.291339606539853e+43,2.09437309252298e+43,2.526455112238697,False,False,CW-HCG
59551,149.8189561,2.264201344,1.196,4.165142642139155,9.216050893667743e-16,2.2176087898188186e-16,1.1750085739601071e+43,2.82735997423448e+42,1.5690418366956824,0.14982146963787468,13.659662813662967,0.17974478354850537,313.2125159687278,475.54883592203436,299.99999999999994,1.1787494027234513e+43,2.830033696320334e+42,4.155850633339484,475.9314198027069,2.2679364263378807e-15,3.9648630626230483e-16,2.891525640309173e+43,5.055037289736312e+42,5.7200876562871095,False,False,CW-HCG
59655,150.1550957,1.791458233,1.642,2.5168482069061793,2.214670653912959e-16,1.1416684945688792e-16,6.752518339330467e+42,3.480940804173923e+42,1.2066430419717293,0.246836362387923,13.293953974563022,0.2659904667065724,201.62112916775496,306.1202486639616,234.65189574869004,1.2299649820115566e+43,4.886925554892656e+42,1.939854401210634,356.2706794300949,5.64413334259524e-16,2.02339261368737e-16,1.7208930744697e+43,6.169312672947333e+42,2.789440519064434,True,False,CW-HCG
61593,150.1242118,2.344170545,0.925,3.283090344588779,5.412965703954747e-16,1.628070686651834e-16,3.432640322563867e+42,1.032443468633521e+42,1.099785140816846,0.13126389541323646,13.374671385172634,0.24594968559153757,279.61489635625423,424.5377553237789,299.99999999999994,3.3837404303834174e+42,1.030657117298198e+42,3.3247731491847192,422.9994578359623,2.3352617790628132e-15,4.546918163871701e-16,1.4809097609276594e+43,2.8834349756365175e+42,5.135922167278106,False,False,CW-HCG
62429,150.4392038,2.306055951,1.638,3.2449874173072217,5.978657640029718e-16,1.7332113159303793e-16,1.8106454633871576e+43,5.2490565528770235e+42,1.673841051812968,0.19255797280617745,13.620637704203244,0.18254353801579448,259.4293404897361,393.89013715605444,262.7713846124234,1.9046082684559379e+43,5.869385681736888e+42,3.4494683856944484,398.96434431929146,8.952321774297458e-16,2.6970741166669045e-16,2.7112241214289015e+43,8.168129549792356e+42,3.319271694824949,True,False,CW-HCG
62835,150.4964884,2.454873548,0.965,2.1607043905870356,6.818655970490603e-16,3.161962862779937e-16,4.848009119973341e+42,2.2481299631650445e+42,1.2233322203970052,0.22511366542434044,13.470282642145841,0.2530835335590429,296.16712011302553,449.668905383694,300.0,4.8605091369542816e+42,2.249502133715637e+42,2.156463015664824,449.9619560697547,9.189060375440838e-16,4.709641372151145e-16,6.533347436344931e+42,3.348516837160465e+42,1.951116794110313,False,False,CW-HCG
64781,150.0156029,2.37777267,1.155,3.619015635312166,6.195926251967996e-16,1.7267276874822634e-16,7.181111553825105e+42,2.0012865942279516e+42,1.3432910803657625,0.14855497588184488,13.515180886079733,0.2054164247703322,284.731813310893,432.3067421210088,300.0,7.264501898324974e+42,2.007314317032056e+42,3.588247467672368,433.5713665735705,2.0416977754188907e-15,3.174584432228674e-16,2.366338605115364e+43,3.679360279285067e+42,6.431385962494449,False,False,CW-HCG
65446,150.3952908,1.991076104,0.953,2.9340693817128467,3.8978515503973335e-16,1.3871997057702054e-16,2.679133290156038e+42,9.534721535110212e+41,1.0075755338370482,0.14229536878712978,13.280232083872045,0.27257322817920415,257.18764348811817,390.4865809593546,269.08044284677175,3.2032533973203536e+42,1.0917442570667374e+42,2.809870514089503,408.54335264796333,4.894825969422788e-16,2.202878570622038e-16,3.364389596331371e+42,1.51411751741116e+42,2.222013521172259,False,False,CW-HCG
65991,150.4316139,2.408060278,1.629,15.267032730103933,1.720917807068368e-14,7.52712773623327e-16,5.1330879663793645e+44,2.245162938378752e+43,5.073961217407842,0.08806751870235907,14.726618993951883,0.34688308231248444,608.1431398977221,923.3403759676305,464.29196040452194,1.7663619502349748e+44,1.156977902295327e+43,22.862875021828053,704.9319233474514,4.92696010542174e-14,1.3655351655155273e-15,1.4695948594462308e+45,4.073066184210354e+43,36.080799893290745,True,False,CW-HCG
66384,150.242572,2.352122256,1.005,2.4340231004953625,1.441520542558331e-16,9.999973843947534e-17,1.144089840565883e+42,7.936666972834333e+41,0.7524987292778528,0.20714919905259518,12.976244051278032,0.3956893558620203,199.53072933764184,302.9464061284955,249.97054473679685,2.788263612392674e+42,1.1455370377648502e+42,1.4415243130168873,379.52889972075457,5.328836751640686e-16,2.0791737497340342e-16,4.2293313272984514e+42,1.6501752792369407e+42,2.5629588447441414,False,False,CW-HCG
67321,149.9371982,2.428499799,1.341,2.429549201554836,3.3004921638561234e-16,1.313443956980714e-16,5.758968426705982e+42,2.2918043440109916e+42,1.2064076610720305,0.19051377667423813,13.36286489017644,0.24308807018829076,236.32377392113474,358.8090828404775,247.42865716861837,6.905086816356385e+42,2.842126766536502e+42,2.5128534387132486,375.6695658421152,4.1780821199864764e-16,2.083555593207756e-16,7.290259094290582e+42,3.635558056453907e+42,2.0052654863670205,False,False,CW-HCG
67395,150.2309787,2.265449192,1.08,3.053032069712044,6.1402703784525255e-16,1.9568220422358035e-16,5.925966833667743e+42,1.888526368866805e+42,1.2786164349151043,0.16169760160718433,13.484877163814149,0.21962683039262923,286.31889727795294,434.7164029569163,300.0,5.736677651877944e+42,1.879009954985182e+42,3.137878788117516,431.16057150795365,5.097045501203501e-16,2.4552882295410185e-16,4.9191518822725835e+42,2.369595427982075e+42,2.0759458868730545,False,False,CW-HCG
69351,150.2438082,1.763772437,0.915,2.967449670953778,9.57592670386717e-16,3.574296965498544e-16,5.897145255578674e+42,2.201160163810228e+42,1.3182047919328974,0.1952505043901418,13.55761211142307,0.2239300943760172,323.050837159924,490.48630473751285,330.7181832739008,6.470047198875214e+42,2.1803393203955007e+42,2.6791077507829617,502.12759406414074,1.8772139902386186e-15,4.889613692025899e-16,1.156045145142032e+43,3.011171981287027e+42,3.8391867097804164,False,False,CW-HCG
70262,150.0701873,2.187780321,1.13,3.7527202965463924,7.411228033799666e-16,1.9780563874344245e-16,8.091540389464543e+42,2.159631720757901e+42,1.40407580290548,0.148709428885392,13.565476798587053,0.1970023833070837,298.77982757609226,453.6357647182368,300.0,8.114104877462797e+42,2.1621928191477962e+42,3.746722328483348,453.9554850385265,9.433134526794918e-16,2.8711618394662197e-16,1.0299047428403122e+43,3.134719628485016e+42,3.285476421819761,False,False,CW-HCG
73570,149.7448812,1.980523635,1.231,2.1273306239848333,5.532769909453832e-16,1.7883076126327143e-16,7.633591279235144e+42,2.4673372686359352e+42,1.3513796808864131,0.17333108657823443,13.502400412788019,0.2114808194441256,273.96696879124386,415.96253804484746,254.06357051572368,5.665774799672944e+42,2.6633259239506617e+42,3.0938580534858806,385.7433181917006,3.7366793188455093e-16,2.375789410991308e-16,5.155515795605023e+42,3.27788894637636e+42,1.5728158824002691,False,False,CW-HCG
76048,150.3888905,2.00521716,3.076,2.5566125413939704,5.36412750514405e-16,1.680011389169683e-16,9.318117755316759e+43,2.91837655602782e+43,2.351258192603452,0.2922220038154437,13.69278007375978,0.1966221433452023,182.27944636313126,276.7538783129428,191.64552316949516,1.1358996462921382e+44,4.4429870694164666e+43,3.192911393175245,290.9743410829154,5.511444560721098e-16,2.385353123670517e-16,9.574024735513832e+43,4.1436377627227273e+43,2.3105361239933466,False,False,CW-HCG
76727,149.9850734,1.91022775,2.312,2.0943156368688904,5.468061051228845e-16,1.8662058192511087e-16,4.30191110763756e+43,1.468208102974636e+43,2.00909461521496,0.27209842839165294,13.6657218817124,0.18996656134343828,217.78211882760849,330.6573901518155,211.96012634362867,3.8649813634507977e+43,1.8454626873861018e+43,2.93004179647405,321.81789106621744,4.118038124586775e-16,2.3889315411763127e-16,3.239801784190683e+43,1.8794543506536995e+43,1.723799135139322,False,False,CW-HCG
76775,149.8507196,2.135868861,0.979,3.617710513771457,8.32492613046548e-16,2.248727008900966e-16,6.154241987502885e+42,1.662382339461827e+42,1.32027418642774,0.14152069052028185,13.542585644485813,0.2069551339350967,311.3406130527979,472.70673604656696,300.0,5.992560921453648e+42,1.6564511999072067e+42,3.7020616986915504,469.53349289652044,1.589385484544892e-15,3.378931316040361e-16,1.1749609221778008e+43,2.497891350887128e+42,4.703811163606105,False,False,CW-HCG
76817,150.3535305,1.926850553,1.66,2.0017839742908157,3.2009234047177685e-16,1.5451578768904368e-16,1.0058125733318544e+43,4.85528400357392e+42,1.3726857440182525,0.2629469639841278,13.41833268127497,0.24026314722143427,220.47279733907996,334.74263249921404,232.36474077074635,1.2379291225561202e+43,6.184129448806727e+42,2.0715833977816485,352.79810463859775,6.33214698213152e-16,2.4867565367940535e-16,1.9897236658103673e+43,7.814029501100087e+42,2.546347778096112,False,True,CW-HCG
77058,150.0419992,2.440844347,1.646,2.5984894827274854,2.111977602436915e-16,1.2020956423438317e-16,6.482848040774065e+42,3.689908155654566e+42,1.1896696940929357,0.26870489141812925,13.278968648848553,0.27985020802408644,199.04582395403426,302.2101769583625,240.04291299955875,1.3590996124571928e+43,5.230344865704917e+42,1.7569131174279995,364.4558311956846,6.476743908349606e-16,2.1751744487600199e-16,1.9880772650425764e+43,6.676834734049652e+42,2.977574470885192,True,False,CW-HCG
77975,150.0252135,2.151222955,1.668,2.882649081902959,3.1804380991415487e-16,1.289594012040628e-16,1.0127442584928864e+43,4.10644348598852e+42,1.3739747473930166,0.22107736040637258,13.417510443311564,0.22408632486553962,219.74109282610905,333.63168957183444,245.94662046143503,1.5808742892414764e+43,5.484102449951607e+42,2.4662320617547584,373.41939768164144,6.216092217408803e-16,2.204435977071497e-16,1.9793850743840248e+43,7.01956714578696e+42,2.819810728033312,True,False,CW-HCG
79040,149.8399006,2.321944314,0.366,2.70954737250386,1.5623118996359847e-16,1.2489843398337657e-16,8.95184646449148e+40,7.156519802064621e+40,0.3676111757230491,0.11662117627173396,12.431722508014293,0.5928961204435395,169.99668678751374,258.10503217718264,240.2763152566535,3.514529511870769e+41,1.2970910003404128e+41,1.2508658834296689,364.810204555637,6.356092133058243e-16,2.638387376825958e-16,3.641959131371708e+41,1.5117620698339075e+41,2.409082225334466,False,False,CW-HCG
79490,149.974356,2.555140188,1.004,2.7441056548723335,4.1259601453922967e-16,1.4075483824388823e-16,3.265817708022334e+42,1.1141155683242866e+42,1.0651935995301278,0.14420034879131544,13.32244281925851,0.2583441982070055,260.3634260917608,395.3083541750024,263.5301635067455,3.425660546391939e+42,1.2483704992588245e+42,2.9313096422612324,400.11639413058674,6.171775774366414e-16,2.186970160202265e-16,4.8851404045621645e+42,1.7310506220185297e+42,2.822066750922477,False,False,CW-HCG
80792,150.4689011,2.48170786,1.76,3.3146545719497467,6.529860130111058e-16,1.6977711963108313e-16,2.4121199430866674e+43,6.271539787713362e+42,1.8038263019145993,0.18610989189617316,13.668543464064767,0.17446136983958546,258.411109572305,392.34416276870746,257.10997116302474,2.3644701481780614e+43,7.133383273742555e+42,3.8461367140048703,390.36865149645524,1.2483893514564852e-15,2.794738476015004e-16,4.611530402465151e+43,1.0323719466243418e+43,4.466927271264945,True,False,CW-HCG
81060,150.4563055,2.393148527,1.041,4.273718050186815,8.063026212049482e-16,1.8450320162124416e-16,7.040875467038537e+42,1.6111370988026133e+42,1.3639228517386237,0.12384974025411127,13.559072050205856,0.19614668657269635,307.7266542003104,467.219682248429,300.00000000000006,6.858225239323167e+42,1.6047444306774932e+42,4.370128074309299,464.1230689310793,1.390961885907435e-15,2.981696177883444e-16,1.2146294902819067e+43,2.603706216116326e+42,4.665002075747399,False,False,CW-HCG
82277,150.4416589,2.486489457,1.104,3.378353785781864,5.495456864904854e-16,1.5990199313507043e-16,5.630882004606714e+42,1.6384247529902198e+42,1.2514160676651396,0.14449448114277655,13.45741765444819,0.21920813795366395,277.7606873246083,421.72251997525484,299.99999999999994,5.516681648714668e+42,1.6329496549272512e+42,3.436765707018299,419.5420263302254,9.039856971847204e-16,2.3770366177372577e-16,9.262627147902152e+42,2.4356141889832973e+42,3.802994410936926,False,False,CW-HCG
84978,150.3806454,2.439578017,0.753,8.626305084429314,3.1573458513722818e-15,2.950996863474108e-16,1.1539360852863818e+43,1.0785203549524579e+42,1.7003455654319186,0.06306425123301662,13.853691679176844,0.15750715542091492,432.82644698972615,657.1580078325643,379.5801466735934,6.868226346676496e+42,7.961956225121006e+41,10.699251803525287,576.31444366599,8.64865989787186e-15,5.50515875050518e-16,3.1608829742823235e+43,2.0120068046004452e+42,15.710100816035897,False,False,CW-HCG
88950,150.4709968,2.324665686,1.69,4.191980354837273,7.79319991758877e-16,1.858278191177021e-16,2.5731213673369266e+43,6.135573796050179e+42,1.8641578559954515,0.17639125793324623,13.716421537126239,0.17068227372272776,274.37481930127944,416.58177522532145,300.0,2.5728773276065316e+43,6.137617807864005e+42,4.193774621362053,416.57177899077425,1.169242800478861e-15,2.672872522152563e-16,3.8605497938360227e+43,8.825162284617039e+42,4.374480229746334,False,False,CW-HCG
90101,149.8131118,2.162180342,1.766,2.671285343988556,3.298827114634808e-16,1.7093069633615477e-16,1.2301105374766167e+43,6.373891187219632e+42,1.4418873859700674,0.29647720518699006,13.444314509467409,0.24254037163093553,217.1267060062044,329.6622804790647,254.33848376468913,2.298693313509657e+43,8.605195692338229e+42,1.9299208306899347,386.1607174617161,9.315695596215055e-16,3.2838944093992723e-16,3.4737604968720047e+43,1.2245422317046125e+43,2.836782927475183,True,False,CW-HCG
90638,150.2035694,2.377198366,1.229,2.328617357179342,2.305008559391989e-16,1.0660477000242901e-16,3.166100640013303e+42,1.4642957795444902e+42,1.0101387061720337,0.1853892582783273,13.213166647858488,0.2889442478643604,219.59001800777378,333.402313508192,239.65975182140355,4.473559492030079e+42,1.921122625938385e+42,2.1622002086205607,363.8740796916661,4.423831858626509e-16,1.7518182679094392e-16,6.076461981817189e+42,2.4062526434513978e+42,2.525280127319234,False,False,CW-HCG
90732,149.851339,2.001010115,1.015,2.54125902025659,1.5814479965565532e-15,5.537111608881254e-16,1.2893117130029892e+43,4.514257104299371e+42,1.6748380826502263,0.2327022854459687,13.770137737241884,0.19362701963871037,365.54154105435777,554.9997061640488,349.1932129011485,1.0760108377820726e+43,4.2341643618580364e+42,2.8560883512262754,530.178129674729,3.096753400989726e-15,7.344488762387148e-16,2.5246991623319666e+43,5.987762738947547e+42,4.2164315327826865,False,False,CW-HCG
91367,149.9283256,2.361910571,1.533,2.4188219018432333,1.6270249942835057e-16,1.1037542333048379e-16,4.1037805007748935e+42,2.783955450099784e+42,1.0423698822495036,0.2806076272339175,13.172684456354107,0.32644723043682483,190.70744865355474,289.5500677179642,238.26018596608245,9.893127614122192e+42,4.090060374673827e+42,1.474082676368906,361.7491265708252,6.321433341629265e-16,2.0972533408222368e-16,1.5944300164700577e+43,5.289818776902947e+42,3.014148657477366,True,False,CW-HCG
92705,149.934471,2.544000487,3.472,3.2669520681213737,2.4039173095565976e-16,1.5075479679410651e-16,5.841641951214121e+43,3.6634186284121793e+43,1.9261809670935435,0.4793449556114927,13.435510598042859,0.256436880904437,136.7135172606659,207.57137941003555,195.51289924268949,2.4022695136919093e+44,7.353243829724473e+43,1.5945876089367486,296.8461568498942,1.052327545190972e-15,3.035382707715401e-16,2.557209730121552e+44,7.376135149445217e+43,3.4668694083159375,True,False,CW-HCG
93013,150.3868709,2.423211282,1.334,6.3645251447981535,1.888303768204521e-15,2.5038510365965394e-16,3.24782527461265e+43,4.306547928067548e+42,2.1419156803253636,0.11270377349314678,13.935994359181747,0.16317068927809647,367.8425025777515,558.4932433573725,337.23783966344905,2.3039846109069117e+43,3.620041650381415e+42,7.541597885037419,512.026352410601,6.086506129959485e-15,4.729699740477031e-16,1.0468606151097926e+44,8.134940266023144e+42,12.86869455553559,False,False,CW-HCG
96638,150.1793714,2.088249081,2.47,2.2546642289041348,2.720727829891537e-16,1.256820164395773e-16,2.5713695286556947e+43,1.1878251981772713e+43,1.6576011197922278,0.3038558007173491,13.445511670101665,0.2181827799108751,175.97474103383803,267.1814789760141,200.99101791361898,4.348422614737717e+43,1.928634232535476e+43,2.1647709886955466,305.1635542212795,4.572536686467241e-16,2.0709887704573381e-16,4.321520651593756e+43,1.9572988374785055e+43,2.207900280143713,True,False,CW-HCG
98083,150.3232837,2.066516587,1.98,2.656382532008204,3.87184899834645e-16,1.718867454555714e-16,1.9818213240567526e+43,8.798091496131367e+42,1.6323470643216906,0.2875649421172109,13.523324126802843,0.21499048605024232,215.48335394397907,327.16718810453347,242.93320538299673,3.1833708834710364e+43,1.1983857163314627e+43,2.252558210980398,368.8441461842067,6.374973822995779e-16,3.123407906549238e-16,3.2630557307664274e+43,1.598728771594739e+43,2.0410314674649377,False,False,CW-HCG
99475,150.4958784,2.422980655,2.374,2.1540706734103576,1.5349436934644953e-16,1.3840127942079762e-16,1.2995864647212201e+43,1.1717982242684043e+43,1.33993740233629,0.47943708618565256,13.251067784024437,0.34968406743189273,155.6655777959561,236.34618841792664,220.0530330134209,5.105211748599104e+43,2.370029828462617e+43,1.109053109832624,334.1053066381725,5.71302482436702e-16,3.196743440009778e-16,4.837030678047763e+43,2.7065777875187937e+43,1.787138984275055,True,False,CW-HCG
99654,149.9991319,2.46433419,2.159,4.446614838767744,1.2598030421259627e-15,2.6869905567111566e-16,8.196958418335752e+43,1.7483010540007866e+43,2.542677002953257,0.2152058842068706,13.929157406878922,0.1924256040440866,278.6979096176069,423.1454994148126,300.0,7.676251979385627e+43,1.7263136695493257e+43,4.688527985256287,416.177251893158,2.1456989184328465e-15,3.9471922391341453e-16,1.3961075044700092e+44,2.568256272723394e+43,5.436013217596734,True,False,CW-HCG
100341,149.9880538,2.325538408,0.666,4.964838815578145,8.741818008063756e-16,1.7659052187115049e-16,2.3092149354627266e+42,4.6647673308900115e+41,1.0157358723284327,0.08142277110784453,13.363987909253833,0.25291141611851914,307.9465527220034,467.5535529613814,300.00000000000006,2.3184355750372755e+42,4.669709654546558e+41,4.950332506770796,468.0251834749674,2.0522424294938964e-15,3.158619577561061e-16,5.421147940858682e+42,8.34372380804633e+41,6.497276354750332,False,False,CW-HCG
100548,150.1915901,2.564383781,2.218,2.7103183627255483,3.936652508540797e-17,8.705305444893404e-17,2.7602684255269948e+42,6.103911813901589e+42,0.8201706259436002,0.7197150814590713,12.791506290662717,0.7880603434825085,114.3893512820905,173.67672130160355,220.28156925404883,3.6797906747457675e+43,1.357696839365136e+43,0.4522130249720377,334.4522919521547,8.617856698748039e-16,2.395221452509768e-16,6.042595248034197e+43,1.6794609463658995e+43,3.5979373388285456,True,False,CW-HCG
101670,149.9236366,2.595082451,1.34,6.791697481561996,1.8999093514135274e-15,2.6504681409135325e-16,3.308328532612514e+43,4.6152830232878506e+42,2.1527053855219154,0.11917187282156741,13.939564807676138,0.16420487765130382,368.0436822068041,558.7986932788461,348.7920645842505,2.675372370242023e+43,3.939180709248442e+42,7.168202937759849,529.5690683971395,3.560123911095918e-15,4.292305275008563e-16,6.19927445799024e+43,7.474228179059704e+42,8.29420016284563,False,False,CW-HCG
102675,150.4222687,2.430463654,1.519,27.051800614002694,7.517661638263605e-14,1.5660594543431186e-15,1.848764525595072e+45,3.851297522391645e+43,7.902801231050657,0.06532899678584947,15.192436747269328,0.47518263503190916,903.1071620308145,1371.182624322349,645.3062254829052,4.896790389700167e+44,1.8101532166274596e+43,48.003679665002736,979.7648838920499,1.1803692772233534e-13,2.1860702642459227e-15,2.9027973748188954e+45,5.376045570374462e+43,53.99502918679136,True,False,CW-HCG
104844,150.29423,2.269026706,1.124,4.736726385486724,8.93564874027077e-16,1.859418879440296e-16,9.615218106112601e+42,2.0008304484784587e+42,1.4883186577830663,0.12289848612679817,13.624983676249762,0.18116962908586728,313.4629157580183,475.9290165413941,300.0,9.452140399602821e+42,1.99550061168069e+42,4.805613645786199,473.87375106817797,2.4346553275137822e-15,3.4050966814793775e-16,2.619814483278878e+43,3.6640593443730563e+42,7.150032892622663,False,False,CW-HCG
108874,150.336266,1.924138668,1.61,2.8778921734391627,7.509044736122029e-16,2.673004093280588e-16,2.1683441213075848e+43,7.718681823820583e+42,1.7852157550409278,0.25217678423229084,13.690977294742465,0.19221520753214982,276.4407135585866,419.7184110847215,299.99999999999994,2.2329345204974784e+43,7.75892349652926e+42,2.809215576960135,422.84695614100116,7.776151399145846e-16,3.77447429371069e-16,2.245474992527949e+43,1.0899334646953913e+43,2.0601945579820344,False,False,CW-HCG
109246,150.3787051,2.472893918,3.21,4.038007518775055,6.402631889666719e-16,1.9395343175856346e-16,1.2517994848159536e+44,3.79204692909956e+43,2.5526051804907244,0.30684711220821215,13.754124060833853,0.20563631881856811,185.1633035139987,281.1324227233373,218.24119961280573,2.3970458898625618e+44,5.936209575433666e+43,3.3011181249099133,331.3544099765805,1.514896331986756e-15,3.556008945264923e-16,2.9618233261092745e+44,6.95246930073824e+43,4.260102703070945,False,False,CW-HCG
109884,150.0353957,2.368674771,1.267,6.587725576544983,2.87001200164385e-15,3.380269532276243e-16,4.2852686890405934e+43,5.04714376765133e+42,2.3767421800783133,0.11108339667570588,14.055681963779778,0.17324508425361484,413.32272642141174,627.5456164384202,357.7809632211025,2.4224923772041894e+43,3.6772818616325795e+42,8.490482709262565,543.216863632126,5.61463868284732e-15,5.471506588044733e-16,8.38332220705029e+43,8.169608994735148e+42,10.261595398816354,False,False,CW-HCG
113354,150.0250405,2.218806733,2.17,2.5693360661909495,1.3220857506634803e-16,1.3035978276714329e-16,8.724299852239282e+42,8.602300062326422e+42,1.209011613074795,0.47305750325595575,13.18698210497709,0.38386802616199195,157.15537911391303,238.60814554412352,238.65836003350327,4.548979590746499e+43,1.7704883571304783e+43,1.0141822290583835,362.3536720618337,1.1405521883303027e-15,3.591596091201566e-16,7.526379649071661e+43,2.370055136896238e+43,3.1756137365344212,True,False,CW-HCG
113836,150.0890857,2.411255145,2.295,6.583897453478075,1.7789466225332813e-15,2.624661529615722e-16,1.3711958463925355e+44,2.0230651903823644e+43,2.9562958498656284,0.1730843260690609,14.053392711474956,0.21373442584388175,294.6819915070022,447.4140428102602,300.0,1.3295173640326891e+44,2.0193470105314976e+43,6.777813453126424,443.93360925375146,4.6528891487420295e-15,4.95090448285953e-16,3.586404557431072e+44,3.816112061370277e+43,9.398058808952474,True,False,CW-HCG
119918,150.0139035,2.341389197,1.33,2.1346570153434627,1.0952215303325509e-16,1.012838556164253e-16,1.868271004336618e+42,1.7277389588764552e+42,0.832666016138046,0.30556847864819714,12.996396198631471,0.42447078863898313,179.10116639556202,271.9283133634158,240.16119556581654,5.956822604000025e+42,2.790529139427854e+42,1.0813387026657957,364.63541896381633,7.086948500372774e-16,2.3806612654918067e-16,1.2089189287990954e+43,4.061023537507672e+42,2.9768823490765386,False,False,CW-HCG
128451,150.1895263,1.780903653,3.116,10.338030833928917,4.261814090557256e-15,3.9737714990207217e-16,7.673315851245983e+44,7.154700600438022e+43,4.703874618878855,0.17404581541784697,14.37691502294693,0.326844066174098,305.26119221905117,463.47638491699377,300.0,7.34832480634947e+44,7.108050773298745e+43,10.724859473191948,458.4294865119569,1.0149069596198369e-14,7.423295029765264e-16,1.827320829889245e+45,1.3365502626353492e+44,13.671920024064164,True,False,CW-HCG
132832,150.2429571,1.791044436,1.919,2.316455156812559,1.695767926007661e-16,1.1941142069733698e-16,7.958980958392741e+42,5.604500527275784e+42,1.2182213758806657,0.3404122057135353,13.244450352372855,0.30813422528569917,177.31114019065265,269.2105264468177,228.33916227229048,2.162842918639479e+43,9.336865046917418e+42,1.420105309948363,346.68609100168226,7.656144558994043e-16,2.5712666725594424e-16,3.5933636805594643e+43,1.2068079701230304e+43,2.9775770209680763,True,False,CW-HCG
135557,150.0608949,2.390586708,1.008,4.118321276471281,9.09780978146534e-16,2.0144492177084487e-16,7.279251219767684e+42,1.611781547140951e+42,1.3878869362795745,0.12194753289107299,13.58484674180946,0.1925075518527139,317.9550620402959,482.74941747180225,300.0,6.536908324209076e+42,1.5872749805984347e+42,4.516276559115557,469.789209205714,2.344723094407604e-15,3.691563592837818e-16,1.8760370743028413e+43,2.9536580156643534e+42,6.351571726833353,False,False,CW-HCG
141320,150.3869319,1.957564726,2.9,3.648100349269398,6.989706789429142e-16,2.3438138187387713e-16,1.031142919363765e+44,3.457665816761413e+43,2.4835326715067088,0.3304711025257519,13.775068952569617,0.2072348899463095,202.6285187759614,307.6497627512925,234.87137580389503,1.848396917374483e+44,5.066738138781351e+43,2.982193693691238,356.60391478768594,1.2749209079120286e-15,3.979941576950887e-16,1.88080230909039e+44,5.871331516739536e+43,3.2033658868147787,False,False,CW-HCG
144660,150.533112,2.413029655,1.874,3.763461607188961,6.693984869162956e-16,1.9011648840670347e-16,2.941924340726912e+43,8.355386750181661e+42,1.8914863246539213,0.21317571216660502,13.691731187861906,0.17811750549571737,253.52610092359865,384.9272810736179,266.7001245703403,3.5941000338812494e+43,9.549984586041222e+42,3.520991222414629,404.92932853408035,1.231516891118903e-15,3.005174648136811e-16,5.412365861012283e+43,1.320737440895147e+43,4.097987755495128,False,False,CW-HCG
146800,150.0014516,2.443144173,0.983,3.3247965056730853,5.72853760497321e-16,1.6898930038401509e-16,4.2818669145457893e+42,1.2631316125050351e+42,1.1699276726706904,0.13695374496825086,13.421203707143734,0.2325007186833307,283.1978084639406,429.9776710204791,300.0,4.159741418670771e+42,1.2511266213054012e+42,3.389881839829831,426.84135996405695,1.8096956915138038e-15,2.9783866911662095e-16,1.3526796263258984e+43,2.226232297149726e+42,6.076093802330294,False,False,CW-HCG
152191,150.2900463,2.096023792,1.79,3.512946336037789,5.70797760232986e-16,1.771325215523623e-16,2.209477362460946e+43,6.856549268270115e+42,1.7436610106156172,0.21472250272688786,13.628374690441708,0.18416969021017895,248.1190787316098,376.7178290941778,264.1468023824584,2.829703492752076e+43,8.055071788952133e+42,3.222433437014286,401.0526335353966,7.010803197183475e-16,2.660407196953597e-16,2.7137827153566575e+43,1.0298059814036146e+43,2.6352368935144472,False,False,CW-HCG
153431,150.2675654,1.78426249,3.477,2.5794006877314395,1.6049916409626029e-16,1.3237657758906365e-16,3.9157933846618017e+43,3.229669947044311e+43,1.686320751567846,0.5519223963359462,13.302410669948797,0.3129698689051377,123.30225396388961,187.20913229707966,181.37281280517348,1.8000103257477635e+44,6.978405233080933e+43,1.2124438251795382,275.3773415811294,5.436976206131046e-16,2.446694691082003e-16,1.3264913608997196e+44,5.969346282626087e+43,2.2221719064288523,False,False,CW-HCG
156907,150.1879359,1.779483753,0.764,12.13743588315495,6.4702635430208e-15,4.2732129798716615e-16,2.457718551441584e+43,1.6231726490059285e+42,2.179231466704586,0.057113054670172046,14.097789354743922,0.16025725886068393,519.6836836004067,789.032871242358,431.3338067002221,1.1767065795606976e+43,9.694853104796216e+41,15.141448772850826,654.8917403115216,1.2286851635099726e-14,6.927563505179253e-16,4.66713959974132e+43,2.6314231607047854e+42,17.736180441960162,False,False,CW-HCG
162872,150.1212912,2.424110782,1.401,2.786655924311566,4.456676088842093e-16,1.4288362657283142e-16,8.771031071793552e+42,2.812043557436232e+42,1.3718619735059692,0.17453449399797882,13.476608629455363,0.2088234996371889,252.33262936817476,383.11523979189417,254.05807500084555,9.010494656874348e+42,3.233443561605246e+42,3.1190950256084187,385.7349743817637,1.0318638799169062e-15,2.6463810471221703e-16,2.0307758455391992e+43,5.2082516048737076e+42,3.899150808380431,False,False,CW-HCG
167414,149.9330916,2.484721893,2.605,3.939060543971615,4.732187803552396e-16,1.7672832068194234e-16,5.184002317979368e+43,1.9360178887660372e+43,2.0533594050019897,0.3043046647355542,13.634942334340597,0.19730665463829347,196.24337435420983,297.95523318383044,239.93850793214034,1.1474771465407793e+44,2.9130731394745687e+43,2.677662405941664,364.2973135575193,1.873553070599287e-15,3.7746362623248957e-16,2.052434067293992e+44,4.13502674571199e+43,4.963532749630602,True,False,CW-HCG
172668,149.8704114,2.418892005,0.414,2.9085150054182773,3.469516521798149e-16,1.3486714105414497e-16,2.701381397120794e+41,1.0500817149523559e+41,0.5249738175269592,0.08097935151577963,12.773931854870163,0.44436996249475996,216.8823528566859,329.29128043952926,240.46132091163688,4.062038698846905e+41,1.3966022837357645e+41,2.5725439826779195,365.09109762146556,8.664199625989339e-16,2.4419837856270835e-16,6.745985368145258e+41,1.901339719559751e+41,3.548016852931084,False,False,CW-HCG
178481,150.4012453,2.373608219,2.914,2.812698093093178,2.21627549073569e-16,1.3346999455242747e-16,3.313487166651798e+43,1.9954699491611894e+43,1.7024257198841202,0.40684363894294795,13.396894853701715,0.2515065864574036,151.05707487934885,229.34912385121345,202.6230137833482,1.05785562552511e+44,3.7609995474550413e+43,1.66050466860934,307.6414045513628,9.891241800093427e-16,2.7632336686108647e-16,1.4788099631052607e+44,4.1312279712857194e+43,3.5795893457920847,True,False,CW-HCG
215642,150.2615051,1.792715156,2.173,2.1634825129209134,3.0436344213276173e-16,1.490279134366109e-16,2.016171290706358e+43,9.871941205531038e+42,1.5947849978669824,0.30986800400706704,13.462089160800339,0.2270189145345853,193.93089865891386,294.4442140867973,214.6447350213695,3.011132854746392e+43,1.3917990262288133e+43,2.0423250592059246,325.8939176185322,3.7997209046581508e-16,2.1925050678934148e-16,2.517019832272404e+43,1.452364233246749e+43,1.7330499985156103,False,False,CW-HCG
230063,150.2042298,2.060657993,3.75,3.0387757098489905,2.1323600430885243e-16,1.574507154667093e-16,6.413962386521711e+43,4.735987105027932e+43,1.9293524057944529,0.5653210053525237,13.398715990709862,0.2868407084070502,125.29237148654626,190.23071675809754,194.4061878077785,3.6409868862412025e+44,1.1981755923743838e+44,1.3543031778343244,295.1658429807445,1.1072107087915722e-15,3.7656729222902403e-16,3.330398101934592e+44,1.1326832240079727e+44,2.9402731773055293,False,False,CW-HCG
